Started at Sun Mar 02 22:39:07 GMT+08:00 2025
Checking 12_app
Checking 18test_app
Checking cafer-6601-embeded
Checking caffer_app
Checking caffer_semantic_map
Deleting /home/indemind/.jenkins/workspace/caffer_semantic_map on cloud-test
ERROR: Failed to delete /home/indemind/.jenkins/workspace/caffer_semantic_map on cloud-test
Also:   java.nio.file.FileSystemException: /home/indemind/.jenkins/workspace/caffer_semantic_map/SemanticMap/.git/modules/submodules/abby_msg/hooks/pre-rebase.sample: Operation not permitted
		at java.base/sun.nio.fs.UnixException.translateToIOException(UnixException.java:100)
		at java.base/sun.nio.fs.UnixException.rethrowAsIOException(UnixException.java:111)
		at java.base/sun.nio.fs.UnixException.rethrowAsIOException(UnixException.java:116)
		at java.base/sun.nio.fs.UnixFileAttributeViews$Posix.setMode(UnixFileAttributeViews.java:254)
		at java.base/sun.nio.fs.UnixFileAttributeViews$Posix.setPermissions(UnixFileAttributeViews.java:276)
		at java.base/java.nio.file.Files.setPosixFilePermissions(Files.java:2156)
		at jenkins.util.io.PathRemover.makeWritable(PathRemover.java:283)
		at jenkins.util.io.PathRemover.makeRemovable(PathRemover.java:256)
		at jenkins.util.io.PathRemover.removeOrMakeRemovableThenRemove(PathRemover.java:236)
		at jenkins.util.io.PathRemover.tryRemoveFile(PathRemover.java:202)
		at jenkins.util.io.PathRemover.tryRemoveRecursive(PathRemover.java:213)
		at jenkins.util.io.PathRemover.tryRemoveDirectoryContents(PathRemover.java:223)
		at jenkins.util.io.PathRemover.tryRemoveRecursive(PathRemover.java:212)
		at jenkins.util.io.PathRemover.tryRemoveDirectoryContents(PathRemover.java:223)
		at jenkins.util.io.PathRemover.tryRemoveRecursive(PathRemover.java:212)
		at jenkins.util.io.PathRemover.tryRemoveDirectoryContents(PathRemover.java:223)
		at jenkins.util.io.PathRemover.tryRemoveRecursive(PathRemover.java:212)
		at jenkins.util.io.PathRemover.tryRemoveDirectoryContents(PathRemover.java:223)
		at jenkins.util.io.PathRemover.tryRemoveRecursive(PathRemover.java:212)
		at jenkins.util.io.PathRemover.tryRemoveDirectoryContents(PathRemover.java:223)
		at jenkins.util.io.PathRemover.tryRemoveRecursive(PathRemover.java:212)
		at jenkins.util.io.PathRemover.tryRemoveDirectoryContents(PathRemover.java:223)
		at jenkins.util.io.PathRemover.tryRemoveRecursive(PathRemover.java:212)
		at jenkins.util.io.PathRemover.tryRemoveDirectoryContents(PathRemover.java:223)
		at jenkins.util.io.PathRemover.tryRemoveRecursive(PathRemover.java:212)
		at jenkins.util.io.PathRemover.forceRemoveRecursive(PathRemover.java:93)
Also:   java.nio.file.FileSystemException: /home/indemind/.jenkins/workspace/caffer_semantic_map/SemanticMap/.git/modules/submodules/abby_msg/hooks/pre-receive.sample: Operation not permitted
		at java.base/sun.nio.fs.UnixException.translateToIOException(UnixException.java:100)
		at java.base/sun.nio.fs.UnixException.rethrowAsIOException(UnixException.java:111)
		at java.base/sun.nio.fs.UnixException.rethrowAsIOException(UnixException.java:116)
		at java.base/sun.nio.fs.UnixFileAttributeViews$Posix.setMode(UnixFileAttributeViews.java:254)
		at java.base/sun.nio.fs.UnixFileAttributeViews$Posix.setPermissions(UnixFileAttributeViews.java:276)
		at java.base/java.nio.file.Files.setPosixFilePermissions(Files.java:2156)
		at jenkins.util.io.PathRemover.makeWritable(PathRemover.java:283)
		at jenkins.util.io.PathRemover.makeRemovable(PathRemover.java:256)
		at jenkins.util.io.PathRemover.removeOrMakeRemovableThenRemove(PathRemover.java:236)
		at jenkins.util.io.PathRemover.tryRemoveFile(PathRemover.java:202)
		at jenkins.util.io.PathRemover.tryRemoveRecursive(PathRemover.java:213)
		at jenkins.util.io.PathRemover.tryRemoveDirectoryContents(PathRemover.java:223)
		at jenkins.util.io.PathRemover.tryRemoveRecursive(PathRemover.java:212)
		at jenkins.util.io.PathRemover.tryRemoveDirectoryContents(PathRemover.java:223)
		at jenkins.util.io.PathRemover.tryRemoveRecursive(PathRemover.java:212)
		at jenkins.util.io.PathRemover.tryRemoveDirectoryContents(PathRemover.java:223)
		at jenkins.util.io.PathRemover.tryRemoveRecursive(PathRemover.java:212)
		at jenkins.util.io.PathRemover.tryRemoveDirectoryContents(PathRemover.java:223)
		at jenkins.util.io.PathRemover.tryRemoveRecursive(PathRemover.java:212)
		at jenkins.util.io.PathRemover.tryRemoveDirectoryContents(PathRemover.java:223)
		at jenkins.util.io.PathRemover.tryRemoveRecursive(PathRemover.java:212)
		at jenkins.util.io.PathRemover.tryRemoveDirectoryContents(PathRemover.java:223)
		at jenkins.util.io.PathRemover.tryRemoveRecursive(PathRemover.java:212)
		at jenkins.util.io.PathRemover.tryRemoveDirectoryContents(PathRemover.java:223)
		at jenkins.util.io.PathRemover.tryRemoveRecursive(PathRemover.java:212)
		at jenkins.util.io.PathRemover.forceRemoveRecursive(PathRemover.java:93)
Also:   java.nio.file.FileSystemException: /home/indemind/.jenkins/workspace/caffer_semantic_map/SemanticMap/.git/modules/submodules/abby_msg/hooks/prepare-commit-msg.sample: Operation not permitted
		at java.base/sun.nio.fs.UnixException.translateToIOException(UnixException.java:100)
		at java.base/sun.nio.fs.UnixException.rethrowAsIOException(UnixException.java:111)
		at java.base/sun.nio.fs.UnixException.rethrowAsIOException(UnixException.java:116)
		at java.base/sun.nio.fs.UnixFileAttributeViews$Posix.setMode(UnixFileAttributeViews.java:254)
		at java.base/sun.nio.fs.UnixFileAttributeViews$Posix.setPermissions(UnixFileAttributeViews.java:276)
		at java.base/java.nio.file.Files.setPosixFilePermissions(Files.java:2156)
		at jenkins.util.io.PathRemover.makeWritable(PathRemover.java:283)
		at jenkins.util.io.PathRemover.makeRemovable(PathRemover.java:256)
		at jenkins.util.io.PathRemover.removeOrMakeRemovableThenRemove(PathRemover.java:236)
		at jenkins.util.io.PathRemover.tryRemoveFile(PathRemover.java:202)
		at jenkins.util.io.PathRemover.tryRemoveRecursive(PathRemover.java:213)
		at jenkins.util.io.PathRemover.tryRemoveDirectoryContents(PathRemover.java:223)
		at jenkins.util.io.PathRemover.tryRemoveRecursive(PathRemover.java:212)
		at jenkins.util.io.PathRemover.tryRemoveDirectoryContents(PathRemover.java:223)
		at jenkins.util.io.PathRemover.tryRemoveRecursive(PathRemover.java:212)
		at jenkins.util.io.PathRemover.tryRemoveDirectoryContents(PathRemover.java:223)
		at jenkins.util.io.PathRemover.tryRemoveRecursive(PathRemover.java:212)
		at jenkins.util.io.PathRemover.tryRemoveDirectoryContents(PathRemover.java:223)
		at jenkins.util.io.PathRemover.tryRemoveRecursive(PathRemover.java:212)
		at jenkins.util.io.PathRemover.tryRemoveDirectoryContents(PathRemover.java:223)
		at jenkins.util.io.PathRemover.tryRemoveRecursive(PathRemover.java:212)
		at jenkins.util.io.PathRemover.tryRemoveDirectoryContents(PathRemover.java:223)
		at jenkins.util.io.PathRemover.tryRemoveRecursive(PathRemover.java:212)
		at jenkins.util.io.PathRemover.tryRemoveDirectoryContents(PathRemover.java:223)
		at jenkins.util.io.PathRemover.tryRemoveRecursive(PathRemover.java:212)
		at jenkins.util.io.PathRemover.forceRemoveRecursive(PathRemover.java:93)
Also:   java.nio.file.FileSystemException: /home/indemind/.jenkins/workspace/caffer_semantic_map/SemanticMap/.git/modules/submodules/abby_msg/hooks/pre-applypatch.sample: Operation not permitted
		at java.base/sun.nio.fs.UnixException.translateToIOException(UnixException.java:100)
		at java.base/sun.nio.fs.UnixException.rethrowAsIOException(UnixException.java:111)
		at java.base/sun.nio.fs.UnixException.rethrowAsIOException(UnixException.java:116)
		at java.base/sun.nio.fs.UnixFileAttributeViews$Posix.setMode(UnixFileAttributeViews.java:254)
		at java.base/sun.nio.fs.UnixFileAttributeViews$Posix.setPermissions(UnixFileAttributeViews.java:276)
		at java.base/java.nio.file.Files.setPosixFilePermissions(Files.java:2156)
		at jenkins.util.io.PathRemover.makeWritable(PathRemover.java:283)
		at jenkins.util.io.PathRemover.makeRemovable(PathRemover.java:256)
		at jenkins.util.io.PathRemover.removeOrMakeRemovableThenRemove(PathRemover.java:236)
		at jenkins.util.io.PathRemover.tryRemoveFile(PathRemover.java:202)
		at jenkins.util.io.PathRemover.tryRemoveRecursive(PathRemover.java:213)
		at jenkins.util.io.PathRemover.tryRemoveDirectoryContents(PathRemover.java:223)
		at jenkins.util.io.PathRemover.tryRemoveRecursive(PathRemover.java:212)
		at jenkins.util.io.PathRemover.tryRemoveDirectoryContents(PathRemover.java:223)
		at jenkins.util.io.PathRemover.tryRemoveRecursive(PathRemover.java:212)
		at jenkins.util.io.PathRemover.tryRemoveDirectoryContents(PathRemover.java:223)
		at jenkins.util.io.PathRemover.tryRemoveRecursive(PathRemover.java:212)
		at jenkins.util.io.PathRemover.tryRemoveDirectoryContents(PathRemover.java:223)
		at jenkins.util.io.PathRemover.tryRemoveRecursive(PathRemover.java:212)
		at jenkins.util.io.PathRemover.tryRemoveDirectoryContents(PathRemover.java:223)
		at jenkins.util.io.PathRemover.tryRemoveRecursive(PathRemover.java:212)
		at jenkins.util.io.PathRemover.tryRemoveDirectoryContents(PathRemover.java:223)
		at jenkins.util.io.PathRemover.tryRemoveRecursive(PathRemover.java:212)
		at jenkins.util.io.PathRemover.tryRemoveDirectoryContents(PathRemover.java:223)
		at jenkins.util.io.PathRemover.tryRemoveRecursive(PathRemover.java:212)
		at jenkins.util.io.PathRemover.forceRemoveRecursive(PathRemover.java:93)
Also:   java.nio.file.FileSystemException: /home/indemind/.jenkins/workspace/caffer_semantic_map/SemanticMap/.git/modules/submodules/abby_msg/hooks/applypatch-msg.sample: Operation not permitted
		at java.base/sun.nio.fs.UnixException.translateToIOException(UnixException.java:100)
		at java.base/sun.nio.fs.UnixException.rethrowAsIOException(UnixException.java:111)
		at java.base/sun.nio.fs.UnixException.rethrowAsIOException(UnixException.java:116)
		at java.base/sun.nio.fs.UnixFileAttributeViews$Posix.setMode(UnixFileAttributeViews.java:254)
		at java.base/sun.nio.fs.UnixFileAttributeViews$Posix.setPermissions(UnixFileAttributeViews.java:276)
		at java.base/java.nio.file.Files.setPosixFilePermissions(Files.java:2156)
		at jenkins.util.io.PathRemover.makeWritable(PathRemover.java:283)
		at jenkins.util.io.PathRemover.makeRemovable(PathRemover.java:256)
		at jenkins.util.io.PathRemover.removeOrMakeRemovableThenRemove(PathRemover.java:236)
		at jenkins.util.io.PathRemover.tryRemoveFile(PathRemover.java:202)
		at jenkins.util.io.PathRemover.tryRemoveRecursive(PathRemover.java:213)
		at jenkins.util.io.PathRemover.tryRemoveDirectoryContents(PathRemover.java:223)
		at jenkins.util.io.PathRemover.tryRemoveRecursive(PathRemover.java:212)
		at jenkins.util.io.PathRemover.tryRemoveDirectoryContents(PathRemover.java:223)
		at jenkins.util.io.PathRemover.tryRemoveRecursive(PathRemover.java:212)
		at jenkins.util.io.PathRemover.tryRemoveDirectoryContents(PathRemover.java:223)
		at jenkins.util.io.PathRemover.tryRemoveRecursive(PathRemover.java:212)
		at jenkins.util.io.PathRemover.tryRemoveDirectoryContents(PathRemover.java:223)
		at jenkins.util.io.PathRemover.tryRemoveRecursive(PathRemover.java:212)
		at jenkins.util.io.PathRemover.tryRemoveDirectoryContents(PathRemover.java:223)
		at jenkins.util.io.PathRemover.tryRemoveRecursive(PathRemover.java:212)
		at jenkins.util.io.PathRemover.tryRemoveDirectoryContents(PathRemover.java:223)
		at jenkins.util.io.PathRemover.tryRemoveRecursive(PathRemover.java:212)
		at jenkins.util.io.PathRemover.tryRemoveDirectoryContents(PathRemover.java:223)
		at jenkins.util.io.PathRemover.tryRemoveRecursive(PathRemover.java:212)
		at jenkins.util.io.PathRemover.forceRemoveRecursive(PathRemover.java:93)
Also:   java.nio.file.FileSystemException: /home/indemind/.jenkins/workspace/caffer_semantic_map/SemanticMap/.git/modules/submodules/abby_msg/hooks/update.sample: Operation not permitted
		at java.base/sun.nio.fs.UnixException.translateToIOException(UnixException.java:100)
		at java.base/sun.nio.fs.UnixException.rethrowAsIOException(UnixException.java:111)
		at java.base/sun.nio.fs.UnixException.rethrowAsIOException(UnixException.java:116)
		at java.base/sun.nio.fs.UnixFileAttributeViews$Posix.setMode(UnixFileAttributeViews.java:254)
		at java.base/sun.nio.fs.UnixFileAttributeViews$Posix.setPermissions(UnixFileAttributeViews.java:276)
		at java.base/java.nio.file.Files.setPosixFilePermissions(Files.java:2156)
		at jenkins.util.io.PathRemover.makeWritable(PathRemover.java:283)
		at jenkins.util.io.PathRemover.makeRemovable(PathRemover.java:256)
		at jenkins.util.io.PathRemover.removeOrMakeRemovableThenRemove(PathRemover.java:236)
		at jenkins.util.io.PathRemover.tryRemoveFile(PathRemover.java:202)
		at jenkins.util.io.PathRemover.tryRemoveRecursive(PathRemover.java:213)
		at jenkins.util.io.PathRemover.tryRemoveDirectoryContents(PathRemover.java:223)
		at jenkins.util.io.PathRemover.tryRemoveRecursive(PathRemover.java:212)
		at jenkins.util.io.PathRemover.tryRemoveDirectoryContents(PathRemover.java:223)
		at jenkins.util.io.PathRemover.tryRemoveRecursive(PathRemover.java:212)
		at jenkins.util.io.PathRemover.tryRemoveDirectoryContents(PathRemover.java:223)
		at jenkins.util.io.PathRemover.tryRemoveRecursive(PathRemover.java:212)
		at jenkins.util.io.PathRemover.tryRemoveDirectoryContents(PathRemover.java:223)
		at jenkins.util.io.PathRemover.tryRemoveRecursive(PathRemover.java:212)
		at jenkins.util.io.PathRemover.tryRemoveDirectoryContents(PathRemover.java:223)
		at jenkins.util.io.PathRemover.tryRemoveRecursive(PathRemover.java:212)
		at jenkins.util.io.PathRemover.tryRemoveDirectoryContents(PathRemover.java:223)
		at jenkins.util.io.PathRemover.tryRemoveRecursive(PathRemover.java:212)
		at jenkins.util.io.PathRemover.tryRemoveDirectoryContents(PathRemover.java:223)
		at jenkins.util.io.PathRemover.tryRemoveRecursive(PathRemover.java:212)
		at jenkins.util.io.PathRemover.forceRemoveRecursive(PathRemover.java:93)
Also:   java.nio.file.FileSystemException: /home/indemind/.jenkins/workspace/caffer_semantic_map/SemanticMap/.git/modules/submodules/abby_msg/hooks/post-update.sample: Operation not permitted
		at java.base/sun.nio.fs.UnixException.translateToIOException(UnixException.java:100)
		at java.base/sun.nio.fs.UnixException.rethrowAsIOException(UnixException.java:111)
		at java.base/sun.nio.fs.UnixException.rethrowAsIOException(UnixException.java:116)
		at java.base/sun.nio.fs.UnixFileAttributeViews$Posix.setMode(UnixFileAttributeViews.java:254)
		at java.base/sun.nio.fs.UnixFileAttributeViews$Posix.setPermissions(UnixFileAttributeViews.java:276)
		at java.base/java.nio.file.Files.setPosixFilePermissions(Files.java:2156)
		at jenkins.util.io.PathRemover.makeWritable(PathRemover.java:283)
		at jenkins.util.io.PathRemover.makeRemovable(PathRemover.java:256)
		at jenkins.util.io.PathRemover.removeOrMakeRemovableThenRemove(PathRemover.java:236)
		at jenkins.util.io.PathRemover.tryRemoveFile(PathRemover.java:202)
		at jenkins.util.io.PathRemover.tryRemoveRecursive(PathRemover.java:213)
		at jenkins.util.io.PathRemover.tryRemoveDirectoryContents(PathRemover.java:223)
		at jenkins.util.io.PathRemover.tryRemoveRecursive(PathRemover.java:212)
		at jenkins.util.io.PathRemover.tryRemoveDirectoryContents(PathRemover.java:223)
		at jenkins.util.io.PathRemover.tryRemoveRecursive(PathRemover.java:212)
		at jenkins.util.io.PathRemover.tryRemoveDirectoryContents(PathRemover.java:223)
		at jenkins.util.io.PathRemover.tryRemoveRecursive(PathRemover.java:212)
		at jenkins.util.io.PathRemover.tryRemoveDirectoryContents(PathRemover.java:223)
		at jenkins.util.io.PathRemover.tryRemoveRecursive(PathRemover.java:212)
		at jenkins.util.io.PathRemover.tryRemoveDirectoryContents(PathRemover.java:223)
		at jenkins.util.io.PathRemover.tryRemoveRecursive(PathRemover.java:212)
		at jenkins.util.io.PathRemover.tryRemoveDirectoryContents(PathRemover.java:223)
		at jenkins.util.io.PathRemover.tryRemoveRecursive(PathRemover.java:212)
		at jenkins.util.io.PathRemover.tryRemoveDirectoryContents(PathRemover.java:223)
		at jenkins.util.io.PathRemover.tryRemoveRecursive(PathRemover.java:212)
		at jenkins.util.io.PathRemover.forceRemoveRecursive(PathRemover.java:93)
Also:   java.nio.file.FileSystemException: /home/indemind/.jenkins/workspace/caffer_semantic_map/SemanticMap/.git/modules/submodules/abby_msg/hooks/fsmonitor-watchman.sample: Operation not permitted
		at java.base/sun.nio.fs.UnixException.translateToIOException(UnixException.java:100)
		at java.base/sun.nio.fs.UnixException.rethrowAsIOException(UnixException.java:111)
		at java.base/sun.nio.fs.UnixException.rethrowAsIOException(UnixException.java:116)
		at java.base/sun.nio.fs.UnixFileAttributeViews$Posix.setMode(UnixFileAttributeViews.java:254)
		at java.base/sun.nio.fs.UnixFileAttributeViews$Posix.setPermissions(UnixFileAttributeViews.java:276)
		at java.base/java.nio.file.Files.setPosixFilePermissions(Files.java:2156)
		at jenkins.util.io.PathRemover.makeWritable(PathRemover.java:283)
		at jenkins.util.io.PathRemover.makeRemovable(PathRemover.java:256)
		at jenkins.util.io.PathRemover.removeOrMakeRemovableThenRemove(PathRemover.java:236)
		at jenkins.util.io.PathRemover.tryRemoveFile(PathRemover.java:202)
		at jenkins.util.io.PathRemover.tryRemoveRecursive(PathRemover.java:213)
		at jenkins.util.io.PathRemover.tryRemoveDirectoryContents(PathRemover.java:223)
		at jenkins.util.io.PathRemover.tryRemoveRecursive(PathRemover.java:212)
		at jenkins.util.io.PathRemover.tryRemoveDirectoryContents(PathRemover.java:223)
		at jenkins.util.io.PathRemover.tryRemoveRecursive(PathRemover.java:212)
		at jenkins.util.io.PathRemover.tryRemoveDirectoryContents(PathRemover.java:223)
		at jenkins.util.io.PathRemover.tryRemoveRecursive(PathRemover.java:212)
		at jenkins.util.io.PathRemover.tryRemoveDirectoryContents(PathRemover.java:223)
		at jenkins.util.io.PathRemover.tryRemoveRecursive(PathRemover.java:212)
		at jenkins.util.io.PathRemover.tryRemoveDirectoryContents(PathRemover.java:223)
		at jenkins.util.io.PathRemover.tryRemoveRecursive(PathRemover.java:212)
		at jenkins.util.io.PathRemover.tryRemoveDirectoryContents(PathRemover.java:223)
		at jenkins.util.io.PathRemover.tryRemoveRecursive(PathRemover.java:212)
		at jenkins.util.io.PathRemover.tryRemoveDirectoryContents(PathRemover.java:223)
		at jenkins.util.io.PathRemover.tryRemoveRecursive(PathRemover.java:212)
		at jenkins.util.io.PathRemover.forceRemoveRecursive(PathRemover.java:93)
Also:   java.nio.file.FileSystemException: /home/indemind/.jenkins/workspace/caffer_semantic_map/SemanticMap/.git/modules/submodules/abby_msg/hooks/pre-push.sample: Operation not permitted
		at java.base/sun.nio.fs.UnixException.translateToIOException(UnixException.java:100)
		at java.base/sun.nio.fs.UnixException.rethrowAsIOException(UnixException.java:111)
		at java.base/sun.nio.fs.UnixException.rethrowAsIOException(UnixException.java:116)
		at java.base/sun.nio.fs.UnixFileAttributeViews$Posix.setMode(UnixFileAttributeViews.java:254)
		at java.base/sun.nio.fs.UnixFileAttributeViews$Posix.setPermissions(UnixFileAttributeViews.java:276)
		at java.base/java.nio.file.Files.setPosixFilePermissions(Files.java:2156)
		at jenkins.util.io.PathRemover.makeWritable(PathRemover.java:283)
		at jenkins.util.io.PathRemover.makeRemovable(PathRemover.java:256)
		at jenkins.util.io.PathRemover.removeOrMakeRemovableThenRemove(PathRemover.java:236)
		at jenkins.util.io.PathRemover.tryRemoveFile(PathRemover.java:202)
		at jenkins.util.io.PathRemover.tryRemoveRecursive(PathRemover.java:213)
		at jenkins.util.io.PathRemover.tryRemoveDirectoryContents(PathRemover.java:223)
		at jenkins.util.io.PathRemover.tryRemoveRecursive(PathRemover.java:212)
		at jenkins.util.io.PathRemover.tryRemoveDirectoryContents(PathRemover.java:223)
		at jenkins.util.io.PathRemover.tryRemoveRecursive(PathRemover.java:212)
		at jenkins.util.io.PathRemover.tryRemoveDirectoryContents(PathRemover.java:223)
		at jenkins.util.io.PathRemover.tryRemoveRecursive(PathRemover.java:212)
		at jenkins.util.io.PathRemover.tryRemoveDirectoryContents(PathRemover.java:223)
		at jenkins.util.io.PathRemover.tryRemoveRecursive(PathRemover.java:212)
		at jenkins.util.io.PathRemover.tryRemoveDirectoryContents(PathRemover.java:223)
		at jenkins.util.io.PathRemover.tryRemoveRecursive(PathRemover.java:212)
		at jenkins.util.io.PathRemover.tryRemoveDirectoryContents(PathRemover.java:223)
		at jenkins.util.io.PathRemover.tryRemoveRecursive(PathRemover.java:212)
		at jenkins.util.io.PathRemover.tryRemoveDirectoryContents(PathRemover.java:223)
		at jenkins.util.io.PathRemover.tryRemoveRecursive(PathRemover.java:212)
		at jenkins.util.io.PathRemover.forceRemoveRecursive(PathRemover.java:93)
Also:   java.nio.file.FileSystemException: /home/indemind/.jenkins/workspace/caffer_semantic_map/SemanticMap/.git/modules/submodules/abby_msg/hooks/commit-msg.sample: Operation not permitted
		at java.base/sun.nio.fs.UnixException.translateToIOException(UnixException.java:100)
		at java.base/sun.nio.fs.UnixException.rethrowAsIOException(UnixException.java:111)
		at java.base/sun.nio.fs.UnixException.rethrowAsIOException(UnixException.java:116)
		at java.base/sun.nio.fs.UnixFileAttributeViews$Posix.setMode(UnixFileAttributeViews.java:254)
		at java.base/sun.nio.fs.UnixFileAttributeViews$Posix.setPermissions(UnixFileAttributeViews.java:276)
		at java.base/java.nio.file.Files.setPosixFilePermissions(Files.java:2156)
		at jenkins.util.io.PathRemover.makeWritable(PathRemover.java:283)
		at jenkins.util.io.PathRemover.makeRemovable(PathRemover.java:256)
		at jenkins.util.io.PathRemover.removeOrMakeRemovableThenRemove(PathRemover.java:236)
		at jenkins.util.io.PathRemover.tryRemoveFile(PathRemover.java:202)
		at jenkins.util.io.PathRemover.tryRemoveRecursive(PathRemover.java:213)
		at jenkins.util.io.PathRemover.tryRemoveDirectoryContents(PathRemover.java:223)
		at jenkins.util.io.PathRemover.tryRemoveRecursive(PathRemover.java:212)
		at jenkins.util.io.PathRemover.tryRemoveDirectoryContents(PathRemover.java:223)
		at jenkins.util.io.PathRemover.tryRemoveRecursive(PathRemover.java:212)
		at jenkins.util.io.PathRemover.tryRemoveDirectoryContents(PathRemover.java:223)
		at jenkins.util.io.PathRemover.tryRemoveRecursive(PathRemover.java:212)
		at jenkins.util.io.PathRemover.tryRemoveDirectoryContents(PathRemover.java:223)
		at jenkins.util.io.PathRemover.tryRemoveRecursive(PathRemover.java:212)
		at jenkins.util.io.PathRemover.tryRemoveDirectoryContents(PathRemover.java:223)
		at jenkins.util.io.PathRemover.tryRemoveRecursive(PathRemover.java:212)
		at jenkins.util.io.PathRemover.tryRemoveDirectoryContents(PathRemover.java:223)
		at jenkins.util.io.PathRemover.tryRemoveRecursive(PathRemover.java:212)
		at jenkins.util.io.PathRemover.tryRemoveDirectoryContents(PathRemover.java:223)
		at jenkins.util.io.PathRemover.tryRemoveRecursive(PathRemover.java:212)
		at jenkins.util.io.PathRemover.forceRemoveRecursive(PathRemover.java:93)
Also:   hudson.remoting.Channel$CallSiteStackTrace: Remote call to cloud-test
		at hudson.remoting.Channel.attachCallSiteStackTrace(Channel.java:1784)
		at hudson.remoting.UserRequest$ExceptionResponse.retrieve(UserRequest.java:356)
		at hudson.remoting.Channel.call(Channel.java:1000)
		at hudson.FilePath.act(FilePath.java:1186)
		at hudson.FilePath.act(FilePath.java:1175)
		at hudson.FilePath.deleteRecursive(FilePath.java:1428)
		at hudson.model.WorkspaceCleanupThread.execute(WorkspaceCleanupThread.java:94)
		at hudson.model.AsyncPeriodicWork.lambda$doRun$0(AsyncPeriodicWork.java:102)
		at java.base/java.lang.Thread.run(Thread.java:829)
jenkins.util.io.CompositeIOException: Unable to delete '/home/indemind/.jenkins/workspace/caffer_semantic_map'. Tried 3 times (of a maximum of 3) waiting 0.1 sec between attempts. (Discarded 1235 additional exceptions)
	at jenkins.util.io.PathRemover.forceRemoveRecursive(PathRemover.java:96)
	at hudson.Util.deleteRecursive(Util.java:320)
	at hudson.FilePath$DeleteRecursive.invoke(FilePath.java:1436)
	at hudson.FilePath$DeleteRecursive.invoke(FilePath.java:1431)
	at hudson.FilePath$FileCallableWrapper.call(FilePath.java:3492)
	at hudson.remoting.UserRequest.perform(UserRequest.java:211)
	at hudson.remoting.UserRequest.perform(UserRequest.java:54)
	at hudson.remoting.Request$2.run(Request.java:377)
	at hudson.remoting.InterceptingExecutorService.lambda$wrap$0(InterceptingExecutorService.java:78)
	at java.base/java.util.concurrent.FutureTask.run(FutureTask.java:264)
	at java.base/java.util.concurrent.ThreadPoolExecutor.runWorker(ThreadPoolExecutor.java:1128)
	at java.base/java.util.concurrent.ThreadPoolExecutor$Worker.run(ThreadPoolExecutor.java:628)
	at java.base/java.lang.Thread.run(Thread.java:835)
Checking calibr_tools
Checking camera-module_app
Checking camera-module_dritdetect-slam-3566
Checking camera-module_embeded
Checking camera-module_sdk-3566
Checking camera-module_x-laster-slam-3566
Deleting /home/indemind/.jenkins/workspace/camera-module_x-laster-slam-3566 on cloud-test
ERROR: Failed to delete /home/indemind/.jenkins/workspace/camera-module_x-laster-slam-3566 on cloud-test
Also:   java.nio.file.FileSystemException: /home/indemind/.jenkins/workspace/camera-module_x-laster-slam-3566/line_laser/.git/modules/submodules/abby_msg/hooks/pre-rebase.sample: Operation not permitted
		at java.base/sun.nio.fs.UnixException.translateToIOException(UnixException.java:100)
		at java.base/sun.nio.fs.UnixException.rethrowAsIOException(UnixException.java:111)
		at java.base/sun.nio.fs.UnixException.rethrowAsIOException(UnixException.java:116)
		at java.base/sun.nio.fs.UnixFileAttributeViews$Posix.setMode(UnixFileAttributeViews.java:254)
		at java.base/sun.nio.fs.UnixFileAttributeViews$Posix.setPermissions(UnixFileAttributeViews.java:276)
		at java.base/java.nio.file.Files.setPosixFilePermissions(Files.java:2156)
		at jenkins.util.io.PathRemover.makeWritable(PathRemover.java:283)
		at jenkins.util.io.PathRemover.makeRemovable(PathRemover.java:256)
		at jenkins.util.io.PathRemover.removeOrMakeRemovableThenRemove(PathRemover.java:236)
		at jenkins.util.io.PathRemover.tryRemoveFile(PathRemover.java:202)
		at jenkins.util.io.PathRemover.tryRemoveRecursive(PathRemover.java:213)
		at jenkins.util.io.PathRemover.tryRemoveDirectoryContents(PathRemover.java:223)
		at jenkins.util.io.PathRemover.tryRemoveRecursive(PathRemover.java:212)
		at jenkins.util.io.PathRemover.tryRemoveDirectoryContents(PathRemover.java:223)
		at jenkins.util.io.PathRemover.tryRemoveRecursive(PathRemover.java:212)
		at jenkins.util.io.PathRemover.tryRemoveDirectoryContents(PathRemover.java:223)
		at jenkins.util.io.PathRemover.tryRemoveRecursive(PathRemover.java:212)
		at jenkins.util.io.PathRemover.tryRemoveDirectoryContents(PathRemover.java:223)
		at jenkins.util.io.PathRemover.tryRemoveRecursive(PathRemover.java:212)
		at jenkins.util.io.PathRemover.tryRemoveDirectoryContents(PathRemover.java:223)
		at jenkins.util.io.PathRemover.tryRemoveRecursive(PathRemover.java:212)
		at jenkins.util.io.PathRemover.tryRemoveDirectoryContents(PathRemover.java:223)
		at jenkins.util.io.PathRemover.tryRemoveRecursive(PathRemover.java:212)
		at jenkins.util.io.PathRemover.tryRemoveDirectoryContents(PathRemover.java:223)
		at jenkins.util.io.PathRemover.tryRemoveRecursive(PathRemover.java:212)
		at jenkins.util.io.PathRemover.forceRemoveRecursive(PathRemover.java:93)
Also:   java.nio.file.FileSystemException: /home/indemind/.jenkins/workspace/camera-module_x-laster-slam-3566/line_laser/.git/modules/submodules/abby_msg/hooks/pre-receive.sample: Operation not permitted
		at java.base/sun.nio.fs.UnixException.translateToIOException(UnixException.java:100)
		at java.base/sun.nio.fs.UnixException.rethrowAsIOException(UnixException.java:111)
		at java.base/sun.nio.fs.UnixException.rethrowAsIOException(UnixException.java:116)
		at java.base/sun.nio.fs.UnixFileAttributeViews$Posix.setMode(UnixFileAttributeViews.java:254)
		at java.base/sun.nio.fs.UnixFileAttributeViews$Posix.setPermissions(UnixFileAttributeViews.java:276)
		at java.base/java.nio.file.Files.setPosixFilePermissions(Files.java:2156)
		at jenkins.util.io.PathRemover.makeWritable(PathRemover.java:283)
		at jenkins.util.io.PathRemover.makeRemovable(PathRemover.java:256)
		at jenkins.util.io.PathRemover.removeOrMakeRemovableThenRemove(PathRemover.java:236)
		at jenkins.util.io.PathRemover.tryRemoveFile(PathRemover.java:202)
		at jenkins.util.io.PathRemover.tryRemoveRecursive(PathRemover.java:213)
		at jenkins.util.io.PathRemover.tryRemoveDirectoryContents(PathRemover.java:223)
		at jenkins.util.io.PathRemover.tryRemoveRecursive(PathRemover.java:212)
		at jenkins.util.io.PathRemover.tryRemoveDirectoryContents(PathRemover.java:223)
		at jenkins.util.io.PathRemover.tryRemoveRecursive(PathRemover.java:212)
		at jenkins.util.io.PathRemover.tryRemoveDirectoryContents(PathRemover.java:223)
		at jenkins.util.io.PathRemover.tryRemoveRecursive(PathRemover.java:212)
		at jenkins.util.io.PathRemover.tryRemoveDirectoryContents(PathRemover.java:223)
		at jenkins.util.io.PathRemover.tryRemoveRecursive(PathRemover.java:212)
		at jenkins.util.io.PathRemover.tryRemoveDirectoryContents(PathRemover.java:223)
		at jenkins.util.io.PathRemover.tryRemoveRecursive(PathRemover.java:212)
		at jenkins.util.io.PathRemover.tryRemoveDirectoryContents(PathRemover.java:223)
		at jenkins.util.io.PathRemover.tryRemoveRecursive(PathRemover.java:212)
		at jenkins.util.io.PathRemover.tryRemoveDirectoryContents(PathRemover.java:223)
		at jenkins.util.io.PathRemover.tryRemoveRecursive(PathRemover.java:212)
		at jenkins.util.io.PathRemover.forceRemoveRecursive(PathRemover.java:93)
Also:   java.nio.file.FileSystemException: /home/indemind/.jenkins/workspace/camera-module_x-laster-slam-3566/line_laser/.git/modules/submodules/abby_msg/hooks/prepare-commit-msg.sample: Operation not permitted
		at java.base/sun.nio.fs.UnixException.translateToIOException(UnixException.java:100)
		at java.base/sun.nio.fs.UnixException.rethrowAsIOException(UnixException.java:111)
		at java.base/sun.nio.fs.UnixException.rethrowAsIOException(UnixException.java:116)
		at java.base/sun.nio.fs.UnixFileAttributeViews$Posix.setMode(UnixFileAttributeViews.java:254)
		at java.base/sun.nio.fs.UnixFileAttributeViews$Posix.setPermissions(UnixFileAttributeViews.java:276)
		at java.base/java.nio.file.Files.setPosixFilePermissions(Files.java:2156)
		at jenkins.util.io.PathRemover.makeWritable(PathRemover.java:283)
		at jenkins.util.io.PathRemover.makeRemovable(PathRemover.java:256)
		at jenkins.util.io.PathRemover.removeOrMakeRemovableThenRemove(PathRemover.java:236)
		at jenkins.util.io.PathRemover.tryRemoveFile(PathRemover.java:202)
		at jenkins.util.io.PathRemover.tryRemoveRecursive(PathRemover.java:213)
		at jenkins.util.io.PathRemover.tryRemoveDirectoryContents(PathRemover.java:223)
		at jenkins.util.io.PathRemover.tryRemoveRecursive(PathRemover.java:212)
		at jenkins.util.io.PathRemover.tryRemoveDirectoryContents(PathRemover.java:223)
		at jenkins.util.io.PathRemover.tryRemoveRecursive(PathRemover.java:212)
		at jenkins.util.io.PathRemover.tryRemoveDirectoryContents(PathRemover.java:223)
		at jenkins.util.io.PathRemover.tryRemoveRecursive(PathRemover.java:212)
		at jenkins.util.io.PathRemover.tryRemoveDirectoryContents(PathRemover.java:223)
		at jenkins.util.io.PathRemover.tryRemoveRecursive(PathRemover.java:212)
		at jenkins.util.io.PathRemover.tryRemoveDirectoryContents(PathRemover.java:223)
		at jenkins.util.io.PathRemover.tryRemoveRecursive(PathRemover.java:212)
		at jenkins.util.io.PathRemover.tryRemoveDirectoryContents(PathRemover.java:223)
		at jenkins.util.io.PathRemover.tryRemoveRecursive(PathRemover.java:212)
		at jenkins.util.io.PathRemover.tryRemoveDirectoryContents(PathRemover.java:223)
		at jenkins.util.io.PathRemover.tryRemoveRecursive(PathRemover.java:212)
		at jenkins.util.io.PathRemover.forceRemoveRecursive(PathRemover.java:93)
Also:   java.nio.file.FileSystemException: /home/indemind/.jenkins/workspace/camera-module_x-laster-slam-3566/line_laser/.git/modules/submodules/abby_msg/hooks/pre-applypatch.sample: Operation not permitted
		at java.base/sun.nio.fs.UnixException.translateToIOException(UnixException.java:100)
		at java.base/sun.nio.fs.UnixException.rethrowAsIOException(UnixException.java:111)
		at java.base/sun.nio.fs.UnixException.rethrowAsIOException(UnixException.java:116)
		at java.base/sun.nio.fs.UnixFileAttributeViews$Posix.setMode(UnixFileAttributeViews.java:254)
		at java.base/sun.nio.fs.UnixFileAttributeViews$Posix.setPermissions(UnixFileAttributeViews.java:276)
		at java.base/java.nio.file.Files.setPosixFilePermissions(Files.java:2156)
		at jenkins.util.io.PathRemover.makeWritable(PathRemover.java:283)
		at jenkins.util.io.PathRemover.makeRemovable(PathRemover.java:256)
		at jenkins.util.io.PathRemover.removeOrMakeRemovableThenRemove(PathRemover.java:236)
		at jenkins.util.io.PathRemover.tryRemoveFile(PathRemover.java:202)
		at jenkins.util.io.PathRemover.tryRemoveRecursive(PathRemover.java:213)
		at jenkins.util.io.PathRemover.tryRemoveDirectoryContents(PathRemover.java:223)
		at jenkins.util.io.PathRemover.tryRemoveRecursive(PathRemover.java:212)
		at jenkins.util.io.PathRemover.tryRemoveDirectoryContents(PathRemover.java:223)
		at jenkins.util.io.PathRemover.tryRemoveRecursive(PathRemover.java:212)
		at jenkins.util.io.PathRemover.tryRemoveDirectoryContents(PathRemover.java:223)
		at jenkins.util.io.PathRemover.tryRemoveRecursive(PathRemover.java:212)
		at jenkins.util.io.PathRemover.tryRemoveDirectoryContents(PathRemover.java:223)
		at jenkins.util.io.PathRemover.tryRemoveRecursive(PathRemover.java:212)
		at jenkins.util.io.PathRemover.tryRemoveDirectoryContents(PathRemover.java:223)
		at jenkins.util.io.PathRemover.tryRemoveRecursive(PathRemover.java:212)
		at jenkins.util.io.PathRemover.tryRemoveDirectoryContents(PathRemover.java:223)
		at jenkins.util.io.PathRemover.tryRemoveRecursive(PathRemover.java:212)
		at jenkins.util.io.PathRemover.tryRemoveDirectoryContents(PathRemover.java:223)
		at jenkins.util.io.PathRemover.tryRemoveRecursive(PathRemover.java:212)
		at jenkins.util.io.PathRemover.forceRemoveRecursive(PathRemover.java:93)
Also:   java.nio.file.FileSystemException: /home/indemind/.jenkins/workspace/camera-module_x-laster-slam-3566/line_laser/.git/modules/submodules/abby_msg/hooks/applypatch-msg.sample: Operation not permitted
		at java.base/sun.nio.fs.UnixException.translateToIOException(UnixException.java:100)
		at java.base/sun.nio.fs.UnixException.rethrowAsIOException(UnixException.java:111)
		at java.base/sun.nio.fs.UnixException.rethrowAsIOException(UnixException.java:116)
		at java.base/sun.nio.fs.UnixFileAttributeViews$Posix.setMode(UnixFileAttributeViews.java:254)
		at java.base/sun.nio.fs.UnixFileAttributeViews$Posix.setPermissions(UnixFileAttributeViews.java:276)
		at java.base/java.nio.file.Files.setPosixFilePermissions(Files.java:2156)
		at jenkins.util.io.PathRemover.makeWritable(PathRemover.java:283)
		at jenkins.util.io.PathRemover.makeRemovable(PathRemover.java:256)
		at jenkins.util.io.PathRemover.removeOrMakeRemovableThenRemove(PathRemover.java:236)
		at jenkins.util.io.PathRemover.tryRemoveFile(PathRemover.java:202)
		at jenkins.util.io.PathRemover.tryRemoveRecursive(PathRemover.java:213)
		at jenkins.util.io.PathRemover.tryRemoveDirectoryContents(PathRemover.java:223)
		at jenkins.util.io.PathRemover.tryRemoveRecursive(PathRemover.java:212)
		at jenkins.util.io.PathRemover.tryRemoveDirectoryContents(PathRemover.java:223)
		at jenkins.util.io.PathRemover.tryRemoveRecursive(PathRemover.java:212)
		at jenkins.util.io.PathRemover.tryRemoveDirectoryContents(PathRemover.java:223)
		at jenkins.util.io.PathRemover.tryRemoveRecursive(PathRemover.java:212)
		at jenkins.util.io.PathRemover.tryRemoveDirectoryContents(PathRemover.java:223)
		at jenkins.util.io.PathRemover.tryRemoveRecursive(PathRemover.java:212)
		at jenkins.util.io.PathRemover.tryRemoveDirectoryContents(PathRemover.java:223)
		at jenkins.util.io.PathRemover.tryRemoveRecursive(PathRemover.java:212)
		at jenkins.util.io.PathRemover.tryRemoveDirectoryContents(PathRemover.java:223)
		at jenkins.util.io.PathRemover.tryRemoveRecursive(PathRemover.java:212)
		at jenkins.util.io.PathRemover.tryRemoveDirectoryContents(PathRemover.java:223)
		at jenkins.util.io.PathRemover.tryRemoveRecursive(PathRemover.java:212)
		at jenkins.util.io.PathRemover.forceRemoveRecursive(PathRemover.java:93)
Also:   java.nio.file.FileSystemException: /home/indemind/.jenkins/workspace/camera-module_x-laster-slam-3566/line_laser/.git/modules/submodules/abby_msg/hooks/update.sample: Operation not permitted
		at java.base/sun.nio.fs.UnixException.translateToIOException(UnixException.java:100)
		at java.base/sun.nio.fs.UnixException.rethrowAsIOException(UnixException.java:111)
		at java.base/sun.nio.fs.UnixException.rethrowAsIOException(UnixException.java:116)
		at java.base/sun.nio.fs.UnixFileAttributeViews$Posix.setMode(UnixFileAttributeViews.java:254)
		at java.base/sun.nio.fs.UnixFileAttributeViews$Posix.setPermissions(UnixFileAttributeViews.java:276)
		at java.base/java.nio.file.Files.setPosixFilePermissions(Files.java:2156)
		at jenkins.util.io.PathRemover.makeWritable(PathRemover.java:283)
		at jenkins.util.io.PathRemover.makeRemovable(PathRemover.java:256)
		at jenkins.util.io.PathRemover.removeOrMakeRemovableThenRemove(PathRemover.java:236)
		at jenkins.util.io.PathRemover.tryRemoveFile(PathRemover.java:202)
		at jenkins.util.io.PathRemover.tryRemoveRecursive(PathRemover.java:213)
		at jenkins.util.io.PathRemover.tryRemoveDirectoryContents(PathRemover.java:223)
		at jenkins.util.io.PathRemover.tryRemoveRecursive(PathRemover.java:212)
		at jenkins.util.io.PathRemover.tryRemoveDirectoryContents(PathRemover.java:223)
		at jenkins.util.io.PathRemover.tryRemoveRecursive(PathRemover.java:212)
		at jenkins.util.io.PathRemover.tryRemoveDirectoryContents(PathRemover.java:223)
		at jenkins.util.io.PathRemover.tryRemoveRecursive(PathRemover.java:212)
		at jenkins.util.io.PathRemover.tryRemoveDirectoryContents(PathRemover.java:223)
		at jenkins.util.io.PathRemover.tryRemoveRecursive(PathRemover.java:212)
		at jenkins.util.io.PathRemover.tryRemoveDirectoryContents(PathRemover.java:223)
		at jenkins.util.io.PathRemover.tryRemoveRecursive(PathRemover.java:212)
		at jenkins.util.io.PathRemover.tryRemoveDirectoryContents(PathRemover.java:223)
		at jenkins.util.io.PathRemover.tryRemoveRecursive(PathRemover.java:212)
		at jenkins.util.io.PathRemover.tryRemoveDirectoryContents(PathRemover.java:223)
		at jenkins.util.io.PathRemover.tryRemoveRecursive(PathRemover.java:212)
		at jenkins.util.io.PathRemover.forceRemoveRecursive(PathRemover.java:93)
Also:   java.nio.file.FileSystemException: /home/indemind/.jenkins/workspace/camera-module_x-laster-slam-3566/line_laser/.git/modules/submodules/abby_msg/hooks/post-update.sample: Operation not permitted
		at java.base/sun.nio.fs.UnixException.translateToIOException(UnixException.java:100)
		at java.base/sun.nio.fs.UnixException.rethrowAsIOException(UnixException.java:111)
		at java.base/sun.nio.fs.UnixException.rethrowAsIOException(UnixException.java:116)
		at java.base/sun.nio.fs.UnixFileAttributeViews$Posix.setMode(UnixFileAttributeViews.java:254)
		at java.base/sun.nio.fs.UnixFileAttributeViews$Posix.setPermissions(UnixFileAttributeViews.java:276)
		at java.base/java.nio.file.Files.setPosixFilePermissions(Files.java:2156)
		at jenkins.util.io.PathRemover.makeWritable(PathRemover.java:283)
		at jenkins.util.io.PathRemover.makeRemovable(PathRemover.java:256)
		at jenkins.util.io.PathRemover.removeOrMakeRemovableThenRemove(PathRemover.java:236)
		at jenkins.util.io.PathRemover.tryRemoveFile(PathRemover.java:202)
		at jenkins.util.io.PathRemover.tryRemoveRecursive(PathRemover.java:213)
		at jenkins.util.io.PathRemover.tryRemoveDirectoryContents(PathRemover.java:223)
		at jenkins.util.io.PathRemover.tryRemoveRecursive(PathRemover.java:212)
		at jenkins.util.io.PathRemover.tryRemoveDirectoryContents(PathRemover.java:223)
		at jenkins.util.io.PathRemover.tryRemoveRecursive(PathRemover.java:212)
		at jenkins.util.io.PathRemover.tryRemoveDirectoryContents(PathRemover.java:223)
		at jenkins.util.io.PathRemover.tryRemoveRecursive(PathRemover.java:212)
		at jenkins.util.io.PathRemover.tryRemoveDirectoryContents(PathRemover.java:223)
		at jenkins.util.io.PathRemover.tryRemoveRecursive(PathRemover.java:212)
		at jenkins.util.io.PathRemover.tryRemoveDirectoryContents(PathRemover.java:223)
		at jenkins.util.io.PathRemover.tryRemoveRecursive(PathRemover.java:212)
		at jenkins.util.io.PathRemover.tryRemoveDirectoryContents(PathRemover.java:223)
		at jenkins.util.io.PathRemover.tryRemoveRecursive(PathRemover.java:212)
		at jenkins.util.io.PathRemover.tryRemoveDirectoryContents(PathRemover.java:223)
		at jenkins.util.io.PathRemover.tryRemoveRecursive(PathRemover.java:212)
		at jenkins.util.io.PathRemover.forceRemoveRecursive(PathRemover.java:93)
Also:   java.nio.file.FileSystemException: /home/indemind/.jenkins/workspace/camera-module_x-laster-slam-3566/line_laser/.git/modules/submodules/abby_msg/hooks/fsmonitor-watchman.sample: Operation not permitted
		at java.base/sun.nio.fs.UnixException.translateToIOException(UnixException.java:100)
		at java.base/sun.nio.fs.UnixException.rethrowAsIOException(UnixException.java:111)
		at java.base/sun.nio.fs.UnixException.rethrowAsIOException(UnixException.java:116)
		at java.base/sun.nio.fs.UnixFileAttributeViews$Posix.setMode(UnixFileAttributeViews.java:254)
		at java.base/sun.nio.fs.UnixFileAttributeViews$Posix.setPermissions(UnixFileAttributeViews.java:276)
		at java.base/java.nio.file.Files.setPosixFilePermissions(Files.java:2156)
		at jenkins.util.io.PathRemover.makeWritable(PathRemover.java:283)
		at jenkins.util.io.PathRemover.makeRemovable(PathRemover.java:256)
		at jenkins.util.io.PathRemover.removeOrMakeRemovableThenRemove(PathRemover.java:236)
		at jenkins.util.io.PathRemover.tryRemoveFile(PathRemover.java:202)
		at jenkins.util.io.PathRemover.tryRemoveRecursive(PathRemover.java:213)
		at jenkins.util.io.PathRemover.tryRemoveDirectoryContents(PathRemover.java:223)
		at jenkins.util.io.PathRemover.tryRemoveRecursive(PathRemover.java:212)
		at jenkins.util.io.PathRemover.tryRemoveDirectoryContents(PathRemover.java:223)
		at jenkins.util.io.PathRemover.tryRemoveRecursive(PathRemover.java:212)
		at jenkins.util.io.PathRemover.tryRemoveDirectoryContents(PathRemover.java:223)
		at jenkins.util.io.PathRemover.tryRemoveRecursive(PathRemover.java:212)
		at jenkins.util.io.PathRemover.tryRemoveDirectoryContents(PathRemover.java:223)
		at jenkins.util.io.PathRemover.tryRemoveRecursive(PathRemover.java:212)
		at jenkins.util.io.PathRemover.tryRemoveDirectoryContents(PathRemover.java:223)
		at jenkins.util.io.PathRemover.tryRemoveRecursive(PathRemover.java:212)
		at jenkins.util.io.PathRemover.tryRemoveDirectoryContents(PathRemover.java:223)
		at jenkins.util.io.PathRemover.tryRemoveRecursive(PathRemover.java:212)
		at jenkins.util.io.PathRemover.tryRemoveDirectoryContents(PathRemover.java:223)
		at jenkins.util.io.PathRemover.tryRemoveRecursive(PathRemover.java:212)
		at jenkins.util.io.PathRemover.forceRemoveRecursive(PathRemover.java:93)
Also:   java.nio.file.FileSystemException: /home/indemind/.jenkins/workspace/camera-module_x-laster-slam-3566/line_laser/.git/modules/submodules/abby_msg/hooks/pre-push.sample: Operation not permitted
		at java.base/sun.nio.fs.UnixException.translateToIOException(UnixException.java:100)
		at java.base/sun.nio.fs.UnixException.rethrowAsIOException(UnixException.java:111)
		at java.base/sun.nio.fs.UnixException.rethrowAsIOException(UnixException.java:116)
		at java.base/sun.nio.fs.UnixFileAttributeViews$Posix.setMode(UnixFileAttributeViews.java:254)
		at java.base/sun.nio.fs.UnixFileAttributeViews$Posix.setPermissions(UnixFileAttributeViews.java:276)
		at java.base/java.nio.file.Files.setPosixFilePermissions(Files.java:2156)
		at jenkins.util.io.PathRemover.makeWritable(PathRemover.java:283)
		at jenkins.util.io.PathRemover.makeRemovable(PathRemover.java:256)
		at jenkins.util.io.PathRemover.removeOrMakeRemovableThenRemove(PathRemover.java:236)
		at jenkins.util.io.PathRemover.tryRemoveFile(PathRemover.java:202)
		at jenkins.util.io.PathRemover.tryRemoveRecursive(PathRemover.java:213)
		at jenkins.util.io.PathRemover.tryRemoveDirectoryContents(PathRemover.java:223)
		at jenkins.util.io.PathRemover.tryRemoveRecursive(PathRemover.java:212)
		at jenkins.util.io.PathRemover.tryRemoveDirectoryContents(PathRemover.java:223)
		at jenkins.util.io.PathRemover.tryRemoveRecursive(PathRemover.java:212)
		at jenkins.util.io.PathRemover.tryRemoveDirectoryContents(PathRemover.java:223)
		at jenkins.util.io.PathRemover.tryRemoveRecursive(PathRemover.java:212)
		at jenkins.util.io.PathRemover.tryRemoveDirectoryContents(PathRemover.java:223)
		at jenkins.util.io.PathRemover.tryRemoveRecursive(PathRemover.java:212)
		at jenkins.util.io.PathRemover.tryRemoveDirectoryContents(PathRemover.java:223)
		at jenkins.util.io.PathRemover.tryRemoveRecursive(PathRemover.java:212)
		at jenkins.util.io.PathRemover.tryRemoveDirectoryContents(PathRemover.java:223)
		at jenkins.util.io.PathRemover.tryRemoveRecursive(PathRemover.java:212)
		at jenkins.util.io.PathRemover.tryRemoveDirectoryContents(PathRemover.java:223)
		at jenkins.util.io.PathRemover.tryRemoveRecursive(PathRemover.java:212)
		at jenkins.util.io.PathRemover.forceRemoveRecursive(PathRemover.java:93)
Also:   java.nio.file.FileSystemException: /home/indemind/.jenkins/workspace/camera-module_x-laster-slam-3566/line_laser/.git/modules/submodules/abby_msg/hooks/commit-msg.sample: Operation not permitted
		at java.base/sun.nio.fs.UnixException.translateToIOException(UnixException.java:100)
		at java.base/sun.nio.fs.UnixException.rethrowAsIOException(UnixException.java:111)
		at java.base/sun.nio.fs.UnixException.rethrowAsIOException(UnixException.java:116)
		at java.base/sun.nio.fs.UnixFileAttributeViews$Posix.setMode(UnixFileAttributeViews.java:254)
		at java.base/sun.nio.fs.UnixFileAttributeViews$Posix.setPermissions(UnixFileAttributeViews.java:276)
		at java.base/java.nio.file.Files.setPosixFilePermissions(Files.java:2156)
		at jenkins.util.io.PathRemover.makeWritable(PathRemover.java:283)
		at jenkins.util.io.PathRemover.makeRemovable(PathRemover.java:256)
		at jenkins.util.io.PathRemover.removeOrMakeRemovableThenRemove(PathRemover.java:236)
		at jenkins.util.io.PathRemover.tryRemoveFile(PathRemover.java:202)
		at jenkins.util.io.PathRemover.tryRemoveRecursive(PathRemover.java:213)
		at jenkins.util.io.PathRemover.tryRemoveDirectoryContents(PathRemover.java:223)
		at jenkins.util.io.PathRemover.tryRemoveRecursive(PathRemover.java:212)
		at jenkins.util.io.PathRemover.tryRemoveDirectoryContents(PathRemover.java:223)
		at jenkins.util.io.PathRemover.tryRemoveRecursive(PathRemover.java:212)
		at jenkins.util.io.PathRemover.tryRemoveDirectoryContents(PathRemover.java:223)
		at jenkins.util.io.PathRemover.tryRemoveRecursive(PathRemover.java:212)
		at jenkins.util.io.PathRemover.tryRemoveDirectoryContents(PathRemover.java:223)
		at jenkins.util.io.PathRemover.tryRemoveRecursive(PathRemover.java:212)
		at jenkins.util.io.PathRemover.tryRemoveDirectoryContents(PathRemover.java:223)
		at jenkins.util.io.PathRemover.tryRemoveRecursive(PathRemover.java:212)
		at jenkins.util.io.PathRemover.tryRemoveDirectoryContents(PathRemover.java:223)
		at jenkins.util.io.PathRemover.tryRemoveRecursive(PathRemover.java:212)
		at jenkins.util.io.PathRemover.tryRemoveDirectoryContents(PathRemover.java:223)
		at jenkins.util.io.PathRemover.tryRemoveRecursive(PathRemover.java:212)
		at jenkins.util.io.PathRemover.forceRemoveRecursive(PathRemover.java:93)
Also:   hudson.remoting.Channel$CallSiteStackTrace: Remote call to cloud-test
		at hudson.remoting.Channel.attachCallSiteStackTrace(Channel.java:1784)
		at hudson.remoting.UserRequest$ExceptionResponse.retrieve(UserRequest.java:356)
		at hudson.remoting.Channel.call(Channel.java:1000)
		at hudson.FilePath.act(FilePath.java:1186)
		at hudson.FilePath.act(FilePath.java:1175)
		at hudson.FilePath.deleteRecursive(FilePath.java:1428)
		at hudson.model.WorkspaceCleanupThread.execute(WorkspaceCleanupThread.java:94)
		at hudson.model.AsyncPeriodicWork.lambda$doRun$0(AsyncPeriodicWork.java:102)
		at java.base/java.lang.Thread.run(Thread.java:829)
jenkins.util.io.CompositeIOException: Unable to delete '/home/indemind/.jenkins/workspace/camera-module_x-laster-slam-3566'. Tried 3 times (of a maximum of 3) waiting 0.1 sec between attempts. (Discarded 420 additional exceptions)
	at jenkins.util.io.PathRemover.forceRemoveRecursive(PathRemover.java:96)
	at hudson.Util.deleteRecursive(Util.java:320)
	at hudson.FilePath$DeleteRecursive.invoke(FilePath.java:1436)
	at hudson.FilePath$DeleteRecursive.invoke(FilePath.java:1431)
	at hudson.FilePath$FileCallableWrapper.call(FilePath.java:3492)
	at hudson.remoting.UserRequest.perform(UserRequest.java:211)
	at hudson.remoting.UserRequest.perform(UserRequest.java:54)
	at hudson.remoting.Request$2.run(Request.java:377)
	at hudson.remoting.InterceptingExecutorService.lambda$wrap$0(InterceptingExecutorService.java:78)
	at java.base/java.util.concurrent.FutureTask.run(FutureTask.java:264)
	at java.base/java.util.concurrent.ThreadPoolExecutor.runWorker(ThreadPoolExecutor.java:1128)
	at java.base/java.util.concurrent.ThreadPoolExecutor$Worker.run(ThreadPoolExecutor.java:628)
	at java.base/java.lang.Thread.run(Thread.java:835)
Checking carpull
Checking ccpp_control-planing-i18r-so-upload
Checking check_mount_ftp
Deleting /root/workspace/workspace/check_mount_ftp on c3566
Deleting /root/workspace/workspace/check_mount_ftp on c3566-sdk
Checking clean_recorder-calibr
Checking clean_recorder-deeplearning
Checking clean_recorder-embeded
Checking clean_recorder-mark
Checking clean_recorder-ros
Checking clean_recorder-slam_thirdparty
Checking clean_recorder-vislam
Checking clean_recorder-vislam-car3
Checking clean_recorder_depth
Checking cloud_base
Checking cloud_gateway
Checking cloud_promgrserver
Checking cloud_rss
Checking cloud_ui
Checking control-planing-i18r-so-upload
Checking deploy-server
Deleting /home/indemind/.jenkins_slave/workspace/deploy-server on 191
ERROR: Failed to delete /home/indemind/.jenkins_slave/workspace/deploy-server on 191
Also:   java.nio.file.FileSystemException: /home/indemind/.jenkins_slave/workspace/deploy-server/label/192.168.50.191_ws-cleanup_1677063069487/mind_os/mind_os_dev_vtemp_20230220_1_3566/lib/libmind_os.so: 不允许的操作
		at java.base/sun.nio.fs.UnixException.translateToIOException(UnixException.java:100)
		at java.base/sun.nio.fs.UnixException.rethrowAsIOException(UnixException.java:111)
		at java.base/sun.nio.fs.UnixException.rethrowAsIOException(UnixException.java:116)
		at java.base/sun.nio.fs.UnixFileAttributeViews$Posix.setMode(UnixFileAttributeViews.java:254)
		at java.base/sun.nio.fs.UnixFileAttributeViews$Posix.setPermissions(UnixFileAttributeViews.java:276)
		at java.base/java.nio.file.Files.setPosixFilePermissions(Files.java:2080)
		at jenkins.util.io.PathRemover.makeWritable(PathRemover.java:283)
		at jenkins.util.io.PathRemover.makeRemovable(PathRemover.java:256)
		at jenkins.util.io.PathRemover.removeOrMakeRemovableThenRemove(PathRemover.java:236)
		at jenkins.util.io.PathRemover.tryRemoveFile(PathRemover.java:202)
		at jenkins.util.io.PathRemover.tryRemoveRecursive(PathRemover.java:213)
		at jenkins.util.io.PathRemover.tryRemoveDirectoryContents(PathRemover.java:223)
		at jenkins.util.io.PathRemover.tryRemoveRecursive(PathRemover.java:212)
		at jenkins.util.io.PathRemover.tryRemoveDirectoryContents(PathRemover.java:223)
		at jenkins.util.io.PathRemover.tryRemoveRecursive(PathRemover.java:212)
		at jenkins.util.io.PathRemover.tryRemoveDirectoryContents(PathRemover.java:223)
		at jenkins.util.io.PathRemover.tryRemoveRecursive(PathRemover.java:212)
		at jenkins.util.io.PathRemover.tryRemoveDirectoryContents(PathRemover.java:223)
		at jenkins.util.io.PathRemover.tryRemoveRecursive(PathRemover.java:212)
		at jenkins.util.io.PathRemover.tryRemoveDirectoryContents(PathRemover.java:223)
		at jenkins.util.io.PathRemover.tryRemoveRecursive(PathRemover.java:212)
		at jenkins.util.io.PathRemover.tryRemoveDirectoryContents(PathRemover.java:223)
		at jenkins.util.io.PathRemover.tryRemoveRecursive(PathRemover.java:212)
		at jenkins.util.io.PathRemover.forceRemoveRecursive(PathRemover.java:93)
Also:   java.nio.file.FileSystemException: /home/indemind/.jenkins_slave/workspace/deploy-server/label/192.168.50.191_ws-cleanup_1677063069487/mind_os/mind_os_dev_vtemp_20230220_1_3566/lib: 不允许的操作
		at java.base/sun.nio.fs.UnixException.translateToIOException(UnixException.java:100)
		at java.base/sun.nio.fs.UnixException.rethrowAsIOException(UnixException.java:111)
		at java.base/sun.nio.fs.UnixException.rethrowAsIOException(UnixException.java:116)
		at java.base/sun.nio.fs.UnixFileAttributeViews$Posix.setMode(UnixFileAttributeViews.java:254)
		at java.base/sun.nio.fs.UnixFileAttributeViews$Posix.setPermissions(UnixFileAttributeViews.java:276)
		at java.base/java.nio.file.Files.setPosixFilePermissions(Files.java:2080)
		at jenkins.util.io.PathRemover.makeWritable(PathRemover.java:283)
		at jenkins.util.io.PathRemover.makeRemovable(PathRemover.java:256)
		at jenkins.util.io.PathRemover.removeOrMakeRemovableThenRemove(PathRemover.java:236)
		at jenkins.util.io.PathRemover.tryRemoveFile(PathRemover.java:202)
		at jenkins.util.io.PathRemover.tryRemoveRecursive(PathRemover.java:213)
		at jenkins.util.io.PathRemover.tryRemoveDirectoryContents(PathRemover.java:223)
		at jenkins.util.io.PathRemover.tryRemoveRecursive(PathRemover.java:212)
		at jenkins.util.io.PathRemover.tryRemoveDirectoryContents(PathRemover.java:223)
		at jenkins.util.io.PathRemover.tryRemoveRecursive(PathRemover.java:212)
		at jenkins.util.io.PathRemover.tryRemoveDirectoryContents(PathRemover.java:223)
		at jenkins.util.io.PathRemover.tryRemoveRecursive(PathRemover.java:212)
		at jenkins.util.io.PathRemover.tryRemoveDirectoryContents(PathRemover.java:223)
		at jenkins.util.io.PathRemover.tryRemoveRecursive(PathRemover.java:212)
		at jenkins.util.io.PathRemover.tryRemoveDirectoryContents(PathRemover.java:223)
		at jenkins.util.io.PathRemover.tryRemoveRecursive(PathRemover.java:212)
		at jenkins.util.io.PathRemover.forceRemoveRecursive(PathRemover.java:93)
Also:   java.nio.file.FileSystemException: /home/indemind/.jenkins_slave/workspace/deploy-server/label/192.168.50.191_ws-cleanup_1677063069487/mind_os/mind_os_dev_vtemp_20230220_1_3566/include/mind_os/plugin/node_plugin.h: 不允许的操作
		at java.base/sun.nio.fs.UnixException.translateToIOException(UnixException.java:100)
		at java.base/sun.nio.fs.UnixException.rethrowAsIOException(UnixException.java:111)
		at java.base/sun.nio.fs.UnixException.rethrowAsIOException(UnixException.java:116)
		at java.base/sun.nio.fs.UnixFileAttributeViews$Posix.setMode(UnixFileAttributeViews.java:254)
		at java.base/sun.nio.fs.UnixFileAttributeViews$Posix.setPermissions(UnixFileAttributeViews.java:276)
		at java.base/java.nio.file.Files.setPosixFilePermissions(Files.java:2080)
		at jenkins.util.io.PathRemover.makeWritable(PathRemover.java:283)
		at jenkins.util.io.PathRemover.makeRemovable(PathRemover.java:256)
		at jenkins.util.io.PathRemover.removeOrMakeRemovableThenRemove(PathRemover.java:236)
		at jenkins.util.io.PathRemover.tryRemoveFile(PathRemover.java:202)
		at jenkins.util.io.PathRemover.tryRemoveRecursive(PathRemover.java:213)
		at jenkins.util.io.PathRemover.tryRemoveDirectoryContents(PathRemover.java:223)
		at jenkins.util.io.PathRemover.tryRemoveRecursive(PathRemover.java:212)
		at jenkins.util.io.PathRemover.tryRemoveDirectoryContents(PathRemover.java:223)
		at jenkins.util.io.PathRemover.tryRemoveRecursive(PathRemover.java:212)
		at jenkins.util.io.PathRemover.tryRemoveDirectoryContents(PathRemover.java:223)
		at jenkins.util.io.PathRemover.tryRemoveRecursive(PathRemover.java:212)
		at jenkins.util.io.PathRemover.tryRemoveDirectoryContents(PathRemover.java:223)
		at jenkins.util.io.PathRemover.tryRemoveRecursive(PathRemover.java:212)
		at jenkins.util.io.PathRemover.tryRemoveDirectoryContents(PathRemover.java:223)
		at jenkins.util.io.PathRemover.tryRemoveRecursive(PathRemover.java:212)
		at jenkins.util.io.PathRemover.tryRemoveDirectoryContents(PathRemover.java:223)
		at jenkins.util.io.PathRemover.tryRemoveRecursive(PathRemover.java:212)
		at jenkins.util.io.PathRemover.tryRemoveDirectoryContents(PathRemover.java:223)
		at jenkins.util.io.PathRemover.tryRemoveRecursive(PathRemover.java:212)
		at jenkins.util.io.PathRemover.tryRemoveDirectoryContents(PathRemover.java:223)
		at jenkins.util.io.PathRemover.tryRemoveRecursive(PathRemover.java:212)
		at jenkins.util.io.PathRemover.forceRemoveRecursive(PathRemover.java:93)
Also:   java.nio.file.FileSystemException: /home/indemind/.jenkins_slave/workspace/deploy-server/label/192.168.50.191_ws-cleanup_1677063069487/mind_os/mind_os_dev_vtemp_20230220_1_3566/include/mind_os/plugin: 不允许的操作
		at java.base/sun.nio.fs.UnixException.translateToIOException(UnixException.java:100)
		at java.base/sun.nio.fs.UnixException.rethrowAsIOException(UnixException.java:111)
		at java.base/sun.nio.fs.UnixException.rethrowAsIOException(UnixException.java:116)
		at java.base/sun.nio.fs.UnixFileAttributeViews$Posix.setMode(UnixFileAttributeViews.java:254)
		at java.base/sun.nio.fs.UnixFileAttributeViews$Posix.setPermissions(UnixFileAttributeViews.java:276)
		at java.base/java.nio.file.Files.setPosixFilePermissions(Files.java:2080)
		at jenkins.util.io.PathRemover.makeWritable(PathRemover.java:283)
		at jenkins.util.io.PathRemover.makeRemovable(PathRemover.java:256)
		at jenkins.util.io.PathRemover.removeOrMakeRemovableThenRemove(PathRemover.java:236)
		at jenkins.util.io.PathRemover.tryRemoveFile(PathRemover.java:202)
		at jenkins.util.io.PathRemover.tryRemoveRecursive(PathRemover.java:213)
		at jenkins.util.io.PathRemover.tryRemoveDirectoryContents(PathRemover.java:223)
		at jenkins.util.io.PathRemover.tryRemoveRecursive(PathRemover.java:212)
		at jenkins.util.io.PathRemover.tryRemoveDirectoryContents(PathRemover.java:223)
		at jenkins.util.io.PathRemover.tryRemoveRecursive(PathRemover.java:212)
		at jenkins.util.io.PathRemover.tryRemoveDirectoryContents(PathRemover.java:223)
		at jenkins.util.io.PathRemover.tryRemoveRecursive(PathRemover.java:212)
		at jenkins.util.io.PathRemover.tryRemoveDirectoryContents(PathRemover.java:223)
		at jenkins.util.io.PathRemover.tryRemoveRecursive(PathRemover.java:212)
		at jenkins.util.io.PathRemover.tryRemoveDirectoryContents(PathRemover.java:223)
		at jenkins.util.io.PathRemover.tryRemoveRecursive(PathRemover.java:212)
		at jenkins.util.io.PathRemover.tryRemoveDirectoryContents(PathRemover.java:223)
		at jenkins.util.io.PathRemover.tryRemoveRecursive(PathRemover.java:212)
		at jenkins.util.io.PathRemover.tryRemoveDirectoryContents(PathRemover.java:223)
		at jenkins.util.io.PathRemover.tryRemoveRecursive(PathRemover.java:212)
		at jenkins.util.io.PathRemover.forceRemoveRecursive(PathRemover.java:93)
Also:   java.nio.file.FileSystemException: /home/indemind/.jenkins_slave/workspace/deploy-server/label/192.168.50.191_ws-cleanup_1677063069487/mind_os/mind_os_dev_vtemp_20230220_1_3566/include/mind_os/record/recorder.h: 不允许的操作
		at java.base/sun.nio.fs.UnixException.translateToIOException(UnixException.java:100)
		at java.base/sun.nio.fs.UnixException.rethrowAsIOException(UnixException.java:111)
		at java.base/sun.nio.fs.UnixException.rethrowAsIOException(UnixException.java:116)
		at java.base/sun.nio.fs.UnixFileAttributeViews$Posix.setMode(UnixFileAttributeViews.java:254)
		at java.base/sun.nio.fs.UnixFileAttributeViews$Posix.setPermissions(UnixFileAttributeViews.java:276)
		at java.base/java.nio.file.Files.setPosixFilePermissions(Files.java:2080)
		at jenkins.util.io.PathRemover.makeWritable(PathRemover.java:283)
		at jenkins.util.io.PathRemover.makeRemovable(PathRemover.java:256)
		at jenkins.util.io.PathRemover.removeOrMakeRemovableThenRemove(PathRemover.java:236)
		at jenkins.util.io.PathRemover.tryRemoveFile(PathRemover.java:202)
		at jenkins.util.io.PathRemover.tryRemoveRecursive(PathRemover.java:213)
		at jenkins.util.io.PathRemover.tryRemoveDirectoryContents(PathRemover.java:223)
		at jenkins.util.io.PathRemover.tryRemoveRecursive(PathRemover.java:212)
		at jenkins.util.io.PathRemover.tryRemoveDirectoryContents(PathRemover.java:223)
		at jenkins.util.io.PathRemover.tryRemoveRecursive(PathRemover.java:212)
		at jenkins.util.io.PathRemover.tryRemoveDirectoryContents(PathRemover.java:223)
		at jenkins.util.io.PathRemover.tryRemoveRecursive(PathRemover.java:212)
		at jenkins.util.io.PathRemover.tryRemoveDirectoryContents(PathRemover.java:223)
		at jenkins.util.io.PathRemover.tryRemoveRecursive(PathRemover.java:212)
		at jenkins.util.io.PathRemover.tryRemoveDirectoryContents(PathRemover.java:223)
		at jenkins.util.io.PathRemover.tryRemoveRecursive(PathRemover.java:212)
		at jenkins.util.io.PathRemover.tryRemoveDirectoryContents(PathRemover.java:223)
		at jenkins.util.io.PathRemover.tryRemoveRecursive(PathRemover.java:212)
		at jenkins.util.io.PathRemover.tryRemoveDirectoryContents(PathRemover.java:223)
		at jenkins.util.io.PathRemover.tryRemoveRecursive(PathRemover.java:212)
		at jenkins.util.io.PathRemover.tryRemoveDirectoryContents(PathRemover.java:223)
		at jenkins.util.io.PathRemover.tryRemoveRecursive(PathRemover.java:212)
		at jenkins.util.io.PathRemover.forceRemoveRecursive(PathRemover.java:93)
Also:   java.nio.file.FileSystemException: /home/indemind/.jenkins_slave/workspace/deploy-server/label/192.168.50.191_ws-cleanup_1677063069487/mind_os/mind_os_dev_vtemp_20230220_1_3566/include/mind_os/record/bag.h: 不允许的操作
		at java.base/sun.nio.fs.UnixException.translateToIOException(UnixException.java:100)
		at java.base/sun.nio.fs.UnixException.rethrowAsIOException(UnixException.java:111)
		at java.base/sun.nio.fs.UnixException.rethrowAsIOException(UnixException.java:116)
		at java.base/sun.nio.fs.UnixFileAttributeViews$Posix.setMode(UnixFileAttributeViews.java:254)
		at java.base/sun.nio.fs.UnixFileAttributeViews$Posix.setPermissions(UnixFileAttributeViews.java:276)
		at java.base/java.nio.file.Files.setPosixFilePermissions(Files.java:2080)
		at jenkins.util.io.PathRemover.makeWritable(PathRemover.java:283)
		at jenkins.util.io.PathRemover.makeRemovable(PathRemover.java:256)
		at jenkins.util.io.PathRemover.removeOrMakeRemovableThenRemove(PathRemover.java:236)
		at jenkins.util.io.PathRemover.tryRemoveFile(PathRemover.java:202)
		at jenkins.util.io.PathRemover.tryRemoveRecursive(PathRemover.java:213)
		at jenkins.util.io.PathRemover.tryRemoveDirectoryContents(PathRemover.java:223)
		at jenkins.util.io.PathRemover.tryRemoveRecursive(PathRemover.java:212)
		at jenkins.util.io.PathRemover.tryRemoveDirectoryContents(PathRemover.java:223)
		at jenkins.util.io.PathRemover.tryRemoveRecursive(PathRemover.java:212)
		at jenkins.util.io.PathRemover.tryRemoveDirectoryContents(PathRemover.java:223)
		at jenkins.util.io.PathRemover.tryRemoveRecursive(PathRemover.java:212)
		at jenkins.util.io.PathRemover.tryRemoveDirectoryContents(PathRemover.java:223)
		at jenkins.util.io.PathRemover.tryRemoveRecursive(PathRemover.java:212)
		at jenkins.util.io.PathRemover.tryRemoveDirectoryContents(PathRemover.java:223)
		at jenkins.util.io.PathRemover.tryRemoveRecursive(PathRemover.java:212)
		at jenkins.util.io.PathRemover.tryRemoveDirectoryContents(PathRemover.java:223)
		at jenkins.util.io.PathRemover.tryRemoveRecursive(PathRemover.java:212)
		at jenkins.util.io.PathRemover.tryRemoveDirectoryContents(PathRemover.java:223)
		at jenkins.util.io.PathRemover.tryRemoveRecursive(PathRemover.java:212)
		at jenkins.util.io.PathRemover.tryRemoveDirectoryContents(PathRemover.java:223)
		at jenkins.util.io.PathRemover.tryRemoveRecursive(PathRemover.java:212)
		at jenkins.util.io.PathRemover.forceRemoveRecursive(PathRemover.java:93)
Also:   java.nio.file.FileSystemException: /home/indemind/.jenkins_slave/workspace/deploy-server/label/192.168.50.191_ws-cleanup_1677063069487/mind_os/mind_os_dev_vtemp_20230220_1_3566/include/mind_os/record/player.h: 不允许的操作
		at java.base/sun.nio.fs.UnixException.translateToIOException(UnixException.java:100)
		at java.base/sun.nio.fs.UnixException.rethrowAsIOException(UnixException.java:111)
		at java.base/sun.nio.fs.UnixException.rethrowAsIOException(UnixException.java:116)
		at java.base/sun.nio.fs.UnixFileAttributeViews$Posix.setMode(UnixFileAttributeViews.java:254)
		at java.base/sun.nio.fs.UnixFileAttributeViews$Posix.setPermissions(UnixFileAttributeViews.java:276)
		at java.base/java.nio.file.Files.setPosixFilePermissions(Files.java:2080)
		at jenkins.util.io.PathRemover.makeWritable(PathRemover.java:283)
		at jenkins.util.io.PathRemover.makeRemovable(PathRemover.java:256)
		at jenkins.util.io.PathRemover.removeOrMakeRemovableThenRemove(PathRemover.java:236)
		at jenkins.util.io.PathRemover.tryRemoveFile(PathRemover.java:202)
		at jenkins.util.io.PathRemover.tryRemoveRecursive(PathRemover.java:213)
		at jenkins.util.io.PathRemover.tryRemoveDirectoryContents(PathRemover.java:223)
		at jenkins.util.io.PathRemover.tryRemoveRecursive(PathRemover.java:212)
		at jenkins.util.io.PathRemover.tryRemoveDirectoryContents(PathRemover.java:223)
		at jenkins.util.io.PathRemover.tryRemoveRecursive(PathRemover.java:212)
		at jenkins.util.io.PathRemover.tryRemoveDirectoryContents(PathRemover.java:223)
		at jenkins.util.io.PathRemover.tryRemoveRecursive(PathRemover.java:212)
		at jenkins.util.io.PathRemover.tryRemoveDirectoryContents(PathRemover.java:223)
		at jenkins.util.io.PathRemover.tryRemoveRecursive(PathRemover.java:212)
		at jenkins.util.io.PathRemover.tryRemoveDirectoryContents(PathRemover.java:223)
		at jenkins.util.io.PathRemover.tryRemoveRecursive(PathRemover.java:212)
		at jenkins.util.io.PathRemover.tryRemoveDirectoryContents(PathRemover.java:223)
		at jenkins.util.io.PathRemover.tryRemoveRecursive(PathRemover.java:212)
		at jenkins.util.io.PathRemover.tryRemoveDirectoryContents(PathRemover.java:223)
		at jenkins.util.io.PathRemover.tryRemoveRecursive(PathRemover.java:212)
		at jenkins.util.io.PathRemover.tryRemoveDirectoryContents(PathRemover.java:223)
		at jenkins.util.io.PathRemover.tryRemoveRecursive(PathRemover.java:212)
		at jenkins.util.io.PathRemover.forceRemoveRecursive(PathRemover.java:93)
Also:   java.nio.file.FileSystemException: /home/indemind/.jenkins_slave/workspace/deploy-server/label/192.168.50.191_ws-cleanup_1677063069487/mind_os/mind_os_dev_vtemp_20230220_1_3566/include/mind_os/record: 不允许的操作
		at java.base/sun.nio.fs.UnixException.translateToIOException(UnixException.java:100)
		at java.base/sun.nio.fs.UnixException.rethrowAsIOException(UnixException.java:111)
		at java.base/sun.nio.fs.UnixException.rethrowAsIOException(UnixException.java:116)
		at java.base/sun.nio.fs.UnixFileAttributeViews$Posix.setMode(UnixFileAttributeViews.java:254)
		at java.base/sun.nio.fs.UnixFileAttributeViews$Posix.setPermissions(UnixFileAttributeViews.java:276)
		at java.base/java.nio.file.Files.setPosixFilePermissions(Files.java:2080)
		at jenkins.util.io.PathRemover.makeWritable(PathRemover.java:283)
		at jenkins.util.io.PathRemover.makeRemovable(PathRemover.java:256)
		at jenkins.util.io.PathRemover.removeOrMakeRemovableThenRemove(PathRemover.java:236)
		at jenkins.util.io.PathRemover.tryRemoveFile(PathRemover.java:202)
		at jenkins.util.io.PathRemover.tryRemoveRecursive(PathRemover.java:213)
		at jenkins.util.io.PathRemover.tryRemoveDirectoryContents(PathRemover.java:223)
		at jenkins.util.io.PathRemover.tryRemoveRecursive(PathRemover.java:212)
		at jenkins.util.io.PathRemover.tryRemoveDirectoryContents(PathRemover.java:223)
		at jenkins.util.io.PathRemover.tryRemoveRecursive(PathRemover.java:212)
		at jenkins.util.io.PathRemover.tryRemoveDirectoryContents(PathRemover.java:223)
		at jenkins.util.io.PathRemover.tryRemoveRecursive(PathRemover.java:212)
		at jenkins.util.io.PathRemover.tryRemoveDirectoryContents(PathRemover.java:223)
		at jenkins.util.io.PathRemover.tryRemoveRecursive(PathRemover.java:212)
		at jenkins.util.io.PathRemover.tryRemoveDirectoryContents(PathRemover.java:223)
		at jenkins.util.io.PathRemover.tryRemoveRecursive(PathRemover.java:212)
		at jenkins.util.io.PathRemover.tryRemoveDirectoryContents(PathRemover.java:223)
		at jenkins.util.io.PathRemover.tryRemoveRecursive(PathRemover.java:212)
		at jenkins.util.io.PathRemover.tryRemoveDirectoryContents(PathRemover.java:223)
		at jenkins.util.io.PathRemover.tryRemoveRecursive(PathRemover.java:212)
		at jenkins.util.io.PathRemover.forceRemoveRecursive(PathRemover.java:93)
Also:   java.nio.file.FileSystemException: /home/indemind/.jenkins_slave/workspace/deploy-server/label/192.168.50.191_ws-cleanup_1677063069487/mind_os/mind_os_dev_vtemp_20230220_1_3566/include/mind_os/subscriber.h: 不允许的操作
		at java.base/sun.nio.fs.UnixException.translateToIOException(UnixException.java:100)
		at java.base/sun.nio.fs.UnixException.rethrowAsIOException(UnixException.java:111)
		at java.base/sun.nio.fs.UnixException.rethrowAsIOException(UnixException.java:116)
		at java.base/sun.nio.fs.UnixFileAttributeViews$Posix.setMode(UnixFileAttributeViews.java:254)
		at java.base/sun.nio.fs.UnixFileAttributeViews$Posix.setPermissions(UnixFileAttributeViews.java:276)
		at java.base/java.nio.file.Files.setPosixFilePermissions(Files.java:2080)
		at jenkins.util.io.PathRemover.makeWritable(PathRemover.java:283)
		at jenkins.util.io.PathRemover.makeRemovable(PathRemover.java:256)
		at jenkins.util.io.PathRemover.removeOrMakeRemovableThenRemove(PathRemover.java:236)
		at jenkins.util.io.PathRemover.tryRemoveFile(PathRemover.java:202)
		at jenkins.util.io.PathRemover.tryRemoveRecursive(PathRemover.java:213)
		at jenkins.util.io.PathRemover.tryRemoveDirectoryContents(PathRemover.java:223)
		at jenkins.util.io.PathRemover.tryRemoveRecursive(PathRemover.java:212)
		at jenkins.util.io.PathRemover.tryRemoveDirectoryContents(PathRemover.java:223)
		at jenkins.util.io.PathRemover.tryRemoveRecursive(PathRemover.java:212)
		at jenkins.util.io.PathRemover.tryRemoveDirectoryContents(PathRemover.java:223)
		at jenkins.util.io.PathRemover.tryRemoveRecursive(PathRemover.java:212)
		at jenkins.util.io.PathRemover.tryRemoveDirectoryContents(PathRemover.java:223)
		at jenkins.util.io.PathRemover.tryRemoveRecursive(PathRemover.java:212)
		at jenkins.util.io.PathRemover.tryRemoveDirectoryContents(PathRemover.java:223)
		at jenkins.util.io.PathRemover.tryRemoveRecursive(PathRemover.java:212)
		at jenkins.util.io.PathRemover.tryRemoveDirectoryContents(PathRemover.java:223)
		at jenkins.util.io.PathRemover.tryRemoveRecursive(PathRemover.java:212)
		at jenkins.util.io.PathRemover.tryRemoveDirectoryContents(PathRemover.java:223)
		at jenkins.util.io.PathRemover.tryRemoveRecursive(PathRemover.java:212)
		at jenkins.util.io.PathRemover.forceRemoveRecursive(PathRemover.java:93)
Also:   java.nio.file.FileSystemException: /home/indemind/.jenkins_slave/workspace/deploy-server/label/192.168.50.191_ws-cleanup_1677063069487/mind_os/mind_os_dev_vtemp_20230220_1_3566/include/mind_os/exception/OccupiedException.h: 不允许的操作
		at java.base/sun.nio.fs.UnixException.translateToIOException(UnixException.java:100)
		at java.base/sun.nio.fs.UnixException.rethrowAsIOException(UnixException.java:111)
		at java.base/sun.nio.fs.UnixException.rethrowAsIOException(UnixException.java:116)
		at java.base/sun.nio.fs.UnixFileAttributeViews$Posix.setMode(UnixFileAttributeViews.java:254)
		at java.base/sun.nio.fs.UnixFileAttributeViews$Posix.setPermissions(UnixFileAttributeViews.java:276)
		at java.base/java.nio.file.Files.setPosixFilePermissions(Files.java:2080)
		at jenkins.util.io.PathRemover.makeWritable(PathRemover.java:283)
		at jenkins.util.io.PathRemover.makeRemovable(PathRemover.java:256)
		at jenkins.util.io.PathRemover.removeOrMakeRemovableThenRemove(PathRemover.java:236)
		at jenkins.util.io.PathRemover.tryRemoveFile(PathRemover.java:202)
		at jenkins.util.io.PathRemover.tryRemoveRecursive(PathRemover.java:213)
		at jenkins.util.io.PathRemover.tryRemoveDirectoryContents(PathRemover.java:223)
		at jenkins.util.io.PathRemover.tryRemoveRecursive(PathRemover.java:212)
		at jenkins.util.io.PathRemover.tryRemoveDirectoryContents(PathRemover.java:223)
		at jenkins.util.io.PathRemover.tryRemoveRecursive(PathRemover.java:212)
		at jenkins.util.io.PathRemover.tryRemoveDirectoryContents(PathRemover.java:223)
		at jenkins.util.io.PathRemover.tryRemoveRecursive(PathRemover.java:212)
		at jenkins.util.io.PathRemover.tryRemoveDirectoryContents(PathRemover.java:223)
		at jenkins.util.io.PathRemover.tryRemoveRecursive(PathRemover.java:212)
		at jenkins.util.io.PathRemover.tryRemoveDirectoryContents(PathRemover.java:223)
		at jenkins.util.io.PathRemover.tryRemoveRecursive(PathRemover.java:212)
		at jenkins.util.io.PathRemover.tryRemoveDirectoryContents(PathRemover.java:223)
		at jenkins.util.io.PathRemover.tryRemoveRecursive(PathRemover.java:212)
		at jenkins.util.io.PathRemover.tryRemoveDirectoryContents(PathRemover.java:223)
		at jenkins.util.io.PathRemover.tryRemoveRecursive(PathRemover.java:212)
		at jenkins.util.io.PathRemover.tryRemoveDirectoryContents(PathRemover.java:223)
		at jenkins.util.io.PathRemover.tryRemoveRecursive(PathRemover.java:212)
		at jenkins.util.io.PathRemover.forceRemoveRecursive(PathRemover.java:93)
Also:   hudson.remoting.Channel$CallSiteStackTrace: Remote call to 191
		at hudson.remoting.Channel.attachCallSiteStackTrace(Channel.java:1784)
		at hudson.remoting.UserRequest$ExceptionResponse.retrieve(UserRequest.java:356)
		at hudson.remoting.Channel.call(Channel.java:1000)
		at hudson.FilePath.act(FilePath.java:1186)
		at hudson.FilePath.act(FilePath.java:1175)
		at hudson.FilePath.deleteRecursive(FilePath.java:1428)
		at hudson.model.WorkspaceCleanupThread.execute(WorkspaceCleanupThread.java:94)
		at hudson.model.AsyncPeriodicWork.lambda$doRun$0(AsyncPeriodicWork.java:102)
		at java.base/java.lang.Thread.run(Thread.java:829)
jenkins.util.io.CompositeIOException: Unable to delete '/home/indemind/.jenkins_slave/workspace/deploy-server'. Tried 3 times (of a maximum of 3) waiting 0.1 sec between attempts. (Discarded 578 additional exceptions)
	at jenkins.util.io.PathRemover.forceRemoveRecursive(PathRemover.java:96)
	at hudson.Util.deleteRecursive(Util.java:320)
	at hudson.FilePath$DeleteRecursive.invoke(FilePath.java:1436)
	at hudson.FilePath$DeleteRecursive.invoke(FilePath.java:1431)
	at hudson.FilePath$FileCallableWrapper.call(FilePath.java:3492)
	at hudson.remoting.UserRequest.perform(UserRequest.java:211)
	at hudson.remoting.UserRequest.perform(UserRequest.java:54)
	at hudson.remoting.Request$2.run(Request.java:377)
	at hudson.remoting.InterceptingExecutorService.lambda$wrap$0(InterceptingExecutorService.java:78)
	at java.base/java.util.concurrent.FutureTask.run(FutureTask.java:264)
	at java.base/java.util.concurrent.ThreadPoolExecutor.runWorker(ThreadPoolExecutor.java:1128)
	at java.base/java.util.concurrent.ThreadPoolExecutor$Worker.run(ThreadPoolExecutor.java:628)
	at java.base/java.lang.Thread.run(Thread.java:834)
Checking deploy-server-car
Checking deploy-server-car-new
Checking dirt-detect
Checking ecovacs-module_app
Checking ecovacs-module_dritdetect-slam-3566
Checking ecovacs-module_embeded
Checking ecovacs-module_perception-3566
Checking ecovacs-module_sdk-3566
Checking gerry-awe-ros
Checking gerry-awe-ros-melodic
Checking gerry-embeded
Checking gerry-ros
Checking gerry-ros-melodic
Deleting /home/indemind/.jenkins/workspace/gerry-ros-melodic on cloud-test
ERROR: Failed to delete /home/indemind/.jenkins/workspace/gerry-ros-melodic on cloud-test
Also:   java.nio.file.FileSystemException: /home/indemind/.jenkins/workspace/gerry-ros-melodic/TCLNAV/build/cmake_install.cmake: Operation not permitted
		at java.base/sun.nio.fs.UnixException.translateToIOException(UnixException.java:100)
		at java.base/sun.nio.fs.UnixException.rethrowAsIOException(UnixException.java:111)
		at java.base/sun.nio.fs.UnixException.rethrowAsIOException(UnixException.java:116)
		at java.base/sun.nio.fs.UnixFileAttributeViews$Posix.setMode(UnixFileAttributeViews.java:254)
		at java.base/sun.nio.fs.UnixFileAttributeViews$Posix.setPermissions(UnixFileAttributeViews.java:276)
		at java.base/java.nio.file.Files.setPosixFilePermissions(Files.java:2156)
		at jenkins.util.io.PathRemover.makeWritable(PathRemover.java:283)
		at jenkins.util.io.PathRemover.makeRemovable(PathRemover.java:256)
		at jenkins.util.io.PathRemover.removeOrMakeRemovableThenRemove(PathRemover.java:236)
		at jenkins.util.io.PathRemover.tryRemoveFile(PathRemover.java:202)
		at jenkins.util.io.PathRemover.tryRemoveRecursive(PathRemover.java:213)
		at jenkins.util.io.PathRemover.tryRemoveDirectoryContents(PathRemover.java:223)
		at jenkins.util.io.PathRemover.tryRemoveRecursive(PathRemover.java:212)
		at jenkins.util.io.PathRemover.tryRemoveDirectoryContents(PathRemover.java:223)
		at jenkins.util.io.PathRemover.tryRemoveRecursive(PathRemover.java:212)
		at jenkins.util.io.PathRemover.tryRemoveDirectoryContents(PathRemover.java:223)
		at jenkins.util.io.PathRemover.tryRemoveRecursive(PathRemover.java:212)
		at jenkins.util.io.PathRemover.forceRemoveRecursive(PathRemover.java:93)
Also:   java.nio.file.FileSystemException: /home/indemind/.jenkins/workspace/gerry-ros-melodic/TCLNAV/build/atomic_configure/local_setup.zsh: Operation not permitted
		at java.base/sun.nio.fs.UnixException.translateToIOException(UnixException.java:100)
		at java.base/sun.nio.fs.UnixException.rethrowAsIOException(UnixException.java:111)
		at java.base/sun.nio.fs.UnixException.rethrowAsIOException(UnixException.java:116)
		at java.base/sun.nio.fs.UnixFileAttributeViews$Posix.setMode(UnixFileAttributeViews.java:254)
		at java.base/sun.nio.fs.UnixFileAttributeViews$Posix.setPermissions(UnixFileAttributeViews.java:276)
		at java.base/java.nio.file.Files.setPosixFilePermissions(Files.java:2156)
		at jenkins.util.io.PathRemover.makeWritable(PathRemover.java:283)
		at jenkins.util.io.PathRemover.makeRemovable(PathRemover.java:256)
		at jenkins.util.io.PathRemover.removeOrMakeRemovableThenRemove(PathRemover.java:236)
		at jenkins.util.io.PathRemover.tryRemoveFile(PathRemover.java:202)
		at jenkins.util.io.PathRemover.tryRemoveRecursive(PathRemover.java:213)
		at jenkins.util.io.PathRemover.tryRemoveDirectoryContents(PathRemover.java:223)
		at jenkins.util.io.PathRemover.tryRemoveRecursive(PathRemover.java:212)
		at jenkins.util.io.PathRemover.tryRemoveDirectoryContents(PathRemover.java:223)
		at jenkins.util.io.PathRemover.tryRemoveRecursive(PathRemover.java:212)
		at jenkins.util.io.PathRemover.tryRemoveDirectoryContents(PathRemover.java:223)
		at jenkins.util.io.PathRemover.tryRemoveRecursive(PathRemover.java:212)
		at jenkins.util.io.PathRemover.tryRemoveDirectoryContents(PathRemover.java:223)
		at jenkins.util.io.PathRemover.tryRemoveRecursive(PathRemover.java:212)
		at jenkins.util.io.PathRemover.forceRemoveRecursive(PathRemover.java:93)
Also:   java.nio.file.FileSystemException: /home/indemind/.jenkins/workspace/gerry-ros-melodic/TCLNAV/build/atomic_configure/_setup_util.py: Operation not permitted
		at java.base/sun.nio.fs.UnixException.translateToIOException(UnixException.java:100)
		at java.base/sun.nio.fs.UnixException.rethrowAsIOException(UnixException.java:111)
		at java.base/sun.nio.fs.UnixException.rethrowAsIOException(UnixException.java:116)
		at java.base/sun.nio.fs.UnixFileAttributeViews$Posix.setMode(UnixFileAttributeViews.java:254)
		at java.base/sun.nio.fs.UnixFileAttributeViews$Posix.setPermissions(UnixFileAttributeViews.java:276)
		at java.base/java.nio.file.Files.setPosixFilePermissions(Files.java:2156)
		at jenkins.util.io.PathRemover.makeWritable(PathRemover.java:283)
		at jenkins.util.io.PathRemover.makeRemovable(PathRemover.java:256)
		at jenkins.util.io.PathRemover.removeOrMakeRemovableThenRemove(PathRemover.java:236)
		at jenkins.util.io.PathRemover.tryRemoveFile(PathRemover.java:202)
		at jenkins.util.io.PathRemover.tryRemoveRecursive(PathRemover.java:213)
		at jenkins.util.io.PathRemover.tryRemoveDirectoryContents(PathRemover.java:223)
		at jenkins.util.io.PathRemover.tryRemoveRecursive(PathRemover.java:212)
		at jenkins.util.io.PathRemover.tryRemoveDirectoryContents(PathRemover.java:223)
		at jenkins.util.io.PathRemover.tryRemoveRecursive(PathRemover.java:212)
		at jenkins.util.io.PathRemover.tryRemoveDirectoryContents(PathRemover.java:223)
		at jenkins.util.io.PathRemover.tryRemoveRecursive(PathRemover.java:212)
		at jenkins.util.io.PathRemover.tryRemoveDirectoryContents(PathRemover.java:223)
		at jenkins.util.io.PathRemover.tryRemoveRecursive(PathRemover.java:212)
		at jenkins.util.io.PathRemover.forceRemoveRecursive(PathRemover.java:93)
Also:   java.nio.file.FileSystemException: /home/indemind/.jenkins/workspace/gerry-ros-melodic/TCLNAV/build/atomic_configure/local_setup.bash: Operation not permitted
		at java.base/sun.nio.fs.UnixException.translateToIOException(UnixException.java:100)
		at java.base/sun.nio.fs.UnixException.rethrowAsIOException(UnixException.java:111)
		at java.base/sun.nio.fs.UnixException.rethrowAsIOException(UnixException.java:116)
		at java.base/sun.nio.fs.UnixFileAttributeViews$Posix.setMode(UnixFileAttributeViews.java:254)
		at java.base/sun.nio.fs.UnixFileAttributeViews$Posix.setPermissions(UnixFileAttributeViews.java:276)
		at java.base/java.nio.file.Files.setPosixFilePermissions(Files.java:2156)
		at jenkins.util.io.PathRemover.makeWritable(PathRemover.java:283)
		at jenkins.util.io.PathRemover.makeRemovable(PathRemover.java:256)
		at jenkins.util.io.PathRemover.removeOrMakeRemovableThenRemove(PathRemover.java:236)
		at jenkins.util.io.PathRemover.tryRemoveFile(PathRemover.java:202)
		at jenkins.util.io.PathRemover.tryRemoveRecursive(PathRemover.java:213)
		at jenkins.util.io.PathRemover.tryRemoveDirectoryContents(PathRemover.java:223)
		at jenkins.util.io.PathRemover.tryRemoveRecursive(PathRemover.java:212)
		at jenkins.util.io.PathRemover.tryRemoveDirectoryContents(PathRemover.java:223)
		at jenkins.util.io.PathRemover.tryRemoveRecursive(PathRemover.java:212)
		at jenkins.util.io.PathRemover.tryRemoveDirectoryContents(PathRemover.java:223)
		at jenkins.util.io.PathRemover.tryRemoveRecursive(PathRemover.java:212)
		at jenkins.util.io.PathRemover.tryRemoveDirectoryContents(PathRemover.java:223)
		at jenkins.util.io.PathRemover.tryRemoveRecursive(PathRemover.java:212)
		at jenkins.util.io.PathRemover.forceRemoveRecursive(PathRemover.java:93)
Also:   java.nio.file.FileSystemException: /home/indemind/.jenkins/workspace/gerry-ros-melodic/TCLNAV/build/atomic_configure/env.sh: Operation not permitted
		at java.base/sun.nio.fs.UnixException.translateToIOException(UnixException.java:100)
		at java.base/sun.nio.fs.UnixException.rethrowAsIOException(UnixException.java:111)
		at java.base/sun.nio.fs.UnixException.rethrowAsIOException(UnixException.java:116)
		at java.base/sun.nio.fs.UnixFileAttributeViews$Posix.setMode(UnixFileAttributeViews.java:254)
		at java.base/sun.nio.fs.UnixFileAttributeViews$Posix.setPermissions(UnixFileAttributeViews.java:276)
		at java.base/java.nio.file.Files.setPosixFilePermissions(Files.java:2156)
		at jenkins.util.io.PathRemover.makeWritable(PathRemover.java:283)
		at jenkins.util.io.PathRemover.makeRemovable(PathRemover.java:256)
		at jenkins.util.io.PathRemover.removeOrMakeRemovableThenRemove(PathRemover.java:236)
		at jenkins.util.io.PathRemover.tryRemoveFile(PathRemover.java:202)
		at jenkins.util.io.PathRemover.tryRemoveRecursive(PathRemover.java:213)
		at jenkins.util.io.PathRemover.tryRemoveDirectoryContents(PathRemover.java:223)
		at jenkins.util.io.PathRemover.tryRemoveRecursive(PathRemover.java:212)
		at jenkins.util.io.PathRemover.tryRemoveDirectoryContents(PathRemover.java:223)
		at jenkins.util.io.PathRemover.tryRemoveRecursive(PathRemover.java:212)
		at jenkins.util.io.PathRemover.tryRemoveDirectoryContents(PathRemover.java:223)
		at jenkins.util.io.PathRemover.tryRemoveRecursive(PathRemover.java:212)
		at jenkins.util.io.PathRemover.tryRemoveDirectoryContents(PathRemover.java:223)
		at jenkins.util.io.PathRemover.tryRemoveRecursive(PathRemover.java:212)
		at jenkins.util.io.PathRemover.forceRemoveRecursive(PathRemover.java:93)
Also:   java.nio.file.FileSystemException: /home/indemind/.jenkins/workspace/gerry-ros-melodic/TCLNAV/build/atomic_configure/setup.sh: Operation not permitted
		at java.base/sun.nio.fs.UnixException.translateToIOException(UnixException.java:100)
		at java.base/sun.nio.fs.UnixException.rethrowAsIOException(UnixException.java:111)
		at java.base/sun.nio.fs.UnixException.rethrowAsIOException(UnixException.java:116)
		at java.base/sun.nio.fs.UnixFileAttributeViews$Posix.setMode(UnixFileAttributeViews.java:254)
		at java.base/sun.nio.fs.UnixFileAttributeViews$Posix.setPermissions(UnixFileAttributeViews.java:276)
		at java.base/java.nio.file.Files.setPosixFilePermissions(Files.java:2156)
		at jenkins.util.io.PathRemover.makeWritable(PathRemover.java:283)
		at jenkins.util.io.PathRemover.makeRemovable(PathRemover.java:256)
		at jenkins.util.io.PathRemover.removeOrMakeRemovableThenRemove(PathRemover.java:236)
		at jenkins.util.io.PathRemover.tryRemoveFile(PathRemover.java:202)
		at jenkins.util.io.PathRemover.tryRemoveRecursive(PathRemover.java:213)
		at jenkins.util.io.PathRemover.tryRemoveDirectoryContents(PathRemover.java:223)
		at jenkins.util.io.PathRemover.tryRemoveRecursive(PathRemover.java:212)
		at jenkins.util.io.PathRemover.tryRemoveDirectoryContents(PathRemover.java:223)
		at jenkins.util.io.PathRemover.tryRemoveRecursive(PathRemover.java:212)
		at jenkins.util.io.PathRemover.tryRemoveDirectoryContents(PathRemover.java:223)
		at jenkins.util.io.PathRemover.tryRemoveRecursive(PathRemover.java:212)
		at jenkins.util.io.PathRemover.tryRemoveDirectoryContents(PathRemover.java:223)
		at jenkins.util.io.PathRemover.tryRemoveRecursive(PathRemover.java:212)
		at jenkins.util.io.PathRemover.forceRemoveRecursive(PathRemover.java:93)
Also:   java.nio.file.FileSystemException: /home/indemind/.jenkins/workspace/gerry-ros-melodic/TCLNAV/build/atomic_configure/.rosinstall: Operation not permitted
		at java.base/sun.nio.fs.UnixException.translateToIOException(UnixException.java:100)
		at java.base/sun.nio.fs.UnixException.rethrowAsIOException(UnixException.java:111)
		at java.base/sun.nio.fs.UnixException.rethrowAsIOException(UnixException.java:116)
		at java.base/sun.nio.fs.UnixFileAttributeViews$Posix.setMode(UnixFileAttributeViews.java:254)
		at java.base/sun.nio.fs.UnixFileAttributeViews$Posix.setPermissions(UnixFileAttributeViews.java:276)
		at java.base/java.nio.file.Files.setPosixFilePermissions(Files.java:2156)
		at jenkins.util.io.PathRemover.makeWritable(PathRemover.java:283)
		at jenkins.util.io.PathRemover.makeRemovable(PathRemover.java:256)
		at jenkins.util.io.PathRemover.removeOrMakeRemovableThenRemove(PathRemover.java:236)
		at jenkins.util.io.PathRemover.tryRemoveFile(PathRemover.java:202)
		at jenkins.util.io.PathRemover.tryRemoveRecursive(PathRemover.java:213)
		at jenkins.util.io.PathRemover.tryRemoveDirectoryContents(PathRemover.java:223)
		at jenkins.util.io.PathRemover.tryRemoveRecursive(PathRemover.java:212)
		at jenkins.util.io.PathRemover.tryRemoveDirectoryContents(PathRemover.java:223)
		at jenkins.util.io.PathRemover.tryRemoveRecursive(PathRemover.java:212)
		at jenkins.util.io.PathRemover.tryRemoveDirectoryContents(PathRemover.java:223)
		at jenkins.util.io.PathRemover.tryRemoveRecursive(PathRemover.java:212)
		at jenkins.util.io.PathRemover.tryRemoveDirectoryContents(PathRemover.java:223)
		at jenkins.util.io.PathRemover.tryRemoveRecursive(PathRemover.java:212)
		at jenkins.util.io.PathRemover.forceRemoveRecursive(PathRemover.java:93)
Also:   java.nio.file.FileSystemException: /home/indemind/.jenkins/workspace/gerry-ros-melodic/TCLNAV/build/atomic_configure/setup.zsh: Operation not permitted
		at java.base/sun.nio.fs.UnixException.translateToIOException(UnixException.java:100)
		at java.base/sun.nio.fs.UnixException.rethrowAsIOException(UnixException.java:111)
		at java.base/sun.nio.fs.UnixException.rethrowAsIOException(UnixException.java:116)
		at java.base/sun.nio.fs.UnixFileAttributeViews$Posix.setMode(UnixFileAttributeViews.java:254)
		at java.base/sun.nio.fs.UnixFileAttributeViews$Posix.setPermissions(UnixFileAttributeViews.java:276)
		at java.base/java.nio.file.Files.setPosixFilePermissions(Files.java:2156)
		at jenkins.util.io.PathRemover.makeWritable(PathRemover.java:283)
		at jenkins.util.io.PathRemover.makeRemovable(PathRemover.java:256)
		at jenkins.util.io.PathRemover.removeOrMakeRemovableThenRemove(PathRemover.java:236)
		at jenkins.util.io.PathRemover.tryRemoveFile(PathRemover.java:202)
		at jenkins.util.io.PathRemover.tryRemoveRecursive(PathRemover.java:213)
		at jenkins.util.io.PathRemover.tryRemoveDirectoryContents(PathRemover.java:223)
		at jenkins.util.io.PathRemover.tryRemoveRecursive(PathRemover.java:212)
		at jenkins.util.io.PathRemover.tryRemoveDirectoryContents(PathRemover.java:223)
		at jenkins.util.io.PathRemover.tryRemoveRecursive(PathRemover.java:212)
		at jenkins.util.io.PathRemover.tryRemoveDirectoryContents(PathRemover.java:223)
		at jenkins.util.io.PathRemover.tryRemoveRecursive(PathRemover.java:212)
		at jenkins.util.io.PathRemover.tryRemoveDirectoryContents(PathRemover.java:223)
		at jenkins.util.io.PathRemover.tryRemoveRecursive(PathRemover.java:212)
		at jenkins.util.io.PathRemover.forceRemoveRecursive(PathRemover.java:93)
Also:   java.nio.file.FileSystemException: /home/indemind/.jenkins/workspace/gerry-ros-melodic/TCLNAV/build/atomic_configure/setup.bash: Operation not permitted
		at java.base/sun.nio.fs.UnixException.translateToIOException(UnixException.java:100)
		at java.base/sun.nio.fs.UnixException.rethrowAsIOException(UnixException.java:111)
		at java.base/sun.nio.fs.UnixException.rethrowAsIOException(UnixException.java:116)
		at java.base/sun.nio.fs.UnixFileAttributeViews$Posix.setMode(UnixFileAttributeViews.java:254)
		at java.base/sun.nio.fs.UnixFileAttributeViews$Posix.setPermissions(UnixFileAttributeViews.java:276)
		at java.base/java.nio.file.Files.setPosixFilePermissions(Files.java:2156)
		at jenkins.util.io.PathRemover.makeWritable(PathRemover.java:283)
		at jenkins.util.io.PathRemover.makeRemovable(PathRemover.java:256)
		at jenkins.util.io.PathRemover.removeOrMakeRemovableThenRemove(PathRemover.java:236)
		at jenkins.util.io.PathRemover.tryRemoveFile(PathRemover.java:202)
		at jenkins.util.io.PathRemover.tryRemoveRecursive(PathRemover.java:213)
		at jenkins.util.io.PathRemover.tryRemoveDirectoryContents(PathRemover.java:223)
		at jenkins.util.io.PathRemover.tryRemoveRecursive(PathRemover.java:212)
		at jenkins.util.io.PathRemover.tryRemoveDirectoryContents(PathRemover.java:223)
		at jenkins.util.io.PathRemover.tryRemoveRecursive(PathRemover.java:212)
		at jenkins.util.io.PathRemover.tryRemoveDirectoryContents(PathRemover.java:223)
		at jenkins.util.io.PathRemover.tryRemoveRecursive(PathRemover.java:212)
		at jenkins.util.io.PathRemover.tryRemoveDirectoryContents(PathRemover.java:223)
		at jenkins.util.io.PathRemover.tryRemoveRecursive(PathRemover.java:212)
		at jenkins.util.io.PathRemover.forceRemoveRecursive(PathRemover.java:93)
Also:   java.nio.file.FileSystemException: /home/indemind/.jenkins/workspace/gerry-ros-melodic/TCLNAV/build/atomic_configure/local_setup.sh: Operation not permitted
		at java.base/sun.nio.fs.UnixException.translateToIOException(UnixException.java:100)
		at java.base/sun.nio.fs.UnixException.rethrowAsIOException(UnixException.java:111)
		at java.base/sun.nio.fs.UnixException.rethrowAsIOException(UnixException.java:116)
		at java.base/sun.nio.fs.UnixFileAttributeViews$Posix.setMode(UnixFileAttributeViews.java:254)
		at java.base/sun.nio.fs.UnixFileAttributeViews$Posix.setPermissions(UnixFileAttributeViews.java:276)
		at java.base/java.nio.file.Files.setPosixFilePermissions(Files.java:2156)
		at jenkins.util.io.PathRemover.makeWritable(PathRemover.java:283)
		at jenkins.util.io.PathRemover.makeRemovable(PathRemover.java:256)
		at jenkins.util.io.PathRemover.removeOrMakeRemovableThenRemove(PathRemover.java:236)
		at jenkins.util.io.PathRemover.tryRemoveFile(PathRemover.java:202)
		at jenkins.util.io.PathRemover.tryRemoveRecursive(PathRemover.java:213)
		at jenkins.util.io.PathRemover.tryRemoveDirectoryContents(PathRemover.java:223)
		at jenkins.util.io.PathRemover.tryRemoveRecursive(PathRemover.java:212)
		at jenkins.util.io.PathRemover.tryRemoveDirectoryContents(PathRemover.java:223)
		at jenkins.util.io.PathRemover.tryRemoveRecursive(PathRemover.java:212)
		at jenkins.util.io.PathRemover.tryRemoveDirectoryContents(PathRemover.java:223)
		at jenkins.util.io.PathRemover.tryRemoveRecursive(PathRemover.java:212)
		at jenkins.util.io.PathRemover.tryRemoveDirectoryContents(PathRemover.java:223)
		at jenkins.util.io.PathRemover.tryRemoveRecursive(PathRemover.java:212)
		at jenkins.util.io.PathRemover.forceRemoveRecursive(PathRemover.java:93)
Also:   hudson.remoting.Channel$CallSiteStackTrace: Remote call to cloud-test
		at hudson.remoting.Channel.attachCallSiteStackTrace(Channel.java:1784)
		at hudson.remoting.UserRequest$ExceptionResponse.retrieve(UserRequest.java:356)
		at hudson.remoting.Channel.call(Channel.java:1000)
		at hudson.FilePath.act(FilePath.java:1186)
		at hudson.FilePath.act(FilePath.java:1175)
		at hudson.FilePath.deleteRecursive(FilePath.java:1428)
		at hudson.model.WorkspaceCleanupThread.execute(WorkspaceCleanupThread.java:94)
		at hudson.model.AsyncPeriodicWork.lambda$doRun$0(AsyncPeriodicWork.java:102)
		at java.base/java.lang.Thread.run(Thread.java:829)
jenkins.util.io.CompositeIOException: Unable to delete '/home/indemind/.jenkins/workspace/gerry-ros-melodic'. Tried 3 times (of a maximum of 3) waiting 0.1 sec between attempts. (Discarded 1290 additional exceptions)
	at jenkins.util.io.PathRemover.forceRemoveRecursive(PathRemover.java:96)
	at hudson.Util.deleteRecursive(Util.java:320)
	at hudson.FilePath$DeleteRecursive.invoke(FilePath.java:1436)
	at hudson.FilePath$DeleteRecursive.invoke(FilePath.java:1431)
	at hudson.FilePath$FileCallableWrapper.call(FilePath.java:3492)
	at hudson.remoting.UserRequest.perform(UserRequest.java:211)
	at hudson.remoting.UserRequest.perform(UserRequest.java:54)
	at hudson.remoting.Request$2.run(Request.java:377)
	at hudson.remoting.InterceptingExecutorService.lambda$wrap$0(InterceptingExecutorService.java:78)
	at java.base/java.util.concurrent.FutureTask.run(FutureTask.java:264)
	at java.base/java.util.concurrent.ThreadPoolExecutor.runWorker(ThreadPoolExecutor.java:1128)
	at java.base/java.util.concurrent.ThreadPoolExecutor$Worker.run(ThreadPoolExecutor.java:628)
	at java.base/java.lang.Thread.run(Thread.java:835)
Checking gerry-sdk
Checking gerry-updater
Checking gerry_app
Checking gerry_depth
Checking gerry_slam
Deleting /home/indemind/.jenkins/workspace/gerry_slam on cloud-test
ERROR: Failed to delete /home/indemind/.jenkins/workspace/gerry_slam on cloud-test
Also:   java.nio.file.FileSystemException: /home/indemind/.jenkins/workspace/gerry_slam/recursioncalculations/.git/modules/thirdparty/message/hooks/pre-rebase.sample: Operation not permitted
		at java.base/sun.nio.fs.UnixException.translateToIOException(UnixException.java:100)
		at java.base/sun.nio.fs.UnixException.rethrowAsIOException(UnixException.java:111)
		at java.base/sun.nio.fs.UnixException.rethrowAsIOException(UnixException.java:116)
		at java.base/sun.nio.fs.UnixFileAttributeViews$Posix.setMode(UnixFileAttributeViews.java:254)
		at java.base/sun.nio.fs.UnixFileAttributeViews$Posix.setPermissions(UnixFileAttributeViews.java:276)
		at java.base/java.nio.file.Files.setPosixFilePermissions(Files.java:2156)
		at jenkins.util.io.PathRemover.makeWritable(PathRemover.java:283)
		at jenkins.util.io.PathRemover.makeRemovable(PathRemover.java:256)
		at jenkins.util.io.PathRemover.removeOrMakeRemovableThenRemove(PathRemover.java:236)
		at jenkins.util.io.PathRemover.tryRemoveFile(PathRemover.java:202)
		at jenkins.util.io.PathRemover.tryRemoveRecursive(PathRemover.java:213)
		at jenkins.util.io.PathRemover.tryRemoveDirectoryContents(PathRemover.java:223)
		at jenkins.util.io.PathRemover.tryRemoveRecursive(PathRemover.java:212)
		at jenkins.util.io.PathRemover.tryRemoveDirectoryContents(PathRemover.java:223)
		at jenkins.util.io.PathRemover.tryRemoveRecursive(PathRemover.java:212)
		at jenkins.util.io.PathRemover.tryRemoveDirectoryContents(PathRemover.java:223)
		at jenkins.util.io.PathRemover.tryRemoveRecursive(PathRemover.java:212)
		at jenkins.util.io.PathRemover.tryRemoveDirectoryContents(PathRemover.java:223)
		at jenkins.util.io.PathRemover.tryRemoveRecursive(PathRemover.java:212)
		at jenkins.util.io.PathRemover.tryRemoveDirectoryContents(PathRemover.java:223)
		at jenkins.util.io.PathRemover.tryRemoveRecursive(PathRemover.java:212)
		at jenkins.util.io.PathRemover.tryRemoveDirectoryContents(PathRemover.java:223)
		at jenkins.util.io.PathRemover.tryRemoveRecursive(PathRemover.java:212)
		at jenkins.util.io.PathRemover.tryRemoveDirectoryContents(PathRemover.java:223)
		at jenkins.util.io.PathRemover.tryRemoveRecursive(PathRemover.java:212)
		at jenkins.util.io.PathRemover.forceRemoveRecursive(PathRemover.java:93)
Also:   java.nio.file.FileSystemException: /home/indemind/.jenkins/workspace/gerry_slam/recursioncalculations/.git/modules/thirdparty/message/hooks/pre-receive.sample: Operation not permitted
		at java.base/sun.nio.fs.UnixException.translateToIOException(UnixException.java:100)
		at java.base/sun.nio.fs.UnixException.rethrowAsIOException(UnixException.java:111)
		at java.base/sun.nio.fs.UnixException.rethrowAsIOException(UnixException.java:116)
		at java.base/sun.nio.fs.UnixFileAttributeViews$Posix.setMode(UnixFileAttributeViews.java:254)
		at java.base/sun.nio.fs.UnixFileAttributeViews$Posix.setPermissions(UnixFileAttributeViews.java:276)
		at java.base/java.nio.file.Files.setPosixFilePermissions(Files.java:2156)
		at jenkins.util.io.PathRemover.makeWritable(PathRemover.java:283)
		at jenkins.util.io.PathRemover.makeRemovable(PathRemover.java:256)
		at jenkins.util.io.PathRemover.removeOrMakeRemovableThenRemove(PathRemover.java:236)
		at jenkins.util.io.PathRemover.tryRemoveFile(PathRemover.java:202)
		at jenkins.util.io.PathRemover.tryRemoveRecursive(PathRemover.java:213)
		at jenkins.util.io.PathRemover.tryRemoveDirectoryContents(PathRemover.java:223)
		at jenkins.util.io.PathRemover.tryRemoveRecursive(PathRemover.java:212)
		at jenkins.util.io.PathRemover.tryRemoveDirectoryContents(PathRemover.java:223)
		at jenkins.util.io.PathRemover.tryRemoveRecursive(PathRemover.java:212)
		at jenkins.util.io.PathRemover.tryRemoveDirectoryContents(PathRemover.java:223)
		at jenkins.util.io.PathRemover.tryRemoveRecursive(PathRemover.java:212)
		at jenkins.util.io.PathRemover.tryRemoveDirectoryContents(PathRemover.java:223)
		at jenkins.util.io.PathRemover.tryRemoveRecursive(PathRemover.java:212)
		at jenkins.util.io.PathRemover.tryRemoveDirectoryContents(PathRemover.java:223)
		at jenkins.util.io.PathRemover.tryRemoveRecursive(PathRemover.java:212)
		at jenkins.util.io.PathRemover.tryRemoveDirectoryContents(PathRemover.java:223)
		at jenkins.util.io.PathRemover.tryRemoveRecursive(PathRemover.java:212)
		at jenkins.util.io.PathRemover.tryRemoveDirectoryContents(PathRemover.java:223)
		at jenkins.util.io.PathRemover.tryRemoveRecursive(PathRemover.java:212)
		at jenkins.util.io.PathRemover.forceRemoveRecursive(PathRemover.java:93)
Also:   java.nio.file.FileSystemException: /home/indemind/.jenkins/workspace/gerry_slam/recursioncalculations/.git/modules/thirdparty/message/hooks/prepare-commit-msg.sample: Operation not permitted
		at java.base/sun.nio.fs.UnixException.translateToIOException(UnixException.java:100)
		at java.base/sun.nio.fs.UnixException.rethrowAsIOException(UnixException.java:111)
		at java.base/sun.nio.fs.UnixException.rethrowAsIOException(UnixException.java:116)
		at java.base/sun.nio.fs.UnixFileAttributeViews$Posix.setMode(UnixFileAttributeViews.java:254)
		at java.base/sun.nio.fs.UnixFileAttributeViews$Posix.setPermissions(UnixFileAttributeViews.java:276)
		at java.base/java.nio.file.Files.setPosixFilePermissions(Files.java:2156)
		at jenkins.util.io.PathRemover.makeWritable(PathRemover.java:283)
		at jenkins.util.io.PathRemover.makeRemovable(PathRemover.java:256)
		at jenkins.util.io.PathRemover.removeOrMakeRemovableThenRemove(PathRemover.java:236)
		at jenkins.util.io.PathRemover.tryRemoveFile(PathRemover.java:202)
		at jenkins.util.io.PathRemover.tryRemoveRecursive(PathRemover.java:213)
		at jenkins.util.io.PathRemover.tryRemoveDirectoryContents(PathRemover.java:223)
		at jenkins.util.io.PathRemover.tryRemoveRecursive(PathRemover.java:212)
		at jenkins.util.io.PathRemover.tryRemoveDirectoryContents(PathRemover.java:223)
		at jenkins.util.io.PathRemover.tryRemoveRecursive(PathRemover.java:212)
		at jenkins.util.io.PathRemover.tryRemoveDirectoryContents(PathRemover.java:223)
		at jenkins.util.io.PathRemover.tryRemoveRecursive(PathRemover.java:212)
		at jenkins.util.io.PathRemover.tryRemoveDirectoryContents(PathRemover.java:223)
		at jenkins.util.io.PathRemover.tryRemoveRecursive(PathRemover.java:212)
		at jenkins.util.io.PathRemover.tryRemoveDirectoryContents(PathRemover.java:223)
		at jenkins.util.io.PathRemover.tryRemoveRecursive(PathRemover.java:212)
		at jenkins.util.io.PathRemover.tryRemoveDirectoryContents(PathRemover.java:223)
		at jenkins.util.io.PathRemover.tryRemoveRecursive(PathRemover.java:212)
		at jenkins.util.io.PathRemover.tryRemoveDirectoryContents(PathRemover.java:223)
		at jenkins.util.io.PathRemover.tryRemoveRecursive(PathRemover.java:212)
		at jenkins.util.io.PathRemover.forceRemoveRecursive(PathRemover.java:93)
Also:   java.nio.file.FileSystemException: /home/indemind/.jenkins/workspace/gerry_slam/recursioncalculations/.git/modules/thirdparty/message/hooks/pre-applypatch.sample: Operation not permitted
		at java.base/sun.nio.fs.UnixException.translateToIOException(UnixException.java:100)
		at java.base/sun.nio.fs.UnixException.rethrowAsIOException(UnixException.java:111)
		at java.base/sun.nio.fs.UnixException.rethrowAsIOException(UnixException.java:116)
		at java.base/sun.nio.fs.UnixFileAttributeViews$Posix.setMode(UnixFileAttributeViews.java:254)
		at java.base/sun.nio.fs.UnixFileAttributeViews$Posix.setPermissions(UnixFileAttributeViews.java:276)
		at java.base/java.nio.file.Files.setPosixFilePermissions(Files.java:2156)
		at jenkins.util.io.PathRemover.makeWritable(PathRemover.java:283)
		at jenkins.util.io.PathRemover.makeRemovable(PathRemover.java:256)
		at jenkins.util.io.PathRemover.removeOrMakeRemovableThenRemove(PathRemover.java:236)
		at jenkins.util.io.PathRemover.tryRemoveFile(PathRemover.java:202)
		at jenkins.util.io.PathRemover.tryRemoveRecursive(PathRemover.java:213)
		at jenkins.util.io.PathRemover.tryRemoveDirectoryContents(PathRemover.java:223)
		at jenkins.util.io.PathRemover.tryRemoveRecursive(PathRemover.java:212)
		at jenkins.util.io.PathRemover.tryRemoveDirectoryContents(PathRemover.java:223)
		at jenkins.util.io.PathRemover.tryRemoveRecursive(PathRemover.java:212)
		at jenkins.util.io.PathRemover.tryRemoveDirectoryContents(PathRemover.java:223)
		at jenkins.util.io.PathRemover.tryRemoveRecursive(PathRemover.java:212)
		at jenkins.util.io.PathRemover.tryRemoveDirectoryContents(PathRemover.java:223)
		at jenkins.util.io.PathRemover.tryRemoveRecursive(PathRemover.java:212)
		at jenkins.util.io.PathRemover.tryRemoveDirectoryContents(PathRemover.java:223)
		at jenkins.util.io.PathRemover.tryRemoveRecursive(PathRemover.java:212)
		at jenkins.util.io.PathRemover.tryRemoveDirectoryContents(PathRemover.java:223)
		at jenkins.util.io.PathRemover.tryRemoveRecursive(PathRemover.java:212)
		at jenkins.util.io.PathRemover.tryRemoveDirectoryContents(PathRemover.java:223)
		at jenkins.util.io.PathRemover.tryRemoveRecursive(PathRemover.java:212)
		at jenkins.util.io.PathRemover.forceRemoveRecursive(PathRemover.java:93)
Also:   java.nio.file.FileSystemException: /home/indemind/.jenkins/workspace/gerry_slam/recursioncalculations/.git/modules/thirdparty/message/hooks/applypatch-msg.sample: Operation not permitted
		at java.base/sun.nio.fs.UnixException.translateToIOException(UnixException.java:100)
		at java.base/sun.nio.fs.UnixException.rethrowAsIOException(UnixException.java:111)
		at java.base/sun.nio.fs.UnixException.rethrowAsIOException(UnixException.java:116)
		at java.base/sun.nio.fs.UnixFileAttributeViews$Posix.setMode(UnixFileAttributeViews.java:254)
		at java.base/sun.nio.fs.UnixFileAttributeViews$Posix.setPermissions(UnixFileAttributeViews.java:276)
		at java.base/java.nio.file.Files.setPosixFilePermissions(Files.java:2156)
		at jenkins.util.io.PathRemover.makeWritable(PathRemover.java:283)
		at jenkins.util.io.PathRemover.makeRemovable(PathRemover.java:256)
		at jenkins.util.io.PathRemover.removeOrMakeRemovableThenRemove(PathRemover.java:236)
		at jenkins.util.io.PathRemover.tryRemoveFile(PathRemover.java:202)
		at jenkins.util.io.PathRemover.tryRemoveRecursive(PathRemover.java:213)
		at jenkins.util.io.PathRemover.tryRemoveDirectoryContents(PathRemover.java:223)
		at jenkins.util.io.PathRemover.tryRemoveRecursive(PathRemover.java:212)
		at jenkins.util.io.PathRemover.tryRemoveDirectoryContents(PathRemover.java:223)
		at jenkins.util.io.PathRemover.tryRemoveRecursive(PathRemover.java:212)
		at jenkins.util.io.PathRemover.tryRemoveDirectoryContents(PathRemover.java:223)
		at jenkins.util.io.PathRemover.tryRemoveRecursive(PathRemover.java:212)
		at jenkins.util.io.PathRemover.tryRemoveDirectoryContents(PathRemover.java:223)
		at jenkins.util.io.PathRemover.tryRemoveRecursive(PathRemover.java:212)
		at jenkins.util.io.PathRemover.tryRemoveDirectoryContents(PathRemover.java:223)
		at jenkins.util.io.PathRemover.tryRemoveRecursive(PathRemover.java:212)
		at jenkins.util.io.PathRemover.tryRemoveDirectoryContents(PathRemover.java:223)
		at jenkins.util.io.PathRemover.tryRemoveRecursive(PathRemover.java:212)
		at jenkins.util.io.PathRemover.tryRemoveDirectoryContents(PathRemover.java:223)
		at jenkins.util.io.PathRemover.tryRemoveRecursive(PathRemover.java:212)
		at jenkins.util.io.PathRemover.forceRemoveRecursive(PathRemover.java:93)
Also:   java.nio.file.FileSystemException: /home/indemind/.jenkins/workspace/gerry_slam/recursioncalculations/.git/modules/thirdparty/message/hooks/update.sample: Operation not permitted
		at java.base/sun.nio.fs.UnixException.translateToIOException(UnixException.java:100)
		at java.base/sun.nio.fs.UnixException.rethrowAsIOException(UnixException.java:111)
		at java.base/sun.nio.fs.UnixException.rethrowAsIOException(UnixException.java:116)
		at java.base/sun.nio.fs.UnixFileAttributeViews$Posix.setMode(UnixFileAttributeViews.java:254)
		at java.base/sun.nio.fs.UnixFileAttributeViews$Posix.setPermissions(UnixFileAttributeViews.java:276)
		at java.base/java.nio.file.Files.setPosixFilePermissions(Files.java:2156)
		at jenkins.util.io.PathRemover.makeWritable(PathRemover.java:283)
		at jenkins.util.io.PathRemover.makeRemovable(PathRemover.java:256)
		at jenkins.util.io.PathRemover.removeOrMakeRemovableThenRemove(PathRemover.java:236)
		at jenkins.util.io.PathRemover.tryRemoveFile(PathRemover.java:202)
		at jenkins.util.io.PathRemover.tryRemoveRecursive(PathRemover.java:213)
		at jenkins.util.io.PathRemover.tryRemoveDirectoryContents(PathRemover.java:223)
		at jenkins.util.io.PathRemover.tryRemoveRecursive(PathRemover.java:212)
		at jenkins.util.io.PathRemover.tryRemoveDirectoryContents(PathRemover.java:223)
		at jenkins.util.io.PathRemover.tryRemoveRecursive(PathRemover.java:212)
		at jenkins.util.io.PathRemover.tryRemoveDirectoryContents(PathRemover.java:223)
		at jenkins.util.io.PathRemover.tryRemoveRecursive(PathRemover.java:212)
		at jenkins.util.io.PathRemover.tryRemoveDirectoryContents(PathRemover.java:223)
		at jenkins.util.io.PathRemover.tryRemoveRecursive(PathRemover.java:212)
		at jenkins.util.io.PathRemover.tryRemoveDirectoryContents(PathRemover.java:223)
		at jenkins.util.io.PathRemover.tryRemoveRecursive(PathRemover.java:212)
		at jenkins.util.io.PathRemover.tryRemoveDirectoryContents(PathRemover.java:223)
		at jenkins.util.io.PathRemover.tryRemoveRecursive(PathRemover.java:212)
		at jenkins.util.io.PathRemover.tryRemoveDirectoryContents(PathRemover.java:223)
		at jenkins.util.io.PathRemover.tryRemoveRecursive(PathRemover.java:212)
		at jenkins.util.io.PathRemover.forceRemoveRecursive(PathRemover.java:93)
Also:   java.nio.file.FileSystemException: /home/indemind/.jenkins/workspace/gerry_slam/recursioncalculations/.git/modules/thirdparty/message/hooks/post-update.sample: Operation not permitted
		at java.base/sun.nio.fs.UnixException.translateToIOException(UnixException.java:100)
		at java.base/sun.nio.fs.UnixException.rethrowAsIOException(UnixException.java:111)
		at java.base/sun.nio.fs.UnixException.rethrowAsIOException(UnixException.java:116)
		at java.base/sun.nio.fs.UnixFileAttributeViews$Posix.setMode(UnixFileAttributeViews.java:254)
		at java.base/sun.nio.fs.UnixFileAttributeViews$Posix.setPermissions(UnixFileAttributeViews.java:276)
		at java.base/java.nio.file.Files.setPosixFilePermissions(Files.java:2156)
		at jenkins.util.io.PathRemover.makeWritable(PathRemover.java:283)
		at jenkins.util.io.PathRemover.makeRemovable(PathRemover.java:256)
		at jenkins.util.io.PathRemover.removeOrMakeRemovableThenRemove(PathRemover.java:236)
		at jenkins.util.io.PathRemover.tryRemoveFile(PathRemover.java:202)
		at jenkins.util.io.PathRemover.tryRemoveRecursive(PathRemover.java:213)
		at jenkins.util.io.PathRemover.tryRemoveDirectoryContents(PathRemover.java:223)
		at jenkins.util.io.PathRemover.tryRemoveRecursive(PathRemover.java:212)
		at jenkins.util.io.PathRemover.tryRemoveDirectoryContents(PathRemover.java:223)
		at jenkins.util.io.PathRemover.tryRemoveRecursive(PathRemover.java:212)
		at jenkins.util.io.PathRemover.tryRemoveDirectoryContents(PathRemover.java:223)
		at jenkins.util.io.PathRemover.tryRemoveRecursive(PathRemover.java:212)
		at jenkins.util.io.PathRemover.tryRemoveDirectoryContents(PathRemover.java:223)
		at jenkins.util.io.PathRemover.tryRemoveRecursive(PathRemover.java:212)
		at jenkins.util.io.PathRemover.tryRemoveDirectoryContents(PathRemover.java:223)
		at jenkins.util.io.PathRemover.tryRemoveRecursive(PathRemover.java:212)
		at jenkins.util.io.PathRemover.tryRemoveDirectoryContents(PathRemover.java:223)
		at jenkins.util.io.PathRemover.tryRemoveRecursive(PathRemover.java:212)
		at jenkins.util.io.PathRemover.tryRemoveDirectoryContents(PathRemover.java:223)
		at jenkins.util.io.PathRemover.tryRemoveRecursive(PathRemover.java:212)
		at jenkins.util.io.PathRemover.forceRemoveRecursive(PathRemover.java:93)
Also:   java.nio.file.FileSystemException: /home/indemind/.jenkins/workspace/gerry_slam/recursioncalculations/.git/modules/thirdparty/message/hooks/fsmonitor-watchman.sample: Operation not permitted
		at java.base/sun.nio.fs.UnixException.translateToIOException(UnixException.java:100)
		at java.base/sun.nio.fs.UnixException.rethrowAsIOException(UnixException.java:111)
		at java.base/sun.nio.fs.UnixException.rethrowAsIOException(UnixException.java:116)
		at java.base/sun.nio.fs.UnixFileAttributeViews$Posix.setMode(UnixFileAttributeViews.java:254)
		at java.base/sun.nio.fs.UnixFileAttributeViews$Posix.setPermissions(UnixFileAttributeViews.java:276)
		at java.base/java.nio.file.Files.setPosixFilePermissions(Files.java:2156)
		at jenkins.util.io.PathRemover.makeWritable(PathRemover.java:283)
		at jenkins.util.io.PathRemover.makeRemovable(PathRemover.java:256)
		at jenkins.util.io.PathRemover.removeOrMakeRemovableThenRemove(PathRemover.java:236)
		at jenkins.util.io.PathRemover.tryRemoveFile(PathRemover.java:202)
		at jenkins.util.io.PathRemover.tryRemoveRecursive(PathRemover.java:213)
		at jenkins.util.io.PathRemover.tryRemoveDirectoryContents(PathRemover.java:223)
		at jenkins.util.io.PathRemover.tryRemoveRecursive(PathRemover.java:212)
		at jenkins.util.io.PathRemover.tryRemoveDirectoryContents(PathRemover.java:223)
		at jenkins.util.io.PathRemover.tryRemoveRecursive(PathRemover.java:212)
		at jenkins.util.io.PathRemover.tryRemoveDirectoryContents(PathRemover.java:223)
		at jenkins.util.io.PathRemover.tryRemoveRecursive(PathRemover.java:212)
		at jenkins.util.io.PathRemover.tryRemoveDirectoryContents(PathRemover.java:223)
		at jenkins.util.io.PathRemover.tryRemoveRecursive(PathRemover.java:212)
		at jenkins.util.io.PathRemover.tryRemoveDirectoryContents(PathRemover.java:223)
		at jenkins.util.io.PathRemover.tryRemoveRecursive(PathRemover.java:212)
		at jenkins.util.io.PathRemover.tryRemoveDirectoryContents(PathRemover.java:223)
		at jenkins.util.io.PathRemover.tryRemoveRecursive(PathRemover.java:212)
		at jenkins.util.io.PathRemover.tryRemoveDirectoryContents(PathRemover.java:223)
		at jenkins.util.io.PathRemover.tryRemoveRecursive(PathRemover.java:212)
		at jenkins.util.io.PathRemover.forceRemoveRecursive(PathRemover.java:93)
Also:   java.nio.file.FileSystemException: /home/indemind/.jenkins/workspace/gerry_slam/recursioncalculations/.git/modules/thirdparty/message/hooks/pre-push.sample: Operation not permitted
		at java.base/sun.nio.fs.UnixException.translateToIOException(UnixException.java:100)
		at java.base/sun.nio.fs.UnixException.rethrowAsIOException(UnixException.java:111)
		at java.base/sun.nio.fs.UnixException.rethrowAsIOException(UnixException.java:116)
		at java.base/sun.nio.fs.UnixFileAttributeViews$Posix.setMode(UnixFileAttributeViews.java:254)
		at java.base/sun.nio.fs.UnixFileAttributeViews$Posix.setPermissions(UnixFileAttributeViews.java:276)
		at java.base/java.nio.file.Files.setPosixFilePermissions(Files.java:2156)
		at jenkins.util.io.PathRemover.makeWritable(PathRemover.java:283)
		at jenkins.util.io.PathRemover.makeRemovable(PathRemover.java:256)
		at jenkins.util.io.PathRemover.removeOrMakeRemovableThenRemove(PathRemover.java:236)
		at jenkins.util.io.PathRemover.tryRemoveFile(PathRemover.java:202)
		at jenkins.util.io.PathRemover.tryRemoveRecursive(PathRemover.java:213)
		at jenkins.util.io.PathRemover.tryRemoveDirectoryContents(PathRemover.java:223)
		at jenkins.util.io.PathRemover.tryRemoveRecursive(PathRemover.java:212)
		at jenkins.util.io.PathRemover.tryRemoveDirectoryContents(PathRemover.java:223)
		at jenkins.util.io.PathRemover.tryRemoveRecursive(PathRemover.java:212)
		at jenkins.util.io.PathRemover.tryRemoveDirectoryContents(PathRemover.java:223)
		at jenkins.util.io.PathRemover.tryRemoveRecursive(PathRemover.java:212)
		at jenkins.util.io.PathRemover.tryRemoveDirectoryContents(PathRemover.java:223)
		at jenkins.util.io.PathRemover.tryRemoveRecursive(PathRemover.java:212)
		at jenkins.util.io.PathRemover.tryRemoveDirectoryContents(PathRemover.java:223)
		at jenkins.util.io.PathRemover.tryRemoveRecursive(PathRemover.java:212)
		at jenkins.util.io.PathRemover.tryRemoveDirectoryContents(PathRemover.java:223)
		at jenkins.util.io.PathRemover.tryRemoveRecursive(PathRemover.java:212)
		at jenkins.util.io.PathRemover.tryRemoveDirectoryContents(PathRemover.java:223)
		at jenkins.util.io.PathRemover.tryRemoveRecursive(PathRemover.java:212)
		at jenkins.util.io.PathRemover.forceRemoveRecursive(PathRemover.java:93)
Also:   java.nio.file.FileSystemException: /home/indemind/.jenkins/workspace/gerry_slam/recursioncalculations/.git/modules/thirdparty/message/hooks/commit-msg.sample: Operation not permitted
		at java.base/sun.nio.fs.UnixException.translateToIOException(UnixException.java:100)
		at java.base/sun.nio.fs.UnixException.rethrowAsIOException(UnixException.java:111)
		at java.base/sun.nio.fs.UnixException.rethrowAsIOException(UnixException.java:116)
		at java.base/sun.nio.fs.UnixFileAttributeViews$Posix.setMode(UnixFileAttributeViews.java:254)
		at java.base/sun.nio.fs.UnixFileAttributeViews$Posix.setPermissions(UnixFileAttributeViews.java:276)
		at java.base/java.nio.file.Files.setPosixFilePermissions(Files.java:2156)
		at jenkins.util.io.PathRemover.makeWritable(PathRemover.java:283)
		at jenkins.util.io.PathRemover.makeRemovable(PathRemover.java:256)
		at jenkins.util.io.PathRemover.removeOrMakeRemovableThenRemove(PathRemover.java:236)
		at jenkins.util.io.PathRemover.tryRemoveFile(PathRemover.java:202)
		at jenkins.util.io.PathRemover.tryRemoveRecursive(PathRemover.java:213)
		at jenkins.util.io.PathRemover.tryRemoveDirectoryContents(PathRemover.java:223)
		at jenkins.util.io.PathRemover.tryRemoveRecursive(PathRemover.java:212)
		at jenkins.util.io.PathRemover.tryRemoveDirectoryContents(PathRemover.java:223)
		at jenkins.util.io.PathRemover.tryRemoveRecursive(PathRemover.java:212)
		at jenkins.util.io.PathRemover.tryRemoveDirectoryContents(PathRemover.java:223)
		at jenkins.util.io.PathRemover.tryRemoveRecursive(PathRemover.java:212)
		at jenkins.util.io.PathRemover.tryRemoveDirectoryContents(PathRemover.java:223)
		at jenkins.util.io.PathRemover.tryRemoveRecursive(PathRemover.java:212)
		at jenkins.util.io.PathRemover.tryRemoveDirectoryContents(PathRemover.java:223)
		at jenkins.util.io.PathRemover.tryRemoveRecursive(PathRemover.java:212)
		at jenkins.util.io.PathRemover.tryRemoveDirectoryContents(PathRemover.java:223)
		at jenkins.util.io.PathRemover.tryRemoveRecursive(PathRemover.java:212)
		at jenkins.util.io.PathRemover.tryRemoveDirectoryContents(PathRemover.java:223)
		at jenkins.util.io.PathRemover.tryRemoveRecursive(PathRemover.java:212)
		at jenkins.util.io.PathRemover.forceRemoveRecursive(PathRemover.java:93)
Also:   hudson.remoting.Channel$CallSiteStackTrace: Remote call to cloud-test
		at hudson.remoting.Channel.attachCallSiteStackTrace(Channel.java:1784)
		at hudson.remoting.UserRequest$ExceptionResponse.retrieve(UserRequest.java:356)
		at hudson.remoting.Channel.call(Channel.java:1000)
		at hudson.FilePath.act(FilePath.java:1186)
		at hudson.FilePath.act(FilePath.java:1175)
		at hudson.FilePath.deleteRecursive(FilePath.java:1428)
		at hudson.model.WorkspaceCleanupThread.execute(WorkspaceCleanupThread.java:94)
		at hudson.model.AsyncPeriodicWork.lambda$doRun$0(AsyncPeriodicWork.java:102)
		at java.base/java.lang.Thread.run(Thread.java:829)
jenkins.util.io.CompositeIOException: Unable to delete '/home/indemind/.jenkins/workspace/gerry_slam'. Tried 3 times (of a maximum of 3) waiting 0.1 sec between attempts. (Discarded 409 additional exceptions)
	at jenkins.util.io.PathRemover.forceRemoveRecursive(PathRemover.java:96)
	at hudson.Util.deleteRecursive(Util.java:320)
	at hudson.FilePath$DeleteRecursive.invoke(FilePath.java:1436)
	at hudson.FilePath$DeleteRecursive.invoke(FilePath.java:1431)
	at hudson.FilePath$FileCallableWrapper.call(FilePath.java:3492)
	at hudson.remoting.UserRequest.perform(UserRequest.java:211)
	at hudson.remoting.UserRequest.perform(UserRequest.java:54)
	at hudson.remoting.Request$2.run(Request.java:377)
	at hudson.remoting.InterceptingExecutorService.lambda$wrap$0(InterceptingExecutorService.java:78)
	at java.base/java.util.concurrent.FutureTask.run(FutureTask.java:264)
	at java.base/java.util.concurrent.ThreadPoolExecutor.runWorker(ThreadPoolExecutor.java:1128)
	at java.base/java.util.concurrent.ThreadPoolExecutor$Worker.run(ThreadPoolExecutor.java:628)
	at java.base/java.lang.Thread.run(Thread.java:835)
Checking gitlab-backup
Checking groot-sdk
Checking groot_app
Checking gtapp
Checking HaierH13-slam-3566
Checking HaierH13_app
Checking i12r-calibration
Checking i12r-embeded
Checking i12r-embeded-indemd
Checking i12r-embeded-ofilm
Checking i12r-mark
Checking i12r-ros
Checking i12r-slam
Checking i12r_depth
Checking i18r-embeded
Checking i18r-embeded-ice
Checking i18r-ros-pc
Checking i18r-sdk
Checking i18r-sdk-sunny
Checking i18r-slam
Checking i18r-slam-calibration
Checking i18r-slam-pc
Checking i18r_deeplearning
Checking i18r_depth
Checking i18r_depth_pc
Deleting /home/indemind/.jenkins/workspace/i18r_depth_pc on 158
ERROR: Failed to delete /home/indemind/.jenkins/workspace/i18r_depth_pc on 158
Also:   java.nio.file.FileSystemException: /home/indemind/.jenkins/workspace/i18r_depth_pc/DepthModuleForICE/install/config/test.yml: 不允许的操作
		at java.base/sun.nio.fs.UnixException.translateToIOException(UnixException.java:100)
		at java.base/sun.nio.fs.UnixException.rethrowAsIOException(UnixException.java:111)
		at java.base/sun.nio.fs.UnixException.rethrowAsIOException(UnixException.java:116)
		at java.base/sun.nio.fs.UnixFileAttributeViews$Posix.setMode(UnixFileAttributeViews.java:254)
		at java.base/sun.nio.fs.UnixFileAttributeViews$Posix.setPermissions(UnixFileAttributeViews.java:276)
		at java.base/java.nio.file.Files.setPosixFilePermissions(Files.java:2080)
		at jenkins.util.io.PathRemover.makeWritable(PathRemover.java:283)
		at jenkins.util.io.PathRemover.makeRemovable(PathRemover.java:256)
		at jenkins.util.io.PathRemover.removeOrMakeRemovableThenRemove(PathRemover.java:236)
		at jenkins.util.io.PathRemover.tryRemoveFile(PathRemover.java:202)
		at jenkins.util.io.PathRemover.tryRemoveRecursive(PathRemover.java:213)
		at jenkins.util.io.PathRemover.tryRemoveDirectoryContents(PathRemover.java:223)
		at jenkins.util.io.PathRemover.tryRemoveRecursive(PathRemover.java:212)
		at jenkins.util.io.PathRemover.tryRemoveDirectoryContents(PathRemover.java:223)
		at jenkins.util.io.PathRemover.tryRemoveRecursive(PathRemover.java:212)
		at jenkins.util.io.PathRemover.tryRemoveDirectoryContents(PathRemover.java:223)
		at jenkins.util.io.PathRemover.tryRemoveRecursive(PathRemover.java:212)
		at jenkins.util.io.PathRemover.tryRemoveDirectoryContents(PathRemover.java:223)
		at jenkins.util.io.PathRemover.tryRemoveRecursive(PathRemover.java:212)
		at jenkins.util.io.PathRemover.forceRemoveRecursive(PathRemover.java:93)
Also:   java.nio.file.FileSystemException: /home/indemind/.jenkins/workspace/i18r_depth_pc/DepthModuleForICE/install/config/depth.yml: 不允许的操作
		at java.base/sun.nio.fs.UnixException.translateToIOException(UnixException.java:100)
		at java.base/sun.nio.fs.UnixException.rethrowAsIOException(UnixException.java:111)
		at java.base/sun.nio.fs.UnixException.rethrowAsIOException(UnixException.java:116)
		at java.base/sun.nio.fs.UnixFileAttributeViews$Posix.setMode(UnixFileAttributeViews.java:254)
		at java.base/sun.nio.fs.UnixFileAttributeViews$Posix.setPermissions(UnixFileAttributeViews.java:276)
		at java.base/java.nio.file.Files.setPosixFilePermissions(Files.java:2080)
		at jenkins.util.io.PathRemover.makeWritable(PathRemover.java:283)
		at jenkins.util.io.PathRemover.makeRemovable(PathRemover.java:256)
		at jenkins.util.io.PathRemover.removeOrMakeRemovableThenRemove(PathRemover.java:236)
		at jenkins.util.io.PathRemover.tryRemoveFile(PathRemover.java:202)
		at jenkins.util.io.PathRemover.tryRemoveRecursive(PathRemover.java:213)
		at jenkins.util.io.PathRemover.tryRemoveDirectoryContents(PathRemover.java:223)
		at jenkins.util.io.PathRemover.tryRemoveRecursive(PathRemover.java:212)
		at jenkins.util.io.PathRemover.tryRemoveDirectoryContents(PathRemover.java:223)
		at jenkins.util.io.PathRemover.tryRemoveRecursive(PathRemover.java:212)
		at jenkins.util.io.PathRemover.tryRemoveDirectoryContents(PathRemover.java:223)
		at jenkins.util.io.PathRemover.tryRemoveRecursive(PathRemover.java:212)
		at jenkins.util.io.PathRemover.tryRemoveDirectoryContents(PathRemover.java:223)
		at jenkins.util.io.PathRemover.tryRemoveRecursive(PathRemover.java:212)
		at jenkins.util.io.PathRemover.forceRemoveRecursive(PathRemover.java:93)
Also:   java.nio.file.FileSystemException: /home/indemind/.jenkins/workspace/i18r_depth_pc/DepthModuleForICE/install/config/cl_files/cvf.cl: 不允许的操作
		at java.base/sun.nio.fs.UnixException.translateToIOException(UnixException.java:100)
		at java.base/sun.nio.fs.UnixException.rethrowAsIOException(UnixException.java:111)
		at java.base/sun.nio.fs.UnixException.rethrowAsIOException(UnixException.java:116)
		at java.base/sun.nio.fs.UnixFileAttributeViews$Posix.setMode(UnixFileAttributeViews.java:254)
		at java.base/sun.nio.fs.UnixFileAttributeViews$Posix.setPermissions(UnixFileAttributeViews.java:276)
		at java.base/java.nio.file.Files.setPosixFilePermissions(Files.java:2080)
		at jenkins.util.io.PathRemover.makeWritable(PathRemover.java:283)
		at jenkins.util.io.PathRemover.makeRemovable(PathRemover.java:256)
		at jenkins.util.io.PathRemover.removeOrMakeRemovableThenRemove(PathRemover.java:236)
		at jenkins.util.io.PathRemover.tryRemoveFile(PathRemover.java:202)
		at jenkins.util.io.PathRemover.tryRemoveRecursive(PathRemover.java:213)
		at jenkins.util.io.PathRemover.tryRemoveDirectoryContents(PathRemover.java:223)
		at jenkins.util.io.PathRemover.tryRemoveRecursive(PathRemover.java:212)
		at jenkins.util.io.PathRemover.tryRemoveDirectoryContents(PathRemover.java:223)
		at jenkins.util.io.PathRemover.tryRemoveRecursive(PathRemover.java:212)
		at jenkins.util.io.PathRemover.tryRemoveDirectoryContents(PathRemover.java:223)
		at jenkins.util.io.PathRemover.tryRemoveRecursive(PathRemover.java:212)
		at jenkins.util.io.PathRemover.tryRemoveDirectoryContents(PathRemover.java:223)
		at jenkins.util.io.PathRemover.tryRemoveRecursive(PathRemover.java:212)
		at jenkins.util.io.PathRemover.tryRemoveDirectoryContents(PathRemover.java:223)
		at jenkins.util.io.PathRemover.tryRemoveRecursive(PathRemover.java:212)
		at jenkins.util.io.PathRemover.forceRemoveRecursive(PathRemover.java:93)
Also:   java.nio.file.FileSystemException: /home/indemind/.jenkins/workspace/i18r_depth_pc/DepthModuleForICE/install/config/cl_files/cvc.cl: 不允许的操作
		at java.base/sun.nio.fs.UnixException.translateToIOException(UnixException.java:100)
		at java.base/sun.nio.fs.UnixException.rethrowAsIOException(UnixException.java:111)
		at java.base/sun.nio.fs.UnixException.rethrowAsIOException(UnixException.java:116)
		at java.base/sun.nio.fs.UnixFileAttributeViews$Posix.setMode(UnixFileAttributeViews.java:254)
		at java.base/sun.nio.fs.UnixFileAttributeViews$Posix.setPermissions(UnixFileAttributeViews.java:276)
		at java.base/java.nio.file.Files.setPosixFilePermissions(Files.java:2080)
		at jenkins.util.io.PathRemover.makeWritable(PathRemover.java:283)
		at jenkins.util.io.PathRemover.makeRemovable(PathRemover.java:256)
		at jenkins.util.io.PathRemover.removeOrMakeRemovableThenRemove(PathRemover.java:236)
		at jenkins.util.io.PathRemover.tryRemoveFile(PathRemover.java:202)
		at jenkins.util.io.PathRemover.tryRemoveRecursive(PathRemover.java:213)
		at jenkins.util.io.PathRemover.tryRemoveDirectoryContents(PathRemover.java:223)
		at jenkins.util.io.PathRemover.tryRemoveRecursive(PathRemover.java:212)
		at jenkins.util.io.PathRemover.tryRemoveDirectoryContents(PathRemover.java:223)
		at jenkins.util.io.PathRemover.tryRemoveRecursive(PathRemover.java:212)
		at jenkins.util.io.PathRemover.tryRemoveDirectoryContents(PathRemover.java:223)
		at jenkins.util.io.PathRemover.tryRemoveRecursive(PathRemover.java:212)
		at jenkins.util.io.PathRemover.tryRemoveDirectoryContents(PathRemover.java:223)
		at jenkins.util.io.PathRemover.tryRemoveRecursive(PathRemover.java:212)
		at jenkins.util.io.PathRemover.tryRemoveDirectoryContents(PathRemover.java:223)
		at jenkins.util.io.PathRemover.tryRemoveRecursive(PathRemover.java:212)
		at jenkins.util.io.PathRemover.forceRemoveRecursive(PathRemover.java:93)
Also:   java.nio.file.FileSystemException: /home/indemind/.jenkins/workspace/i18r_depth_pc/DepthModuleForICE/install/config/cl_files/match.cl: 不允许的操作
		at java.base/sun.nio.fs.UnixException.translateToIOException(UnixException.java:100)
		at java.base/sun.nio.fs.UnixException.rethrowAsIOException(UnixException.java:111)
		at java.base/sun.nio.fs.UnixException.rethrowAsIOException(UnixException.java:116)
		at java.base/sun.nio.fs.UnixFileAttributeViews$Posix.setMode(UnixFileAttributeViews.java:254)
		at java.base/sun.nio.fs.UnixFileAttributeViews$Posix.setPermissions(UnixFileAttributeViews.java:276)
		at java.base/java.nio.file.Files.setPosixFilePermissions(Files.java:2080)
		at jenkins.util.io.PathRemover.makeWritable(PathRemover.java:283)
		at jenkins.util.io.PathRemover.makeRemovable(PathRemover.java:256)
		at jenkins.util.io.PathRemover.removeOrMakeRemovableThenRemove(PathRemover.java:236)
		at jenkins.util.io.PathRemover.tryRemoveFile(PathRemover.java:202)
		at jenkins.util.io.PathRemover.tryRemoveRecursive(PathRemover.java:213)
		at jenkins.util.io.PathRemover.tryRemoveDirectoryContents(PathRemover.java:223)
		at jenkins.util.io.PathRemover.tryRemoveRecursive(PathRemover.java:212)
		at jenkins.util.io.PathRemover.tryRemoveDirectoryContents(PathRemover.java:223)
		at jenkins.util.io.PathRemover.tryRemoveRecursive(PathRemover.java:212)
		at jenkins.util.io.PathRemover.tryRemoveDirectoryContents(PathRemover.java:223)
		at jenkins.util.io.PathRemover.tryRemoveRecursive(PathRemover.java:212)
		at jenkins.util.io.PathRemover.tryRemoveDirectoryContents(PathRemover.java:223)
		at jenkins.util.io.PathRemover.tryRemoveRecursive(PathRemover.java:212)
		at jenkins.util.io.PathRemover.tryRemoveDirectoryContents(PathRemover.java:223)
		at jenkins.util.io.PathRemover.tryRemoveRecursive(PathRemover.java:212)
		at jenkins.util.io.PathRemover.forceRemoveRecursive(PathRemover.java:93)
Also:   java.nio.file.FileSystemException: /home/indemind/.jenkins/workspace/i18r_depth_pc/DepthModuleForICE/install/config/cl_files/3ddepth.cl: 不允许的操作
		at java.base/sun.nio.fs.UnixException.translateToIOException(UnixException.java:100)
		at java.base/sun.nio.fs.UnixException.rethrowAsIOException(UnixException.java:111)
		at java.base/sun.nio.fs.UnixException.rethrowAsIOException(UnixException.java:116)
		at java.base/sun.nio.fs.UnixFileAttributeViews$Posix.setMode(UnixFileAttributeViews.java:254)
		at java.base/sun.nio.fs.UnixFileAttributeViews$Posix.setPermissions(UnixFileAttributeViews.java:276)
		at java.base/java.nio.file.Files.setPosixFilePermissions(Files.java:2080)
		at jenkins.util.io.PathRemover.makeWritable(PathRemover.java:283)
		at jenkins.util.io.PathRemover.makeRemovable(PathRemover.java:256)
		at jenkins.util.io.PathRemover.removeOrMakeRemovableThenRemove(PathRemover.java:236)
		at jenkins.util.io.PathRemover.tryRemoveFile(PathRemover.java:202)
		at jenkins.util.io.PathRemover.tryRemoveRecursive(PathRemover.java:213)
		at jenkins.util.io.PathRemover.tryRemoveDirectoryContents(PathRemover.java:223)
		at jenkins.util.io.PathRemover.tryRemoveRecursive(PathRemover.java:212)
		at jenkins.util.io.PathRemover.tryRemoveDirectoryContents(PathRemover.java:223)
		at jenkins.util.io.PathRemover.tryRemoveRecursive(PathRemover.java:212)
		at jenkins.util.io.PathRemover.tryRemoveDirectoryContents(PathRemover.java:223)
		at jenkins.util.io.PathRemover.tryRemoveRecursive(PathRemover.java:212)
		at jenkins.util.io.PathRemover.tryRemoveDirectoryContents(PathRemover.java:223)
		at jenkins.util.io.PathRemover.tryRemoveRecursive(PathRemover.java:212)
		at jenkins.util.io.PathRemover.tryRemoveDirectoryContents(PathRemover.java:223)
		at jenkins.util.io.PathRemover.tryRemoveRecursive(PathRemover.java:212)
		at jenkins.util.io.PathRemover.forceRemoveRecursive(PathRemover.java:93)
Also:   java.nio.file.FileSystemException: /home/indemind/.jenkins/workspace/i18r_depth_pc/DepthModuleForICE/install/config/cl_files/dispsel.cl: 不允许的操作
		at java.base/sun.nio.fs.UnixException.translateToIOException(UnixException.java:100)
		at java.base/sun.nio.fs.UnixException.rethrowAsIOException(UnixException.java:111)
		at java.base/sun.nio.fs.UnixException.rethrowAsIOException(UnixException.java:116)
		at java.base/sun.nio.fs.UnixFileAttributeViews$Posix.setMode(UnixFileAttributeViews.java:254)
		at java.base/sun.nio.fs.UnixFileAttributeViews$Posix.setPermissions(UnixFileAttributeViews.java:276)
		at java.base/java.nio.file.Files.setPosixFilePermissions(Files.java:2080)
		at jenkins.util.io.PathRemover.makeWritable(PathRemover.java:283)
		at jenkins.util.io.PathRemover.makeRemovable(PathRemover.java:256)
		at jenkins.util.io.PathRemover.removeOrMakeRemovableThenRemove(PathRemover.java:236)
		at jenkins.util.io.PathRemover.tryRemoveFile(PathRemover.java:202)
		at jenkins.util.io.PathRemover.tryRemoveRecursive(PathRemover.java:213)
		at jenkins.util.io.PathRemover.tryRemoveDirectoryContents(PathRemover.java:223)
		at jenkins.util.io.PathRemover.tryRemoveRecursive(PathRemover.java:212)
		at jenkins.util.io.PathRemover.tryRemoveDirectoryContents(PathRemover.java:223)
		at jenkins.util.io.PathRemover.tryRemoveRecursive(PathRemover.java:212)
		at jenkins.util.io.PathRemover.tryRemoveDirectoryContents(PathRemover.java:223)
		at jenkins.util.io.PathRemover.tryRemoveRecursive(PathRemover.java:212)
		at jenkins.util.io.PathRemover.tryRemoveDirectoryContents(PathRemover.java:223)
		at jenkins.util.io.PathRemover.tryRemoveRecursive(PathRemover.java:212)
		at jenkins.util.io.PathRemover.tryRemoveDirectoryContents(PathRemover.java:223)
		at jenkins.util.io.PathRemover.tryRemoveRecursive(PathRemover.java:212)
		at jenkins.util.io.PathRemover.forceRemoveRecursive(PathRemover.java:93)
Also:   java.nio.file.FileSystemException: /home/indemind/.jenkins/workspace/i18r_depth_pc/DepthModuleForICE/install/config/cl_files/preprocess.cl: 不允许的操作
		at java.base/sun.nio.fs.UnixException.translateToIOException(UnixException.java:100)
		at java.base/sun.nio.fs.UnixException.rethrowAsIOException(UnixException.java:111)
		at java.base/sun.nio.fs.UnixException.rethrowAsIOException(UnixException.java:116)
		at java.base/sun.nio.fs.UnixFileAttributeViews$Posix.setMode(UnixFileAttributeViews.java:254)
		at java.base/sun.nio.fs.UnixFileAttributeViews$Posix.setPermissions(UnixFileAttributeViews.java:276)
		at java.base/java.nio.file.Files.setPosixFilePermissions(Files.java:2080)
		at jenkins.util.io.PathRemover.makeWritable(PathRemover.java:283)
		at jenkins.util.io.PathRemover.makeRemovable(PathRemover.java:256)
		at jenkins.util.io.PathRemover.removeOrMakeRemovableThenRemove(PathRemover.java:236)
		at jenkins.util.io.PathRemover.tryRemoveFile(PathRemover.java:202)
		at jenkins.util.io.PathRemover.tryRemoveRecursive(PathRemover.java:213)
		at jenkins.util.io.PathRemover.tryRemoveDirectoryContents(PathRemover.java:223)
		at jenkins.util.io.PathRemover.tryRemoveRecursive(PathRemover.java:212)
		at jenkins.util.io.PathRemover.tryRemoveDirectoryContents(PathRemover.java:223)
		at jenkins.util.io.PathRemover.tryRemoveRecursive(PathRemover.java:212)
		at jenkins.util.io.PathRemover.tryRemoveDirectoryContents(PathRemover.java:223)
		at jenkins.util.io.PathRemover.tryRemoveRecursive(PathRemover.java:212)
		at jenkins.util.io.PathRemover.tryRemoveDirectoryContents(PathRemover.java:223)
		at jenkins.util.io.PathRemover.tryRemoveRecursive(PathRemover.java:212)
		at jenkins.util.io.PathRemover.tryRemoveDirectoryContents(PathRemover.java:223)
		at jenkins.util.io.PathRemover.tryRemoveRecursive(PathRemover.java:212)
		at jenkins.util.io.PathRemover.forceRemoveRecursive(PathRemover.java:93)
Also:   java.nio.file.FileSystemException: /home/indemind/.jenkins/workspace/i18r_depth_pc/DepthModuleForICE/install/config/cl_files: 不允许的操作
		at java.base/sun.nio.fs.UnixException.translateToIOException(UnixException.java:100)
		at java.base/sun.nio.fs.UnixException.rethrowAsIOException(UnixException.java:111)
		at java.base/sun.nio.fs.UnixException.rethrowAsIOException(UnixException.java:116)
		at java.base/sun.nio.fs.UnixFileAttributeViews$Posix.setMode(UnixFileAttributeViews.java:254)
		at java.base/sun.nio.fs.UnixFileAttributeViews$Posix.setPermissions(UnixFileAttributeViews.java:276)
		at java.base/java.nio.file.Files.setPosixFilePermissions(Files.java:2080)
		at jenkins.util.io.PathRemover.makeWritable(PathRemover.java:283)
		at jenkins.util.io.PathRemover.makeRemovable(PathRemover.java:256)
		at jenkins.util.io.PathRemover.removeOrMakeRemovableThenRemove(PathRemover.java:236)
		at jenkins.util.io.PathRemover.tryRemoveFile(PathRemover.java:202)
		at jenkins.util.io.PathRemover.tryRemoveRecursive(PathRemover.java:213)
		at jenkins.util.io.PathRemover.tryRemoveDirectoryContents(PathRemover.java:223)
		at jenkins.util.io.PathRemover.tryRemoveRecursive(PathRemover.java:212)
		at jenkins.util.io.PathRemover.tryRemoveDirectoryContents(PathRemover.java:223)
		at jenkins.util.io.PathRemover.tryRemoveRecursive(PathRemover.java:212)
		at jenkins.util.io.PathRemover.tryRemoveDirectoryContents(PathRemover.java:223)
		at jenkins.util.io.PathRemover.tryRemoveRecursive(PathRemover.java:212)
		at jenkins.util.io.PathRemover.tryRemoveDirectoryContents(PathRemover.java:223)
		at jenkins.util.io.PathRemover.tryRemoveRecursive(PathRemover.java:212)
		at jenkins.util.io.PathRemover.forceRemoveRecursive(PathRemover.java:93)
Also:   java.nio.file.FileSystemException: /home/indemind/.jenkins/workspace/i18r_depth_pc/DepthModuleForICE/install/config/hardware_param.yml: 不允许的操作
		at java.base/sun.nio.fs.UnixException.translateToIOException(UnixException.java:100)
		at java.base/sun.nio.fs.UnixException.rethrowAsIOException(UnixException.java:111)
		at java.base/sun.nio.fs.UnixException.rethrowAsIOException(UnixException.java:116)
		at java.base/sun.nio.fs.UnixFileAttributeViews$Posix.setMode(UnixFileAttributeViews.java:254)
		at java.base/sun.nio.fs.UnixFileAttributeViews$Posix.setPermissions(UnixFileAttributeViews.java:276)
		at java.base/java.nio.file.Files.setPosixFilePermissions(Files.java:2080)
		at jenkins.util.io.PathRemover.makeWritable(PathRemover.java:283)
		at jenkins.util.io.PathRemover.makeRemovable(PathRemover.java:256)
		at jenkins.util.io.PathRemover.removeOrMakeRemovableThenRemove(PathRemover.java:236)
		at jenkins.util.io.PathRemover.tryRemoveFile(PathRemover.java:202)
		at jenkins.util.io.PathRemover.tryRemoveRecursive(PathRemover.java:213)
		at jenkins.util.io.PathRemover.tryRemoveDirectoryContents(PathRemover.java:223)
		at jenkins.util.io.PathRemover.tryRemoveRecursive(PathRemover.java:212)
		at jenkins.util.io.PathRemover.tryRemoveDirectoryContents(PathRemover.java:223)
		at jenkins.util.io.PathRemover.tryRemoveRecursive(PathRemover.java:212)
		at jenkins.util.io.PathRemover.tryRemoveDirectoryContents(PathRemover.java:223)
		at jenkins.util.io.PathRemover.tryRemoveRecursive(PathRemover.java:212)
		at jenkins.util.io.PathRemover.tryRemoveDirectoryContents(PathRemover.java:223)
		at jenkins.util.io.PathRemover.tryRemoveRecursive(PathRemover.java:212)
		at jenkins.util.io.PathRemover.forceRemoveRecursive(PathRemover.java:93)
Also:   hudson.remoting.Channel$CallSiteStackTrace: Remote call to 158
		at hudson.remoting.Channel.attachCallSiteStackTrace(Channel.java:1784)
		at hudson.remoting.UserRequest$ExceptionResponse.retrieve(UserRequest.java:356)
		at hudson.remoting.Channel.call(Channel.java:1000)
		at hudson.FilePath.act(FilePath.java:1186)
		at hudson.FilePath.act(FilePath.java:1175)
		at hudson.FilePath.deleteRecursive(FilePath.java:1428)
		at hudson.model.WorkspaceCleanupThread.execute(WorkspaceCleanupThread.java:94)
		at hudson.model.AsyncPeriodicWork.lambda$doRun$0(AsyncPeriodicWork.java:102)
		at java.base/java.lang.Thread.run(Thread.java:829)
jenkins.util.io.CompositeIOException: Unable to delete '/home/indemind/.jenkins/workspace/i18r_depth_pc'. Tried 3 times (of a maximum of 3) waiting 0.1 sec between attempts. (Discarded 486 additional exceptions)
	at jenkins.util.io.PathRemover.forceRemoveRecursive(PathRemover.java:96)
	at hudson.Util.deleteRecursive(Util.java:320)
	at hudson.FilePath$DeleteRecursive.invoke(FilePath.java:1436)
	at hudson.FilePath$DeleteRecursive.invoke(FilePath.java:1431)
	at hudson.FilePath$FileCallableWrapper.call(FilePath.java:3492)
	at hudson.remoting.UserRequest.perform(UserRequest.java:211)
	at hudson.remoting.UserRequest.perform(UserRequest.java:54)
	at hudson.remoting.Request$2.run(Request.java:377)
	at hudson.remoting.InterceptingExecutorService.lambda$wrap$0(InterceptingExecutorService.java:78)
	at java.base/java.util.concurrent.FutureTask.run(FutureTask.java:264)
	at java.base/java.util.concurrent.ThreadPoolExecutor.runWorker(ThreadPoolExecutor.java:1128)
	at java.base/java.util.concurrent.ThreadPoolExecutor$Worker.run(ThreadPoolExecutor.java:628)
	at java.base/java.lang.Thread.run(Thread.java:834)
Checking i18r_depth_test
Checking i18r_depth_test_pc
Checking i18r_g2-basic-sdk
Checking i18r_g2-calibration-mark
Checking i18r_g2-embeded
Checking i18r_g2-mark
Checking i18r_g2-ros
Checking i18r_g2-sdk
Checking i18r_g2-slam
Checking i18r_g2-slam_base
Checking i18r_g2-updater
Checking i18r_g2_app
Checking i18r_g2_deeplearning
Checking i18r_g2_deploy_depth
Checking i18r_g2_deploy_ros
Checking i18r_g2_depth
Checking i18r_g2_ui
Checking i18r_gx-ros
Checking i18r_robot_check
Checking i18r_tools
Checking i18r_ui
Checking indemind_app
Checking indemind_app_mind_os
Checking indemind_app_mind_os-sunny
Checking independent_dirt_detecte_app
Checking jenkins_config
Checking jira-backup
Checking line_laser_check_slam_pc
Deleting /home/indemind/.jenkins/workspace/line_laser_check_slam_pc on 158
ERROR: Failed to delete /home/indemind/.jenkins/workspace/line_laser_check_slam_pc on 158
Also:   java.nio.file.FileSystemException: /home/indemind/.jenkins/workspace/line_laser_check_slam_pc/line_laser_check/install/config/irconfig.yaml: 不允许的操作
		at java.base/sun.nio.fs.UnixException.translateToIOException(UnixException.java:100)
		at java.base/sun.nio.fs.UnixException.rethrowAsIOException(UnixException.java:111)
		at java.base/sun.nio.fs.UnixException.rethrowAsIOException(UnixException.java:116)
		at java.base/sun.nio.fs.UnixFileAttributeViews$Posix.setMode(UnixFileAttributeViews.java:254)
		at java.base/sun.nio.fs.UnixFileAttributeViews$Posix.setPermissions(UnixFileAttributeViews.java:276)
		at java.base/java.nio.file.Files.setPosixFilePermissions(Files.java:2080)
		at jenkins.util.io.PathRemover.makeWritable(PathRemover.java:283)
		at jenkins.util.io.PathRemover.makeRemovable(PathRemover.java:256)
		at jenkins.util.io.PathRemover.removeOrMakeRemovableThenRemove(PathRemover.java:236)
		at jenkins.util.io.PathRemover.tryRemoveFile(PathRemover.java:202)
		at jenkins.util.io.PathRemover.tryRemoveRecursive(PathRemover.java:213)
		at jenkins.util.io.PathRemover.tryRemoveDirectoryContents(PathRemover.java:223)
		at jenkins.util.io.PathRemover.tryRemoveRecursive(PathRemover.java:212)
		at jenkins.util.io.PathRemover.tryRemoveDirectoryContents(PathRemover.java:223)
		at jenkins.util.io.PathRemover.tryRemoveRecursive(PathRemover.java:212)
		at jenkins.util.io.PathRemover.tryRemoveDirectoryContents(PathRemover.java:223)
		at jenkins.util.io.PathRemover.tryRemoveRecursive(PathRemover.java:212)
		at jenkins.util.io.PathRemover.tryRemoveDirectoryContents(PathRemover.java:223)
		at jenkins.util.io.PathRemover.tryRemoveRecursive(PathRemover.java:212)
		at jenkins.util.io.PathRemover.forceRemoveRecursive(PathRemover.java:93)
Also:   java.nio.file.FileSystemException: /home/indemind/.jenkins/workspace/line_laser_check_slam_pc/line_laser_check/install/config/colorconfig.yaml: 不允许的操作
		at java.base/sun.nio.fs.UnixException.translateToIOException(UnixException.java:100)
		at java.base/sun.nio.fs.UnixException.rethrowAsIOException(UnixException.java:111)
		at java.base/sun.nio.fs.UnixException.rethrowAsIOException(UnixException.java:116)
		at java.base/sun.nio.fs.UnixFileAttributeViews$Posix.setMode(UnixFileAttributeViews.java:254)
		at java.base/sun.nio.fs.UnixFileAttributeViews$Posix.setPermissions(UnixFileAttributeViews.java:276)
		at java.base/java.nio.file.Files.setPosixFilePermissions(Files.java:2080)
		at jenkins.util.io.PathRemover.makeWritable(PathRemover.java:283)
		at jenkins.util.io.PathRemover.makeRemovable(PathRemover.java:256)
		at jenkins.util.io.PathRemover.removeOrMakeRemovableThenRemove(PathRemover.java:236)
		at jenkins.util.io.PathRemover.tryRemoveFile(PathRemover.java:202)
		at jenkins.util.io.PathRemover.tryRemoveRecursive(PathRemover.java:213)
		at jenkins.util.io.PathRemover.tryRemoveDirectoryContents(PathRemover.java:223)
		at jenkins.util.io.PathRemover.tryRemoveRecursive(PathRemover.java:212)
		at jenkins.util.io.PathRemover.tryRemoveDirectoryContents(PathRemover.java:223)
		at jenkins.util.io.PathRemover.tryRemoveRecursive(PathRemover.java:212)
		at jenkins.util.io.PathRemover.tryRemoveDirectoryContents(PathRemover.java:223)
		at jenkins.util.io.PathRemover.tryRemoveRecursive(PathRemover.java:212)
		at jenkins.util.io.PathRemover.tryRemoveDirectoryContents(PathRemover.java:223)
		at jenkins.util.io.PathRemover.tryRemoveRecursive(PathRemover.java:212)
		at jenkins.util.io.PathRemover.forceRemoveRecursive(PathRemover.java:93)
Also:   java.nio.file.FileSystemException: /home/indemind/.jenkins/workspace/line_laser_check_slam_pc/line_laser_check/install/config/lowPoints.txt: 不允许的操作
		at java.base/sun.nio.fs.UnixException.translateToIOException(UnixException.java:100)
		at java.base/sun.nio.fs.UnixException.rethrowAsIOException(UnixException.java:111)
		at java.base/sun.nio.fs.UnixException.rethrowAsIOException(UnixException.java:116)
		at java.base/sun.nio.fs.UnixFileAttributeViews$Posix.setMode(UnixFileAttributeViews.java:254)
		at java.base/sun.nio.fs.UnixFileAttributeViews$Posix.setPermissions(UnixFileAttributeViews.java:276)
		at java.base/java.nio.file.Files.setPosixFilePermissions(Files.java:2080)
		at jenkins.util.io.PathRemover.makeWritable(PathRemover.java:283)
		at jenkins.util.io.PathRemover.makeRemovable(PathRemover.java:256)
		at jenkins.util.io.PathRemover.removeOrMakeRemovableThenRemove(PathRemover.java:236)
		at jenkins.util.io.PathRemover.tryRemoveFile(PathRemover.java:202)
		at jenkins.util.io.PathRemover.tryRemoveRecursive(PathRemover.java:213)
		at jenkins.util.io.PathRemover.tryRemoveDirectoryContents(PathRemover.java:223)
		at jenkins.util.io.PathRemover.tryRemoveRecursive(PathRemover.java:212)
		at jenkins.util.io.PathRemover.tryRemoveDirectoryContents(PathRemover.java:223)
		at jenkins.util.io.PathRemover.tryRemoveRecursive(PathRemover.java:212)
		at jenkins.util.io.PathRemover.tryRemoveDirectoryContents(PathRemover.java:223)
		at jenkins.util.io.PathRemover.tryRemoveRecursive(PathRemover.java:212)
		at jenkins.util.io.PathRemover.tryRemoveDirectoryContents(PathRemover.java:223)
		at jenkins.util.io.PathRemover.tryRemoveRecursive(PathRemover.java:212)
		at jenkins.util.io.PathRemover.forceRemoveRecursive(PathRemover.java:93)
Also:   java.nio.file.FileSystemException: /home/indemind/.jenkins/workspace/line_laser_check_slam_pc/line_laser_check/install/config/checkconfig.yaml: 不允许的操作
		at java.base/sun.nio.fs.UnixException.translateToIOException(UnixException.java:100)
		at java.base/sun.nio.fs.UnixException.rethrowAsIOException(UnixException.java:111)
		at java.base/sun.nio.fs.UnixException.rethrowAsIOException(UnixException.java:116)
		at java.base/sun.nio.fs.UnixFileAttributeViews$Posix.setMode(UnixFileAttributeViews.java:254)
		at java.base/sun.nio.fs.UnixFileAttributeViews$Posix.setPermissions(UnixFileAttributeViews.java:276)
		at java.base/java.nio.file.Files.setPosixFilePermissions(Files.java:2080)
		at jenkins.util.io.PathRemover.makeWritable(PathRemover.java:283)
		at jenkins.util.io.PathRemover.makeRemovable(PathRemover.java:256)
		at jenkins.util.io.PathRemover.removeOrMakeRemovableThenRemove(PathRemover.java:236)
		at jenkins.util.io.PathRemover.tryRemoveFile(PathRemover.java:202)
		at jenkins.util.io.PathRemover.tryRemoveRecursive(PathRemover.java:213)
		at jenkins.util.io.PathRemover.tryRemoveDirectoryContents(PathRemover.java:223)
		at jenkins.util.io.PathRemover.tryRemoveRecursive(PathRemover.java:212)
		at jenkins.util.io.PathRemover.tryRemoveDirectoryContents(PathRemover.java:223)
		at jenkins.util.io.PathRemover.tryRemoveRecursive(PathRemover.java:212)
		at jenkins.util.io.PathRemover.tryRemoveDirectoryContents(PathRemover.java:223)
		at jenkins.util.io.PathRemover.tryRemoveRecursive(PathRemover.java:212)
		at jenkins.util.io.PathRemover.tryRemoveDirectoryContents(PathRemover.java:223)
		at jenkins.util.io.PathRemover.tryRemoveRecursive(PathRemover.java:212)
		at jenkins.util.io.PathRemover.forceRemoveRecursive(PathRemover.java:93)
Also:   java.nio.file.FileSystemException: /home/indemind/.jenkins/workspace/line_laser_check_slam_pc/line_laser_check/install/config/highPoints.txt: 不允许的操作
		at java.base/sun.nio.fs.UnixException.translateToIOException(UnixException.java:100)
		at java.base/sun.nio.fs.UnixException.rethrowAsIOException(UnixException.java:111)
		at java.base/sun.nio.fs.UnixException.rethrowAsIOException(UnixException.java:116)
		at java.base/sun.nio.fs.UnixFileAttributeViews$Posix.setMode(UnixFileAttributeViews.java:254)
		at java.base/sun.nio.fs.UnixFileAttributeViews$Posix.setPermissions(UnixFileAttributeViews.java:276)
		at java.base/java.nio.file.Files.setPosixFilePermissions(Files.java:2080)
		at jenkins.util.io.PathRemover.makeWritable(PathRemover.java:283)
		at jenkins.util.io.PathRemover.makeRemovable(PathRemover.java:256)
		at jenkins.util.io.PathRemover.removeOrMakeRemovableThenRemove(PathRemover.java:236)
		at jenkins.util.io.PathRemover.tryRemoveFile(PathRemover.java:202)
		at jenkins.util.io.PathRemover.tryRemoveRecursive(PathRemover.java:213)
		at jenkins.util.io.PathRemover.tryRemoveDirectoryContents(PathRemover.java:223)
		at jenkins.util.io.PathRemover.tryRemoveRecursive(PathRemover.java:212)
		at jenkins.util.io.PathRemover.tryRemoveDirectoryContents(PathRemover.java:223)
		at jenkins.util.io.PathRemover.tryRemoveRecursive(PathRemover.java:212)
		at jenkins.util.io.PathRemover.tryRemoveDirectoryContents(PathRemover.java:223)
		at jenkins.util.io.PathRemover.tryRemoveRecursive(PathRemover.java:212)
		at jenkins.util.io.PathRemover.tryRemoveDirectoryContents(PathRemover.java:223)
		at jenkins.util.io.PathRemover.tryRemoveRecursive(PathRemover.java:212)
		at jenkins.util.io.PathRemover.forceRemoveRecursive(PathRemover.java:93)
Also:   java.nio.file.FileSystemException: /home/indemind/.jenkins/workspace/line_laser_check_slam_pc/line_laser_check/install/config: 不允许的操作
		at java.base/sun.nio.fs.UnixException.translateToIOException(UnixException.java:100)
		at java.base/sun.nio.fs.UnixException.rethrowAsIOException(UnixException.java:111)
		at java.base/sun.nio.fs.UnixException.rethrowAsIOException(UnixException.java:116)
		at java.base/sun.nio.fs.UnixFileAttributeViews$Posix.setMode(UnixFileAttributeViews.java:254)
		at java.base/sun.nio.fs.UnixFileAttributeViews$Posix.setPermissions(UnixFileAttributeViews.java:276)
		at java.base/java.nio.file.Files.setPosixFilePermissions(Files.java:2080)
		at jenkins.util.io.PathRemover.makeWritable(PathRemover.java:283)
		at jenkins.util.io.PathRemover.makeRemovable(PathRemover.java:256)
		at jenkins.util.io.PathRemover.removeOrMakeRemovableThenRemove(PathRemover.java:236)
		at jenkins.util.io.PathRemover.tryRemoveFile(PathRemover.java:202)
		at jenkins.util.io.PathRemover.tryRemoveRecursive(PathRemover.java:213)
		at jenkins.util.io.PathRemover.tryRemoveDirectoryContents(PathRemover.java:223)
		at jenkins.util.io.PathRemover.tryRemoveRecursive(PathRemover.java:212)
		at jenkins.util.io.PathRemover.tryRemoveDirectoryContents(PathRemover.java:223)
		at jenkins.util.io.PathRemover.tryRemoveRecursive(PathRemover.java:212)
		at jenkins.util.io.PathRemover.tryRemoveDirectoryContents(PathRemover.java:223)
		at jenkins.util.io.PathRemover.tryRemoveRecursive(PathRemover.java:212)
		at jenkins.util.io.PathRemover.forceRemoveRecursive(PathRemover.java:93)
Also:   java.nio.file.FileSystemException: /home/indemind/.jenkins/workspace/line_laser_check_slam_pc/line_laser_check/install/include/ext_center_line_for_check.h: 不允许的操作
		at java.base/sun.nio.fs.UnixException.translateToIOException(UnixException.java:100)
		at java.base/sun.nio.fs.UnixException.rethrowAsIOException(UnixException.java:111)
		at java.base/sun.nio.fs.UnixException.rethrowAsIOException(UnixException.java:116)
		at java.base/sun.nio.fs.UnixFileAttributeViews$Posix.setMode(UnixFileAttributeViews.java:254)
		at java.base/sun.nio.fs.UnixFileAttributeViews$Posix.setPermissions(UnixFileAttributeViews.java:276)
		at java.base/java.nio.file.Files.setPosixFilePermissions(Files.java:2080)
		at jenkins.util.io.PathRemover.makeWritable(PathRemover.java:283)
		at jenkins.util.io.PathRemover.makeRemovable(PathRemover.java:256)
		at jenkins.util.io.PathRemover.removeOrMakeRemovableThenRemove(PathRemover.java:236)
		at jenkins.util.io.PathRemover.tryRemoveFile(PathRemover.java:202)
		at jenkins.util.io.PathRemover.tryRemoveRecursive(PathRemover.java:213)
		at jenkins.util.io.PathRemover.tryRemoveDirectoryContents(PathRemover.java:223)
		at jenkins.util.io.PathRemover.tryRemoveRecursive(PathRemover.java:212)
		at jenkins.util.io.PathRemover.tryRemoveDirectoryContents(PathRemover.java:223)
		at jenkins.util.io.PathRemover.tryRemoveRecursive(PathRemover.java:212)
		at jenkins.util.io.PathRemover.tryRemoveDirectoryContents(PathRemover.java:223)
		at jenkins.util.io.PathRemover.tryRemoveRecursive(PathRemover.java:212)
		at jenkins.util.io.PathRemover.tryRemoveDirectoryContents(PathRemover.java:223)
		at jenkins.util.io.PathRemover.tryRemoveRecursive(PathRemover.java:212)
		at jenkins.util.io.PathRemover.forceRemoveRecursive(PathRemover.java:93)
Also:   java.nio.file.FileSystemException: /home/indemind/.jenkins/workspace/line_laser_check_slam_pc/line_laser_check/install/include/check.h: 不允许的操作
		at java.base/sun.nio.fs.UnixException.translateToIOException(UnixException.java:100)
		at java.base/sun.nio.fs.UnixException.rethrowAsIOException(UnixException.java:111)
		at java.base/sun.nio.fs.UnixException.rethrowAsIOException(UnixException.java:116)
		at java.base/sun.nio.fs.UnixFileAttributeViews$Posix.setMode(UnixFileAttributeViews.java:254)
		at java.base/sun.nio.fs.UnixFileAttributeViews$Posix.setPermissions(UnixFileAttributeViews.java:276)
		at java.base/java.nio.file.Files.setPosixFilePermissions(Files.java:2080)
		at jenkins.util.io.PathRemover.makeWritable(PathRemover.java:283)
		at jenkins.util.io.PathRemover.makeRemovable(PathRemover.java:256)
		at jenkins.util.io.PathRemover.removeOrMakeRemovableThenRemove(PathRemover.java:236)
		at jenkins.util.io.PathRemover.tryRemoveFile(PathRemover.java:202)
		at jenkins.util.io.PathRemover.tryRemoveRecursive(PathRemover.java:213)
		at jenkins.util.io.PathRemover.tryRemoveDirectoryContents(PathRemover.java:223)
		at jenkins.util.io.PathRemover.tryRemoveRecursive(PathRemover.java:212)
		at jenkins.util.io.PathRemover.tryRemoveDirectoryContents(PathRemover.java:223)
		at jenkins.util.io.PathRemover.tryRemoveRecursive(PathRemover.java:212)
		at jenkins.util.io.PathRemover.tryRemoveDirectoryContents(PathRemover.java:223)
		at jenkins.util.io.PathRemover.tryRemoveRecursive(PathRemover.java:212)
		at jenkins.util.io.PathRemover.tryRemoveDirectoryContents(PathRemover.java:223)
		at jenkins.util.io.PathRemover.tryRemoveRecursive(PathRemover.java:212)
		at jenkins.util.io.PathRemover.forceRemoveRecursive(PathRemover.java:93)
Also:   java.nio.file.FileSystemException: /home/indemind/.jenkins/workspace/line_laser_check_slam_pc/line_laser_check/install/include/check_findpeaks.h: 不允许的操作
		at java.base/sun.nio.fs.UnixException.translateToIOException(UnixException.java:100)
		at java.base/sun.nio.fs.UnixException.rethrowAsIOException(UnixException.java:111)
		at java.base/sun.nio.fs.UnixException.rethrowAsIOException(UnixException.java:116)
		at java.base/sun.nio.fs.UnixFileAttributeViews$Posix.setMode(UnixFileAttributeViews.java:254)
		at java.base/sun.nio.fs.UnixFileAttributeViews$Posix.setPermissions(UnixFileAttributeViews.java:276)
		at java.base/java.nio.file.Files.setPosixFilePermissions(Files.java:2080)
		at jenkins.util.io.PathRemover.makeWritable(PathRemover.java:283)
		at jenkins.util.io.PathRemover.makeRemovable(PathRemover.java:256)
		at jenkins.util.io.PathRemover.removeOrMakeRemovableThenRemove(PathRemover.java:236)
		at jenkins.util.io.PathRemover.tryRemoveFile(PathRemover.java:202)
		at jenkins.util.io.PathRemover.tryRemoveRecursive(PathRemover.java:213)
		at jenkins.util.io.PathRemover.tryRemoveDirectoryContents(PathRemover.java:223)
		at jenkins.util.io.PathRemover.tryRemoveRecursive(PathRemover.java:212)
		at jenkins.util.io.PathRemover.tryRemoveDirectoryContents(PathRemover.java:223)
		at jenkins.util.io.PathRemover.tryRemoveRecursive(PathRemover.java:212)
		at jenkins.util.io.PathRemover.tryRemoveDirectoryContents(PathRemover.java:223)
		at jenkins.util.io.PathRemover.tryRemoveRecursive(PathRemover.java:212)
		at jenkins.util.io.PathRemover.tryRemoveDirectoryContents(PathRemover.java:223)
		at jenkins.util.io.PathRemover.tryRemoveRecursive(PathRemover.java:212)
		at jenkins.util.io.PathRemover.forceRemoveRecursive(PathRemover.java:93)
Also:   java.nio.file.FileSystemException: /home/indemind/.jenkins/workspace/line_laser_check_slam_pc/line_laser_check/install/include: 不允许的操作
		at java.base/sun.nio.fs.UnixException.translateToIOException(UnixException.java:100)
		at java.base/sun.nio.fs.UnixException.rethrowAsIOException(UnixException.java:111)
		at java.base/sun.nio.fs.UnixException.rethrowAsIOException(UnixException.java:116)
		at java.base/sun.nio.fs.UnixFileAttributeViews$Posix.setMode(UnixFileAttributeViews.java:254)
		at java.base/sun.nio.fs.UnixFileAttributeViews$Posix.setPermissions(UnixFileAttributeViews.java:276)
		at java.base/java.nio.file.Files.setPosixFilePermissions(Files.java:2080)
		at jenkins.util.io.PathRemover.makeWritable(PathRemover.java:283)
		at jenkins.util.io.PathRemover.makeRemovable(PathRemover.java:256)
		at jenkins.util.io.PathRemover.removeOrMakeRemovableThenRemove(PathRemover.java:236)
		at jenkins.util.io.PathRemover.tryRemoveFile(PathRemover.java:202)
		at jenkins.util.io.PathRemover.tryRemoveRecursive(PathRemover.java:213)
		at jenkins.util.io.PathRemover.tryRemoveDirectoryContents(PathRemover.java:223)
		at jenkins.util.io.PathRemover.tryRemoveRecursive(PathRemover.java:212)
		at jenkins.util.io.PathRemover.tryRemoveDirectoryContents(PathRemover.java:223)
		at jenkins.util.io.PathRemover.tryRemoveRecursive(PathRemover.java:212)
		at jenkins.util.io.PathRemover.tryRemoveDirectoryContents(PathRemover.java:223)
		at jenkins.util.io.PathRemover.tryRemoveRecursive(PathRemover.java:212)
		at jenkins.util.io.PathRemover.forceRemoveRecursive(PathRemover.java:93)
Also:   hudson.remoting.Channel$CallSiteStackTrace: Remote call to 158
		at hudson.remoting.Channel.attachCallSiteStackTrace(Channel.java:1784)
		at hudson.remoting.UserRequest$ExceptionResponse.retrieve(UserRequest.java:356)
		at hudson.remoting.Channel.call(Channel.java:1000)
		at hudson.FilePath.act(FilePath.java:1186)
		at hudson.FilePath.act(FilePath.java:1175)
		at hudson.FilePath.deleteRecursive(FilePath.java:1428)
		at hudson.model.WorkspaceCleanupThread.execute(WorkspaceCleanupThread.java:94)
		at hudson.model.AsyncPeriodicWork.lambda$doRun$0(AsyncPeriodicWork.java:102)
		at java.base/java.lang.Thread.run(Thread.java:829)
jenkins.util.io.CompositeIOException: Unable to delete '/home/indemind/.jenkins/workspace/line_laser_check_slam_pc'. Tried 3 times (of a maximum of 3) waiting 0.1 sec between attempts. (Discarded 64 additional exceptions)
	at jenkins.util.io.PathRemover.forceRemoveRecursive(PathRemover.java:96)
	at hudson.Util.deleteRecursive(Util.java:320)
	at hudson.FilePath$DeleteRecursive.invoke(FilePath.java:1436)
	at hudson.FilePath$DeleteRecursive.invoke(FilePath.java:1431)
	at hudson.FilePath$FileCallableWrapper.call(FilePath.java:3492)
	at hudson.remoting.UserRequest.perform(UserRequest.java:211)
	at hudson.remoting.UserRequest.perform(UserRequest.java:54)
	at hudson.remoting.Request$2.run(Request.java:377)
	at hudson.remoting.InterceptingExecutorService.lambda$wrap$0(InterceptingExecutorService.java:78)
	at java.base/java.util.concurrent.FutureTask.run(FutureTask.java:264)
	at java.base/java.util.concurrent.ThreadPoolExecutor.runWorker(ThreadPoolExecutor.java:1128)
	at java.base/java.util.concurrent.ThreadPoolExecutor$Worker.run(ThreadPoolExecutor.java:628)
	at java.base/java.lang.Thread.run(Thread.java:834)
Checking line_laser_embeded_pc
Deleting /home/indemind/.jenkins/workspace/line_laser_embeded_pc on 158
ERROR: Failed to delete /home/indemind/.jenkins/workspace/line_laser_embeded_pc on 158
Also:   java.nio.file.FileSystemException: /home/indemind/.jenkins/workspace/line_laser_embeded_pc/x-line-factory/install/bin/main: 不允许的操作
		at java.base/sun.nio.fs.UnixException.translateToIOException(UnixException.java:100)
		at java.base/sun.nio.fs.UnixException.rethrowAsIOException(UnixException.java:111)
		at java.base/sun.nio.fs.UnixException.rethrowAsIOException(UnixException.java:116)
		at java.base/sun.nio.fs.UnixFileAttributeViews$Posix.setMode(UnixFileAttributeViews.java:254)
		at java.base/sun.nio.fs.UnixFileAttributeViews$Posix.setPermissions(UnixFileAttributeViews.java:276)
		at java.base/java.nio.file.Files.setPosixFilePermissions(Files.java:2080)
		at jenkins.util.io.PathRemover.makeWritable(PathRemover.java:283)
		at jenkins.util.io.PathRemover.makeRemovable(PathRemover.java:256)
		at jenkins.util.io.PathRemover.removeOrMakeRemovableThenRemove(PathRemover.java:236)
		at jenkins.util.io.PathRemover.tryRemoveFile(PathRemover.java:202)
		at jenkins.util.io.PathRemover.tryRemoveRecursive(PathRemover.java:213)
		at jenkins.util.io.PathRemover.tryRemoveDirectoryContents(PathRemover.java:223)
		at jenkins.util.io.PathRemover.tryRemoveRecursive(PathRemover.java:212)
		at jenkins.util.io.PathRemover.tryRemoveDirectoryContents(PathRemover.java:223)
		at jenkins.util.io.PathRemover.tryRemoveRecursive(PathRemover.java:212)
		at jenkins.util.io.PathRemover.tryRemoveDirectoryContents(PathRemover.java:223)
		at jenkins.util.io.PathRemover.tryRemoveRecursive(PathRemover.java:212)
		at jenkins.util.io.PathRemover.tryRemoveDirectoryContents(PathRemover.java:223)
		at jenkins.util.io.PathRemover.tryRemoveRecursive(PathRemover.java:212)
		at jenkins.util.io.PathRemover.forceRemoveRecursive(PathRemover.java:93)
Also:   java.nio.file.FileSystemException: /home/indemind/.jenkins/workspace/line_laser_embeded_pc/x-line-factory/install/bin: 不允许的操作
		at java.base/sun.nio.fs.UnixException.translateToIOException(UnixException.java:100)
		at java.base/sun.nio.fs.UnixException.rethrowAsIOException(UnixException.java:111)
		at java.base/sun.nio.fs.UnixException.rethrowAsIOException(UnixException.java:116)
		at java.base/sun.nio.fs.UnixFileAttributeViews$Posix.setMode(UnixFileAttributeViews.java:254)
		at java.base/sun.nio.fs.UnixFileAttributeViews$Posix.setPermissions(UnixFileAttributeViews.java:276)
		at java.base/java.nio.file.Files.setPosixFilePermissions(Files.java:2080)
		at jenkins.util.io.PathRemover.makeWritable(PathRemover.java:283)
		at jenkins.util.io.PathRemover.makeRemovable(PathRemover.java:256)
		at jenkins.util.io.PathRemover.removeOrMakeRemovableThenRemove(PathRemover.java:236)
		at jenkins.util.io.PathRemover.tryRemoveFile(PathRemover.java:202)
		at jenkins.util.io.PathRemover.tryRemoveRecursive(PathRemover.java:213)
		at jenkins.util.io.PathRemover.tryRemoveDirectoryContents(PathRemover.java:223)
		at jenkins.util.io.PathRemover.tryRemoveRecursive(PathRemover.java:212)
		at jenkins.util.io.PathRemover.tryRemoveDirectoryContents(PathRemover.java:223)
		at jenkins.util.io.PathRemover.tryRemoveRecursive(PathRemover.java:212)
		at jenkins.util.io.PathRemover.tryRemoveDirectoryContents(PathRemover.java:223)
		at jenkins.util.io.PathRemover.tryRemoveRecursive(PathRemover.java:212)
		at jenkins.util.io.PathRemover.forceRemoveRecursive(PathRemover.java:93)
Also:   java.nio.file.FileSystemException: /home/indemind/.jenkins/workspace/line_laser_embeded_pc/x-line-factory/install/sample/main.cpp: 不允许的操作
		at java.base/sun.nio.fs.UnixException.translateToIOException(UnixException.java:100)
		at java.base/sun.nio.fs.UnixException.rethrowAsIOException(UnixException.java:111)
		at java.base/sun.nio.fs.UnixException.rethrowAsIOException(UnixException.java:116)
		at java.base/sun.nio.fs.UnixFileAttributeViews$Posix.setMode(UnixFileAttributeViews.java:254)
		at java.base/sun.nio.fs.UnixFileAttributeViews$Posix.setPermissions(UnixFileAttributeViews.java:276)
		at java.base/java.nio.file.Files.setPosixFilePermissions(Files.java:2080)
		at jenkins.util.io.PathRemover.makeWritable(PathRemover.java:283)
		at jenkins.util.io.PathRemover.makeRemovable(PathRemover.java:256)
		at jenkins.util.io.PathRemover.removeOrMakeRemovableThenRemove(PathRemover.java:236)
		at jenkins.util.io.PathRemover.tryRemoveFile(PathRemover.java:202)
		at jenkins.util.io.PathRemover.tryRemoveRecursive(PathRemover.java:213)
		at jenkins.util.io.PathRemover.tryRemoveDirectoryContents(PathRemover.java:223)
		at jenkins.util.io.PathRemover.tryRemoveRecursive(PathRemover.java:212)
		at jenkins.util.io.PathRemover.tryRemoveDirectoryContents(PathRemover.java:223)
		at jenkins.util.io.PathRemover.tryRemoveRecursive(PathRemover.java:212)
		at jenkins.util.io.PathRemover.tryRemoveDirectoryContents(PathRemover.java:223)
		at jenkins.util.io.PathRemover.tryRemoveRecursive(PathRemover.java:212)
		at jenkins.util.io.PathRemover.tryRemoveDirectoryContents(PathRemover.java:223)
		at jenkins.util.io.PathRemover.tryRemoveRecursive(PathRemover.java:212)
		at jenkins.util.io.PathRemover.forceRemoveRecursive(PathRemover.java:93)
Also:   java.nio.file.FileSystemException: /home/indemind/.jenkins/workspace/line_laser_embeded_pc/x-line-factory/install/sample: 不允许的操作
		at java.base/sun.nio.fs.UnixException.translateToIOException(UnixException.java:100)
		at java.base/sun.nio.fs.UnixException.rethrowAsIOException(UnixException.java:111)
		at java.base/sun.nio.fs.UnixException.rethrowAsIOException(UnixException.java:116)
		at java.base/sun.nio.fs.UnixFileAttributeViews$Posix.setMode(UnixFileAttributeViews.java:254)
		at java.base/sun.nio.fs.UnixFileAttributeViews$Posix.setPermissions(UnixFileAttributeViews.java:276)
		at java.base/java.nio.file.Files.setPosixFilePermissions(Files.java:2080)
		at jenkins.util.io.PathRemover.makeWritable(PathRemover.java:283)
		at jenkins.util.io.PathRemover.makeRemovable(PathRemover.java:256)
		at jenkins.util.io.PathRemover.removeOrMakeRemovableThenRemove(PathRemover.java:236)
		at jenkins.util.io.PathRemover.tryRemoveFile(PathRemover.java:202)
		at jenkins.util.io.PathRemover.tryRemoveRecursive(PathRemover.java:213)
		at jenkins.util.io.PathRemover.tryRemoveDirectoryContents(PathRemover.java:223)
		at jenkins.util.io.PathRemover.tryRemoveRecursive(PathRemover.java:212)
		at jenkins.util.io.PathRemover.tryRemoveDirectoryContents(PathRemover.java:223)
		at jenkins.util.io.PathRemover.tryRemoveRecursive(PathRemover.java:212)
		at jenkins.util.io.PathRemover.tryRemoveDirectoryContents(PathRemover.java:223)
		at jenkins.util.io.PathRemover.tryRemoveRecursive(PathRemover.java:212)
		at jenkins.util.io.PathRemover.forceRemoveRecursive(PathRemover.java:93)
Also:   java.nio.file.FileSystemException: /home/indemind/.jenkins/workspace/line_laser_embeded_pc/x-line-factory/install/include/x-line.hpp: 不允许的操作
		at java.base/sun.nio.fs.UnixException.translateToIOException(UnixException.java:100)
		at java.base/sun.nio.fs.UnixException.rethrowAsIOException(UnixException.java:111)
		at java.base/sun.nio.fs.UnixException.rethrowAsIOException(UnixException.java:116)
		at java.base/sun.nio.fs.UnixFileAttributeViews$Posix.setMode(UnixFileAttributeViews.java:254)
		at java.base/sun.nio.fs.UnixFileAttributeViews$Posix.setPermissions(UnixFileAttributeViews.java:276)
		at java.base/java.nio.file.Files.setPosixFilePermissions(Files.java:2080)
		at jenkins.util.io.PathRemover.makeWritable(PathRemover.java:283)
		at jenkins.util.io.PathRemover.makeRemovable(PathRemover.java:256)
		at jenkins.util.io.PathRemover.removeOrMakeRemovableThenRemove(PathRemover.java:236)
		at jenkins.util.io.PathRemover.tryRemoveFile(PathRemover.java:202)
		at jenkins.util.io.PathRemover.tryRemoveRecursive(PathRemover.java:213)
		at jenkins.util.io.PathRemover.tryRemoveDirectoryContents(PathRemover.java:223)
		at jenkins.util.io.PathRemover.tryRemoveRecursive(PathRemover.java:212)
		at jenkins.util.io.PathRemover.tryRemoveDirectoryContents(PathRemover.java:223)
		at jenkins.util.io.PathRemover.tryRemoveRecursive(PathRemover.java:212)
		at jenkins.util.io.PathRemover.tryRemoveDirectoryContents(PathRemover.java:223)
		at jenkins.util.io.PathRemover.tryRemoveRecursive(PathRemover.java:212)
		at jenkins.util.io.PathRemover.tryRemoveDirectoryContents(PathRemover.java:223)
		at jenkins.util.io.PathRemover.tryRemoveRecursive(PathRemover.java:212)
		at jenkins.util.io.PathRemover.forceRemoveRecursive(PathRemover.java:93)
Also:   java.nio.file.FileSystemException: /home/indemind/.jenkins/workspace/line_laser_embeded_pc/x-line-factory/install/include: 不允许的操作
		at java.base/sun.nio.fs.UnixException.translateToIOException(UnixException.java:100)
		at java.base/sun.nio.fs.UnixException.rethrowAsIOException(UnixException.java:111)
		at java.base/sun.nio.fs.UnixException.rethrowAsIOException(UnixException.java:116)
		at java.base/sun.nio.fs.UnixFileAttributeViews$Posix.setMode(UnixFileAttributeViews.java:254)
		at java.base/sun.nio.fs.UnixFileAttributeViews$Posix.setPermissions(UnixFileAttributeViews.java:276)
		at java.base/java.nio.file.Files.setPosixFilePermissions(Files.java:2080)
		at jenkins.util.io.PathRemover.makeWritable(PathRemover.java:283)
		at jenkins.util.io.PathRemover.makeRemovable(PathRemover.java:256)
		at jenkins.util.io.PathRemover.removeOrMakeRemovableThenRemove(PathRemover.java:236)
		at jenkins.util.io.PathRemover.tryRemoveFile(PathRemover.java:202)
		at jenkins.util.io.PathRemover.tryRemoveRecursive(PathRemover.java:213)
		at jenkins.util.io.PathRemover.tryRemoveDirectoryContents(PathRemover.java:223)
		at jenkins.util.io.PathRemover.tryRemoveRecursive(PathRemover.java:212)
		at jenkins.util.io.PathRemover.tryRemoveDirectoryContents(PathRemover.java:223)
		at jenkins.util.io.PathRemover.tryRemoveRecursive(PathRemover.java:212)
		at jenkins.util.io.PathRemover.tryRemoveDirectoryContents(PathRemover.java:223)
		at jenkins.util.io.PathRemover.tryRemoveRecursive(PathRemover.java:212)
		at jenkins.util.io.PathRemover.forceRemoveRecursive(PathRemover.java:93)
Also:   java.nio.file.FileSystemException: /home/indemind/.jenkins/workspace/line_laser_embeded_pc/x-line-factory/install/lib/libx_line.so: 不允许的操作
		at java.base/sun.nio.fs.UnixException.translateToIOException(UnixException.java:100)
		at java.base/sun.nio.fs.UnixException.rethrowAsIOException(UnixException.java:111)
		at java.base/sun.nio.fs.UnixException.rethrowAsIOException(UnixException.java:116)
		at java.base/sun.nio.fs.UnixFileAttributeViews$Posix.setMode(UnixFileAttributeViews.java:254)
		at java.base/sun.nio.fs.UnixFileAttributeViews$Posix.setPermissions(UnixFileAttributeViews.java:276)
		at java.base/java.nio.file.Files.setPosixFilePermissions(Files.java:2080)
		at jenkins.util.io.PathRemover.makeWritable(PathRemover.java:283)
		at jenkins.util.io.PathRemover.makeRemovable(PathRemover.java:256)
		at jenkins.util.io.PathRemover.removeOrMakeRemovableThenRemove(PathRemover.java:236)
		at jenkins.util.io.PathRemover.tryRemoveFile(PathRemover.java:202)
		at jenkins.util.io.PathRemover.tryRemoveRecursive(PathRemover.java:213)
		at jenkins.util.io.PathRemover.tryRemoveDirectoryContents(PathRemover.java:223)
		at jenkins.util.io.PathRemover.tryRemoveRecursive(PathRemover.java:212)
		at jenkins.util.io.PathRemover.tryRemoveDirectoryContents(PathRemover.java:223)
		at jenkins.util.io.PathRemover.tryRemoveRecursive(PathRemover.java:212)
		at jenkins.util.io.PathRemover.tryRemoveDirectoryContents(PathRemover.java:223)
		at jenkins.util.io.PathRemover.tryRemoveRecursive(PathRemover.java:212)
		at jenkins.util.io.PathRemover.tryRemoveDirectoryContents(PathRemover.java:223)
		at jenkins.util.io.PathRemover.tryRemoveRecursive(PathRemover.java:212)
		at jenkins.util.io.PathRemover.forceRemoveRecursive(PathRemover.java:93)
Also:   java.nio.file.FileSystemException: /home/indemind/.jenkins/workspace/line_laser_embeded_pc/x-line-factory/install/lib: 不允许的操作
		at java.base/sun.nio.fs.UnixException.translateToIOException(UnixException.java:100)
		at java.base/sun.nio.fs.UnixException.rethrowAsIOException(UnixException.java:111)
		at java.base/sun.nio.fs.UnixException.rethrowAsIOException(UnixException.java:116)
		at java.base/sun.nio.fs.UnixFileAttributeViews$Posix.setMode(UnixFileAttributeViews.java:254)
		at java.base/sun.nio.fs.UnixFileAttributeViews$Posix.setPermissions(UnixFileAttributeViews.java:276)
		at java.base/java.nio.file.Files.setPosixFilePermissions(Files.java:2080)
		at jenkins.util.io.PathRemover.makeWritable(PathRemover.java:283)
		at jenkins.util.io.PathRemover.makeRemovable(PathRemover.java:256)
		at jenkins.util.io.PathRemover.removeOrMakeRemovableThenRemove(PathRemover.java:236)
		at jenkins.util.io.PathRemover.tryRemoveFile(PathRemover.java:202)
		at jenkins.util.io.PathRemover.tryRemoveRecursive(PathRemover.java:213)
		at jenkins.util.io.PathRemover.tryRemoveDirectoryContents(PathRemover.java:223)
		at jenkins.util.io.PathRemover.tryRemoveRecursive(PathRemover.java:212)
		at jenkins.util.io.PathRemover.tryRemoveDirectoryContents(PathRemover.java:223)
		at jenkins.util.io.PathRemover.tryRemoveRecursive(PathRemover.java:212)
		at jenkins.util.io.PathRemover.tryRemoveDirectoryContents(PathRemover.java:223)
		at jenkins.util.io.PathRemover.tryRemoveRecursive(PathRemover.java:212)
		at jenkins.util.io.PathRemover.forceRemoveRecursive(PathRemover.java:93)
Also:   java.nio.file.FileSystemException: /home/indemind/.jenkins/workspace/line_laser_embeded_pc/x-line-factory/install: 不允许的操作
		at java.base/sun.nio.fs.UnixException.translateToIOException(UnixException.java:100)
		at java.base/sun.nio.fs.UnixException.rethrowAsIOException(UnixException.java:111)
		at java.base/sun.nio.fs.UnixException.rethrowAsIOException(UnixException.java:116)
		at java.base/sun.nio.fs.UnixFileAttributeViews$Posix.setMode(UnixFileAttributeViews.java:254)
		at java.base/sun.nio.fs.UnixFileAttributeViews$Posix.setPermissions(UnixFileAttributeViews.java:276)
		at java.base/java.nio.file.Files.setPosixFilePermissions(Files.java:2080)
		at jenkins.util.io.PathRemover.makeWritable(PathRemover.java:283)
		at jenkins.util.io.PathRemover.makeRemovable(PathRemover.java:256)
		at jenkins.util.io.PathRemover.removeOrMakeRemovableThenRemove(PathRemover.java:236)
		at jenkins.util.io.PathRemover.tryRemoveFile(PathRemover.java:202)
		at jenkins.util.io.PathRemover.tryRemoveRecursive(PathRemover.java:213)
		at jenkins.util.io.PathRemover.tryRemoveDirectoryContents(PathRemover.java:223)
		at jenkins.util.io.PathRemover.tryRemoveRecursive(PathRemover.java:212)
		at jenkins.util.io.PathRemover.tryRemoveDirectoryContents(PathRemover.java:223)
		at jenkins.util.io.PathRemover.tryRemoveRecursive(PathRemover.java:212)
		at jenkins.util.io.PathRemover.forceRemoveRecursive(PathRemover.java:93)
Also:   java.nio.file.FileSystemException: /home/indemind/.jenkins/workspace/line_laser_embeded_pc/x-line-factory/build/Makefile: 不允许的操作
		at java.base/sun.nio.fs.UnixException.translateToIOException(UnixException.java:100)
		at java.base/sun.nio.fs.UnixException.rethrowAsIOException(UnixException.java:111)
		at java.base/sun.nio.fs.UnixException.rethrowAsIOException(UnixException.java:116)
		at java.base/sun.nio.fs.UnixFileAttributeViews$Posix.setMode(UnixFileAttributeViews.java:254)
		at java.base/sun.nio.fs.UnixFileAttributeViews$Posix.setPermissions(UnixFileAttributeViews.java:276)
		at java.base/java.nio.file.Files.setPosixFilePermissions(Files.java:2080)
		at jenkins.util.io.PathRemover.makeWritable(PathRemover.java:283)
		at jenkins.util.io.PathRemover.makeRemovable(PathRemover.java:256)
		at jenkins.util.io.PathRemover.removeOrMakeRemovableThenRemove(PathRemover.java:236)
		at jenkins.util.io.PathRemover.tryRemoveFile(PathRemover.java:202)
		at jenkins.util.io.PathRemover.tryRemoveRecursive(PathRemover.java:213)
		at jenkins.util.io.PathRemover.tryRemoveDirectoryContents(PathRemover.java:223)
		at jenkins.util.io.PathRemover.tryRemoveRecursive(PathRemover.java:212)
		at jenkins.util.io.PathRemover.tryRemoveDirectoryContents(PathRemover.java:223)
		at jenkins.util.io.PathRemover.tryRemoveRecursive(PathRemover.java:212)
		at jenkins.util.io.PathRemover.tryRemoveDirectoryContents(PathRemover.java:223)
		at jenkins.util.io.PathRemover.tryRemoveRecursive(PathRemover.java:212)
		at jenkins.util.io.PathRemover.forceRemoveRecursive(PathRemover.java:93)
Also:   hudson.remoting.Channel$CallSiteStackTrace: Remote call to 158
		at hudson.remoting.Channel.attachCallSiteStackTrace(Channel.java:1784)
		at hudson.remoting.UserRequest$ExceptionResponse.retrieve(UserRequest.java:356)
		at hudson.remoting.Channel.call(Channel.java:1000)
		at hudson.FilePath.act(FilePath.java:1186)
		at hudson.FilePath.act(FilePath.java:1175)
		at hudson.FilePath.deleteRecursive(FilePath.java:1428)
		at hudson.model.WorkspaceCleanupThread.execute(WorkspaceCleanupThread.java:94)
		at hudson.model.AsyncPeriodicWork.lambda$doRun$0(AsyncPeriodicWork.java:102)
		at java.base/java.lang.Thread.run(Thread.java:829)
jenkins.util.io.CompositeIOException: Unable to delete '/home/indemind/.jenkins/workspace/line_laser_embeded_pc'. Tried 3 times (of a maximum of 3) waiting 0.1 sec between attempts. (Discarded 93 additional exceptions)
	at jenkins.util.io.PathRemover.forceRemoveRecursive(PathRemover.java:96)
	at hudson.Util.deleteRecursive(Util.java:320)
	at hudson.FilePath$DeleteRecursive.invoke(FilePath.java:1436)
	at hudson.FilePath$DeleteRecursive.invoke(FilePath.java:1431)
	at hudson.FilePath$FileCallableWrapper.call(FilePath.java:3492)
	at hudson.remoting.UserRequest.perform(UserRequest.java:211)
	at hudson.remoting.UserRequest.perform(UserRequest.java:54)
	at hudson.remoting.Request$2.run(Request.java:377)
	at hudson.remoting.InterceptingExecutorService.lambda$wrap$0(InterceptingExecutorService.java:78)
	at java.base/java.util.concurrent.FutureTask.run(FutureTask.java:264)
	at java.base/java.util.concurrent.ThreadPoolExecutor.runWorker(ThreadPoolExecutor.java:1128)
	at java.base/java.util.concurrent.ThreadPoolExecutor$Worker.run(ThreadPoolExecutor.java:628)
	at java.base/java.lang.Thread.run(Thread.java:834)
Checking line_laser_external_calibration_slam_pc
Deleting /home/indemind/.jenkins/workspace/line_laser_external_calibration_slam_pc on 158
ERROR: Failed to delete /home/indemind/.jenkins/workspace/line_laser_external_calibration_slam_pc on 158
Also:   java.nio.file.FileSystemException: /home/indemind/.jenkins/workspace/line_laser_external_calibration_slam_pc/external_calibration/install/config/colorconfig.yaml: 不允许的操作
		at java.base/sun.nio.fs.UnixException.translateToIOException(UnixException.java:100)
		at java.base/sun.nio.fs.UnixException.rethrowAsIOException(UnixException.java:111)
		at java.base/sun.nio.fs.UnixException.rethrowAsIOException(UnixException.java:116)
		at java.base/sun.nio.fs.UnixFileAttributeViews$Posix.setMode(UnixFileAttributeViews.java:254)
		at java.base/sun.nio.fs.UnixFileAttributeViews$Posix.setPermissions(UnixFileAttributeViews.java:276)
		at java.base/java.nio.file.Files.setPosixFilePermissions(Files.java:2080)
		at jenkins.util.io.PathRemover.makeWritable(PathRemover.java:283)
		at jenkins.util.io.PathRemover.makeRemovable(PathRemover.java:256)
		at jenkins.util.io.PathRemover.removeOrMakeRemovableThenRemove(PathRemover.java:236)
		at jenkins.util.io.PathRemover.tryRemoveFile(PathRemover.java:202)
		at jenkins.util.io.PathRemover.tryRemoveRecursive(PathRemover.java:213)
		at jenkins.util.io.PathRemover.tryRemoveDirectoryContents(PathRemover.java:223)
		at jenkins.util.io.PathRemover.tryRemoveRecursive(PathRemover.java:212)
		at jenkins.util.io.PathRemover.tryRemoveDirectoryContents(PathRemover.java:223)
		at jenkins.util.io.PathRemover.tryRemoveRecursive(PathRemover.java:212)
		at jenkins.util.io.PathRemover.tryRemoveDirectoryContents(PathRemover.java:223)
		at jenkins.util.io.PathRemover.tryRemoveRecursive(PathRemover.java:212)
		at jenkins.util.io.PathRemover.tryRemoveDirectoryContents(PathRemover.java:223)
		at jenkins.util.io.PathRemover.tryRemoveRecursive(PathRemover.java:212)
		at jenkins.util.io.PathRemover.forceRemoveRecursive(PathRemover.java:93)
Also:   java.nio.file.FileSystemException: /home/indemind/.jenkins/workspace/line_laser_external_calibration_slam_pc/external_calibration/install/config/config.yaml: 不允许的操作
		at java.base/sun.nio.fs.UnixException.translateToIOException(UnixException.java:100)
		at java.base/sun.nio.fs.UnixException.rethrowAsIOException(UnixException.java:111)
		at java.base/sun.nio.fs.UnixException.rethrowAsIOException(UnixException.java:116)
		at java.base/sun.nio.fs.UnixFileAttributeViews$Posix.setMode(UnixFileAttributeViews.java:254)
		at java.base/sun.nio.fs.UnixFileAttributeViews$Posix.setPermissions(UnixFileAttributeViews.java:276)
		at java.base/java.nio.file.Files.setPosixFilePermissions(Files.java:2080)
		at jenkins.util.io.PathRemover.makeWritable(PathRemover.java:283)
		at jenkins.util.io.PathRemover.makeRemovable(PathRemover.java:256)
		at jenkins.util.io.PathRemover.removeOrMakeRemovableThenRemove(PathRemover.java:236)
		at jenkins.util.io.PathRemover.tryRemoveFile(PathRemover.java:202)
		at jenkins.util.io.PathRemover.tryRemoveRecursive(PathRemover.java:213)
		at jenkins.util.io.PathRemover.tryRemoveDirectoryContents(PathRemover.java:223)
		at jenkins.util.io.PathRemover.tryRemoveRecursive(PathRemover.java:212)
		at jenkins.util.io.PathRemover.tryRemoveDirectoryContents(PathRemover.java:223)
		at jenkins.util.io.PathRemover.tryRemoveRecursive(PathRemover.java:212)
		at jenkins.util.io.PathRemover.tryRemoveDirectoryContents(PathRemover.java:223)
		at jenkins.util.io.PathRemover.tryRemoveRecursive(PathRemover.java:212)
		at jenkins.util.io.PathRemover.tryRemoveDirectoryContents(PathRemover.java:223)
		at jenkins.util.io.PathRemover.tryRemoveRecursive(PathRemover.java:212)
		at jenkins.util.io.PathRemover.forceRemoveRecursive(PathRemover.java:93)
Also:   java.nio.file.FileSystemException: /home/indemind/.jenkins/workspace/line_laser_external_calibration_slam_pc/external_calibration/install/config/laser_calib.yaml: 不允许的操作
		at java.base/sun.nio.fs.UnixException.translateToIOException(UnixException.java:100)
		at java.base/sun.nio.fs.UnixException.rethrowAsIOException(UnixException.java:111)
		at java.base/sun.nio.fs.UnixException.rethrowAsIOException(UnixException.java:116)
		at java.base/sun.nio.fs.UnixFileAttributeViews$Posix.setMode(UnixFileAttributeViews.java:254)
		at java.base/sun.nio.fs.UnixFileAttributeViews$Posix.setPermissions(UnixFileAttributeViews.java:276)
		at java.base/java.nio.file.Files.setPosixFilePermissions(Files.java:2080)
		at jenkins.util.io.PathRemover.makeWritable(PathRemover.java:283)
		at jenkins.util.io.PathRemover.makeRemovable(PathRemover.java:256)
		at jenkins.util.io.PathRemover.removeOrMakeRemovableThenRemove(PathRemover.java:236)
		at jenkins.util.io.PathRemover.tryRemoveFile(PathRemover.java:202)
		at jenkins.util.io.PathRemover.tryRemoveRecursive(PathRemover.java:213)
		at jenkins.util.io.PathRemover.tryRemoveDirectoryContents(PathRemover.java:223)
		at jenkins.util.io.PathRemover.tryRemoveRecursive(PathRemover.java:212)
		at jenkins.util.io.PathRemover.tryRemoveDirectoryContents(PathRemover.java:223)
		at jenkins.util.io.PathRemover.tryRemoveRecursive(PathRemover.java:212)
		at jenkins.util.io.PathRemover.tryRemoveDirectoryContents(PathRemover.java:223)
		at jenkins.util.io.PathRemover.tryRemoveRecursive(PathRemover.java:212)
		at jenkins.util.io.PathRemover.tryRemoveDirectoryContents(PathRemover.java:223)
		at jenkins.util.io.PathRemover.tryRemoveRecursive(PathRemover.java:212)
		at jenkins.util.io.PathRemover.forceRemoveRecursive(PathRemover.java:93)
Also:   java.nio.file.FileSystemException: /home/indemind/.jenkins/workspace/line_laser_external_calibration_slam_pc/external_calibration/install/config: 不允许的操作
		at java.base/sun.nio.fs.UnixException.translateToIOException(UnixException.java:100)
		at java.base/sun.nio.fs.UnixException.rethrowAsIOException(UnixException.java:111)
		at java.base/sun.nio.fs.UnixException.rethrowAsIOException(UnixException.java:116)
		at java.base/sun.nio.fs.UnixFileAttributeViews$Posix.setMode(UnixFileAttributeViews.java:254)
		at java.base/sun.nio.fs.UnixFileAttributeViews$Posix.setPermissions(UnixFileAttributeViews.java:276)
		at java.base/java.nio.file.Files.setPosixFilePermissions(Files.java:2080)
		at jenkins.util.io.PathRemover.makeWritable(PathRemover.java:283)
		at jenkins.util.io.PathRemover.makeRemovable(PathRemover.java:256)
		at jenkins.util.io.PathRemover.removeOrMakeRemovableThenRemove(PathRemover.java:236)
		at jenkins.util.io.PathRemover.tryRemoveFile(PathRemover.java:202)
		at jenkins.util.io.PathRemover.tryRemoveRecursive(PathRemover.java:213)
		at jenkins.util.io.PathRemover.tryRemoveDirectoryContents(PathRemover.java:223)
		at jenkins.util.io.PathRemover.tryRemoveRecursive(PathRemover.java:212)
		at jenkins.util.io.PathRemover.tryRemoveDirectoryContents(PathRemover.java:223)
		at jenkins.util.io.PathRemover.tryRemoveRecursive(PathRemover.java:212)
		at jenkins.util.io.PathRemover.tryRemoveDirectoryContents(PathRemover.java:223)
		at jenkins.util.io.PathRemover.tryRemoveRecursive(PathRemover.java:212)
		at jenkins.util.io.PathRemover.forceRemoveRecursive(PathRemover.java:93)
Also:   java.nio.file.FileSystemException: /home/indemind/.jenkins/workspace/line_laser_external_calibration_slam_pc/external_calibration/install/include/ext_calib.h: 不允许的操作
		at java.base/sun.nio.fs.UnixException.translateToIOException(UnixException.java:100)
		at java.base/sun.nio.fs.UnixException.rethrowAsIOException(UnixException.java:111)
		at java.base/sun.nio.fs.UnixException.rethrowAsIOException(UnixException.java:116)
		at java.base/sun.nio.fs.UnixFileAttributeViews$Posix.setMode(UnixFileAttributeViews.java:254)
		at java.base/sun.nio.fs.UnixFileAttributeViews$Posix.setPermissions(UnixFileAttributeViews.java:276)
		at java.base/java.nio.file.Files.setPosixFilePermissions(Files.java:2080)
		at jenkins.util.io.PathRemover.makeWritable(PathRemover.java:283)
		at jenkins.util.io.PathRemover.makeRemovable(PathRemover.java:256)
		at jenkins.util.io.PathRemover.removeOrMakeRemovableThenRemove(PathRemover.java:236)
		at jenkins.util.io.PathRemover.tryRemoveFile(PathRemover.java:202)
		at jenkins.util.io.PathRemover.tryRemoveRecursive(PathRemover.java:213)
		at jenkins.util.io.PathRemover.tryRemoveDirectoryContents(PathRemover.java:223)
		at jenkins.util.io.PathRemover.tryRemoveRecursive(PathRemover.java:212)
		at jenkins.util.io.PathRemover.tryRemoveDirectoryContents(PathRemover.java:223)
		at jenkins.util.io.PathRemover.tryRemoveRecursive(PathRemover.java:212)
		at jenkins.util.io.PathRemover.tryRemoveDirectoryContents(PathRemover.java:223)
		at jenkins.util.io.PathRemover.tryRemoveRecursive(PathRemover.java:212)
		at jenkins.util.io.PathRemover.tryRemoveDirectoryContents(PathRemover.java:223)
		at jenkins.util.io.PathRemover.tryRemoveRecursive(PathRemover.java:212)
		at jenkins.util.io.PathRemover.forceRemoveRecursive(PathRemover.java:93)
Also:   java.nio.file.FileSystemException: /home/indemind/.jenkins/workspace/line_laser_external_calibration_slam_pc/external_calibration/install/include: 不允许的操作
		at java.base/sun.nio.fs.UnixException.translateToIOException(UnixException.java:100)
		at java.base/sun.nio.fs.UnixException.rethrowAsIOException(UnixException.java:111)
		at java.base/sun.nio.fs.UnixException.rethrowAsIOException(UnixException.java:116)
		at java.base/sun.nio.fs.UnixFileAttributeViews$Posix.setMode(UnixFileAttributeViews.java:254)
		at java.base/sun.nio.fs.UnixFileAttributeViews$Posix.setPermissions(UnixFileAttributeViews.java:276)
		at java.base/java.nio.file.Files.setPosixFilePermissions(Files.java:2080)
		at jenkins.util.io.PathRemover.makeWritable(PathRemover.java:283)
		at jenkins.util.io.PathRemover.makeRemovable(PathRemover.java:256)
		at jenkins.util.io.PathRemover.removeOrMakeRemovableThenRemove(PathRemover.java:236)
		at jenkins.util.io.PathRemover.tryRemoveFile(PathRemover.java:202)
		at jenkins.util.io.PathRemover.tryRemoveRecursive(PathRemover.java:213)
		at jenkins.util.io.PathRemover.tryRemoveDirectoryContents(PathRemover.java:223)
		at jenkins.util.io.PathRemover.tryRemoveRecursive(PathRemover.java:212)
		at jenkins.util.io.PathRemover.tryRemoveDirectoryContents(PathRemover.java:223)
		at jenkins.util.io.PathRemover.tryRemoveRecursive(PathRemover.java:212)
		at jenkins.util.io.PathRemover.tryRemoveDirectoryContents(PathRemover.java:223)
		at jenkins.util.io.PathRemover.tryRemoveRecursive(PathRemover.java:212)
		at jenkins.util.io.PathRemover.forceRemoveRecursive(PathRemover.java:93)
Also:   java.nio.file.FileSystemException: /home/indemind/.jenkins/workspace/line_laser_external_calibration_slam_pc/external_calibration/install/lib: 不允许的操作
		at java.base/sun.nio.fs.UnixException.translateToIOException(UnixException.java:100)
		at java.base/sun.nio.fs.UnixException.rethrowAsIOException(UnixException.java:111)
		at java.base/sun.nio.fs.UnixException.rethrowAsIOException(UnixException.java:116)
		at java.base/sun.nio.fs.UnixFileAttributeViews$Posix.setMode(UnixFileAttributeViews.java:254)
		at java.base/sun.nio.fs.UnixFileAttributeViews$Posix.setPermissions(UnixFileAttributeViews.java:276)
		at java.base/java.nio.file.Files.setPosixFilePermissions(Files.java:2080)
		at jenkins.util.io.PathRemover.makeWritable(PathRemover.java:283)
		at jenkins.util.io.PathRemover.makeRemovable(PathRemover.java:256)
		at jenkins.util.io.PathRemover.removeOrMakeRemovableThenRemove(PathRemover.java:236)
		at jenkins.util.io.PathRemover.tryRemoveFile(PathRemover.java:202)
		at jenkins.util.io.PathRemover.tryRemoveRecursive(PathRemover.java:213)
		at jenkins.util.io.PathRemover.tryRemoveDirectoryContents(PathRemover.java:223)
		at jenkins.util.io.PathRemover.tryRemoveRecursive(PathRemover.java:212)
		at jenkins.util.io.PathRemover.tryRemoveDirectoryContents(PathRemover.java:223)
		at jenkins.util.io.PathRemover.tryRemoveRecursive(PathRemover.java:212)
		at jenkins.util.io.PathRemover.tryRemoveDirectoryContents(PathRemover.java:223)
		at jenkins.util.io.PathRemover.tryRemoveRecursive(PathRemover.java:212)
		at jenkins.util.io.PathRemover.forceRemoveRecursive(PathRemover.java:93)
Also:   java.nio.file.FileSystemException: /home/indemind/.jenkins/workspace/line_laser_external_calibration_slam_pc/external_calibration/install: 不允许的操作
		at java.base/sun.nio.fs.UnixException.translateToIOException(UnixException.java:100)
		at java.base/sun.nio.fs.UnixException.rethrowAsIOException(UnixException.java:111)
		at java.base/sun.nio.fs.UnixException.rethrowAsIOException(UnixException.java:116)
		at java.base/sun.nio.fs.UnixFileAttributeViews$Posix.setMode(UnixFileAttributeViews.java:254)
		at java.base/sun.nio.fs.UnixFileAttributeViews$Posix.setPermissions(UnixFileAttributeViews.java:276)
		at java.base/java.nio.file.Files.setPosixFilePermissions(Files.java:2080)
		at jenkins.util.io.PathRemover.makeWritable(PathRemover.java:283)
		at jenkins.util.io.PathRemover.makeRemovable(PathRemover.java:256)
		at jenkins.util.io.PathRemover.removeOrMakeRemovableThenRemove(PathRemover.java:236)
		at jenkins.util.io.PathRemover.tryRemoveFile(PathRemover.java:202)
		at jenkins.util.io.PathRemover.tryRemoveRecursive(PathRemover.java:213)
		at jenkins.util.io.PathRemover.tryRemoveDirectoryContents(PathRemover.java:223)
		at jenkins.util.io.PathRemover.tryRemoveRecursive(PathRemover.java:212)
		at jenkins.util.io.PathRemover.tryRemoveDirectoryContents(PathRemover.java:223)
		at jenkins.util.io.PathRemover.tryRemoveRecursive(PathRemover.java:212)
		at jenkins.util.io.PathRemover.forceRemoveRecursive(PathRemover.java:93)
Also:   java.nio.file.FileSystemException: /home/indemind/.jenkins/workspace/line_laser_external_calibration_slam_pc/external_calibration/build/Makefile: 不允许的操作
		at java.base/sun.nio.fs.UnixException.translateToIOException(UnixException.java:100)
		at java.base/sun.nio.fs.UnixException.rethrowAsIOException(UnixException.java:111)
		at java.base/sun.nio.fs.UnixException.rethrowAsIOException(UnixException.java:116)
		at java.base/sun.nio.fs.UnixFileAttributeViews$Posix.setMode(UnixFileAttributeViews.java:254)
		at java.base/sun.nio.fs.UnixFileAttributeViews$Posix.setPermissions(UnixFileAttributeViews.java:276)
		at java.base/java.nio.file.Files.setPosixFilePermissions(Files.java:2080)
		at jenkins.util.io.PathRemover.makeWritable(PathRemover.java:283)
		at jenkins.util.io.PathRemover.makeRemovable(PathRemover.java:256)
		at jenkins.util.io.PathRemover.removeOrMakeRemovableThenRemove(PathRemover.java:236)
		at jenkins.util.io.PathRemover.tryRemoveFile(PathRemover.java:202)
		at jenkins.util.io.PathRemover.tryRemoveRecursive(PathRemover.java:213)
		at jenkins.util.io.PathRemover.tryRemoveDirectoryContents(PathRemover.java:223)
		at jenkins.util.io.PathRemover.tryRemoveRecursive(PathRemover.java:212)
		at jenkins.util.io.PathRemover.tryRemoveDirectoryContents(PathRemover.java:223)
		at jenkins.util.io.PathRemover.tryRemoveRecursive(PathRemover.java:212)
		at jenkins.util.io.PathRemover.tryRemoveDirectoryContents(PathRemover.java:223)
		at jenkins.util.io.PathRemover.tryRemoveRecursive(PathRemover.java:212)
		at jenkins.util.io.PathRemover.forceRemoveRecursive(PathRemover.java:93)
Also:   java.nio.file.FileSystemException: /home/indemind/.jenkins/workspace/line_laser_external_calibration_slam_pc/external_calibration/build/CMakeCache.txt: 不允许的操作
		at java.base/sun.nio.fs.UnixException.translateToIOException(UnixException.java:100)
		at java.base/sun.nio.fs.UnixException.rethrowAsIOException(UnixException.java:111)
		at java.base/sun.nio.fs.UnixException.rethrowAsIOException(UnixException.java:116)
		at java.base/sun.nio.fs.UnixFileAttributeViews$Posix.setMode(UnixFileAttributeViews.java:254)
		at java.base/sun.nio.fs.UnixFileAttributeViews$Posix.setPermissions(UnixFileAttributeViews.java:276)
		at java.base/java.nio.file.Files.setPosixFilePermissions(Files.java:2080)
		at jenkins.util.io.PathRemover.makeWritable(PathRemover.java:283)
		at jenkins.util.io.PathRemover.makeRemovable(PathRemover.java:256)
		at jenkins.util.io.PathRemover.removeOrMakeRemovableThenRemove(PathRemover.java:236)
		at jenkins.util.io.PathRemover.tryRemoveFile(PathRemover.java:202)
		at jenkins.util.io.PathRemover.tryRemoveRecursive(PathRemover.java:213)
		at jenkins.util.io.PathRemover.tryRemoveDirectoryContents(PathRemover.java:223)
		at jenkins.util.io.PathRemover.tryRemoveRecursive(PathRemover.java:212)
		at jenkins.util.io.PathRemover.tryRemoveDirectoryContents(PathRemover.java:223)
		at jenkins.util.io.PathRemover.tryRemoveRecursive(PathRemover.java:212)
		at jenkins.util.io.PathRemover.tryRemoveDirectoryContents(PathRemover.java:223)
		at jenkins.util.io.PathRemover.tryRemoveRecursive(PathRemover.java:212)
		at jenkins.util.io.PathRemover.forceRemoveRecursive(PathRemover.java:93)
Also:   hudson.remoting.Channel$CallSiteStackTrace: Remote call to 158
		at hudson.remoting.Channel.attachCallSiteStackTrace(Channel.java:1784)
		at hudson.remoting.UserRequest$ExceptionResponse.retrieve(UserRequest.java:356)
		at hudson.remoting.Channel.call(Channel.java:1000)
		at hudson.FilePath.act(FilePath.java:1186)
		at hudson.FilePath.act(FilePath.java:1175)
		at hudson.FilePath.deleteRecursive(FilePath.java:1428)
		at hudson.model.WorkspaceCleanupThread.execute(WorkspaceCleanupThread.java:94)
		at hudson.model.AsyncPeriodicWork.lambda$doRun$0(AsyncPeriodicWork.java:102)
		at java.base/java.lang.Thread.run(Thread.java:829)
jenkins.util.io.CompositeIOException: Unable to delete '/home/indemind/.jenkins/workspace/line_laser_external_calibration_slam_pc'. Tried 3 times (of a maximum of 3) waiting 0.1 sec between attempts. (Discarded 83 additional exceptions)
	at jenkins.util.io.PathRemover.forceRemoveRecursive(PathRemover.java:96)
	at hudson.Util.deleteRecursive(Util.java:320)
	at hudson.FilePath$DeleteRecursive.invoke(FilePath.java:1436)
	at hudson.FilePath$DeleteRecursive.invoke(FilePath.java:1431)
	at hudson.FilePath$FileCallableWrapper.call(FilePath.java:3492)
	at hudson.remoting.UserRequest.perform(UserRequest.java:211)
	at hudson.remoting.UserRequest.perform(UserRequest.java:54)
	at hudson.remoting.Request$2.run(Request.java:377)
	at hudson.remoting.InterceptingExecutorService.lambda$wrap$0(InterceptingExecutorService.java:78)
	at java.base/java.util.concurrent.FutureTask.run(FutureTask.java:264)
	at java.base/java.util.concurrent.ThreadPoolExecutor.runWorker(ThreadPoolExecutor.java:1128)
	at java.base/java.util.concurrent.ThreadPoolExecutor$Worker.run(ThreadPoolExecutor.java:628)
	at java.base/java.lang.Thread.run(Thread.java:834)
Checking line_laser_projecttools_slam_pc
Deleting /home/indemind/.jenkins/workspace/line_laser_projecttools_slam_pc on 158
ERROR: Failed to delete /home/indemind/.jenkins/workspace/line_laser_projecttools_slam_pc on 158
Also:   java.nio.file.FileSystemException: /home/indemind/.jenkins/workspace/line_laser_projecttools_slam_pc/projecttools/build/Makefile: 不允许的操作
		at java.base/sun.nio.fs.UnixException.translateToIOException(UnixException.java:100)
		at java.base/sun.nio.fs.UnixException.rethrowAsIOException(UnixException.java:111)
		at java.base/sun.nio.fs.UnixException.rethrowAsIOException(UnixException.java:116)
		at java.base/sun.nio.fs.UnixFileAttributeViews$Posix.setMode(UnixFileAttributeViews.java:254)
		at java.base/sun.nio.fs.UnixFileAttributeViews$Posix.setPermissions(UnixFileAttributeViews.java:276)
		at java.base/java.nio.file.Files.setPosixFilePermissions(Files.java:2080)
		at jenkins.util.io.PathRemover.makeWritable(PathRemover.java:283)
		at jenkins.util.io.PathRemover.makeRemovable(PathRemover.java:256)
		at jenkins.util.io.PathRemover.removeOrMakeRemovableThenRemove(PathRemover.java:236)
		at jenkins.util.io.PathRemover.tryRemoveFile(PathRemover.java:202)
		at jenkins.util.io.PathRemover.tryRemoveRecursive(PathRemover.java:213)
		at jenkins.util.io.PathRemover.tryRemoveDirectoryContents(PathRemover.java:223)
		at jenkins.util.io.PathRemover.tryRemoveRecursive(PathRemover.java:212)
		at jenkins.util.io.PathRemover.tryRemoveDirectoryContents(PathRemover.java:223)
		at jenkins.util.io.PathRemover.tryRemoveRecursive(PathRemover.java:212)
		at jenkins.util.io.PathRemover.tryRemoveDirectoryContents(PathRemover.java:223)
		at jenkins.util.io.PathRemover.tryRemoveRecursive(PathRemover.java:212)
		at jenkins.util.io.PathRemover.forceRemoveRecursive(PathRemover.java:93)
Also:   java.nio.file.FileSystemException: /home/indemind/.jenkins/workspace/line_laser_projecttools_slam_pc/projecttools/build/CMakeCache.txt: 不允许的操作
		at java.base/sun.nio.fs.UnixException.translateToIOException(UnixException.java:100)
		at java.base/sun.nio.fs.UnixException.rethrowAsIOException(UnixException.java:111)
		at java.base/sun.nio.fs.UnixException.rethrowAsIOException(UnixException.java:116)
		at java.base/sun.nio.fs.UnixFileAttributeViews$Posix.setMode(UnixFileAttributeViews.java:254)
		at java.base/sun.nio.fs.UnixFileAttributeViews$Posix.setPermissions(UnixFileAttributeViews.java:276)
		at java.base/java.nio.file.Files.setPosixFilePermissions(Files.java:2080)
		at jenkins.util.io.PathRemover.makeWritable(PathRemover.java:283)
		at jenkins.util.io.PathRemover.makeRemovable(PathRemover.java:256)
		at jenkins.util.io.PathRemover.removeOrMakeRemovableThenRemove(PathRemover.java:236)
		at jenkins.util.io.PathRemover.tryRemoveFile(PathRemover.java:202)
		at jenkins.util.io.PathRemover.tryRemoveRecursive(PathRemover.java:213)
		at jenkins.util.io.PathRemover.tryRemoveDirectoryContents(PathRemover.java:223)
		at jenkins.util.io.PathRemover.tryRemoveRecursive(PathRemover.java:212)
		at jenkins.util.io.PathRemover.tryRemoveDirectoryContents(PathRemover.java:223)
		at jenkins.util.io.PathRemover.tryRemoveRecursive(PathRemover.java:212)
		at jenkins.util.io.PathRemover.tryRemoveDirectoryContents(PathRemover.java:223)
		at jenkins.util.io.PathRemover.tryRemoveRecursive(PathRemover.java:212)
		at jenkins.util.io.PathRemover.forceRemoveRecursive(PathRemover.java:93)
Also:   java.nio.file.FileSystemException: /home/indemind/.jenkins/workspace/line_laser_projecttools_slam_pc/projecttools/build/cmake_install.cmake: 不允许的操作
		at java.base/sun.nio.fs.UnixException.translateToIOException(UnixException.java:100)
		at java.base/sun.nio.fs.UnixException.rethrowAsIOException(UnixException.java:111)
		at java.base/sun.nio.fs.UnixException.rethrowAsIOException(UnixException.java:116)
		at java.base/sun.nio.fs.UnixFileAttributeViews$Posix.setMode(UnixFileAttributeViews.java:254)
		at java.base/sun.nio.fs.UnixFileAttributeViews$Posix.setPermissions(UnixFileAttributeViews.java:276)
		at java.base/java.nio.file.Files.setPosixFilePermissions(Files.java:2080)
		at jenkins.util.io.PathRemover.makeWritable(PathRemover.java:283)
		at jenkins.util.io.PathRemover.makeRemovable(PathRemover.java:256)
		at jenkins.util.io.PathRemover.removeOrMakeRemovableThenRemove(PathRemover.java:236)
		at jenkins.util.io.PathRemover.tryRemoveFile(PathRemover.java:202)
		at jenkins.util.io.PathRemover.tryRemoveRecursive(PathRemover.java:213)
		at jenkins.util.io.PathRemover.tryRemoveDirectoryContents(PathRemover.java:223)
		at jenkins.util.io.PathRemover.tryRemoveRecursive(PathRemover.java:212)
		at jenkins.util.io.PathRemover.tryRemoveDirectoryContents(PathRemover.java:223)
		at jenkins.util.io.PathRemover.tryRemoveRecursive(PathRemover.java:212)
		at jenkins.util.io.PathRemover.tryRemoveDirectoryContents(PathRemover.java:223)
		at jenkins.util.io.PathRemover.tryRemoveRecursive(PathRemover.java:212)
		at jenkins.util.io.PathRemover.forceRemoveRecursive(PathRemover.java:93)
Also:   java.nio.file.FileSystemException: /home/indemind/.jenkins/workspace/line_laser_projecttools_slam_pc/projecttools/build/CMakeFiles/cmake.check_cache: 不允许的操作
		at java.base/sun.nio.fs.UnixException.translateToIOException(UnixException.java:100)
		at java.base/sun.nio.fs.UnixException.rethrowAsIOException(UnixException.java:111)
		at java.base/sun.nio.fs.UnixException.rethrowAsIOException(UnixException.java:116)
		at java.base/sun.nio.fs.UnixFileAttributeViews$Posix.setMode(UnixFileAttributeViews.java:254)
		at java.base/sun.nio.fs.UnixFileAttributeViews$Posix.setPermissions(UnixFileAttributeViews.java:276)
		at java.base/java.nio.file.Files.setPosixFilePermissions(Files.java:2080)
		at jenkins.util.io.PathRemover.makeWritable(PathRemover.java:283)
		at jenkins.util.io.PathRemover.makeRemovable(PathRemover.java:256)
		at jenkins.util.io.PathRemover.removeOrMakeRemovableThenRemove(PathRemover.java:236)
		at jenkins.util.io.PathRemover.tryRemoveFile(PathRemover.java:202)
		at jenkins.util.io.PathRemover.tryRemoveRecursive(PathRemover.java:213)
		at jenkins.util.io.PathRemover.tryRemoveDirectoryContents(PathRemover.java:223)
		at jenkins.util.io.PathRemover.tryRemoveRecursive(PathRemover.java:212)
		at jenkins.util.io.PathRemover.tryRemoveDirectoryContents(PathRemover.java:223)
		at jenkins.util.io.PathRemover.tryRemoveRecursive(PathRemover.java:212)
		at jenkins.util.io.PathRemover.tryRemoveDirectoryContents(PathRemover.java:223)
		at jenkins.util.io.PathRemover.tryRemoveRecursive(PathRemover.java:212)
		at jenkins.util.io.PathRemover.tryRemoveDirectoryContents(PathRemover.java:223)
		at jenkins.util.io.PathRemover.tryRemoveRecursive(PathRemover.java:212)
		at jenkins.util.io.PathRemover.forceRemoveRecursive(PathRemover.java:93)
Also:   java.nio.file.FileSystemException: /home/indemind/.jenkins/workspace/line_laser_projecttools_slam_pc/projecttools/build/CMakeFiles/feature_tests.c: 不允许的操作
		at java.base/sun.nio.fs.UnixException.translateToIOException(UnixException.java:100)
		at java.base/sun.nio.fs.UnixException.rethrowAsIOException(UnixException.java:111)
		at java.base/sun.nio.fs.UnixException.rethrowAsIOException(UnixException.java:116)
		at java.base/sun.nio.fs.UnixFileAttributeViews$Posix.setMode(UnixFileAttributeViews.java:254)
		at java.base/sun.nio.fs.UnixFileAttributeViews$Posix.setPermissions(UnixFileAttributeViews.java:276)
		at java.base/java.nio.file.Files.setPosixFilePermissions(Files.java:2080)
		at jenkins.util.io.PathRemover.makeWritable(PathRemover.java:283)
		at jenkins.util.io.PathRemover.makeRemovable(PathRemover.java:256)
		at jenkins.util.io.PathRemover.removeOrMakeRemovableThenRemove(PathRemover.java:236)
		at jenkins.util.io.PathRemover.tryRemoveFile(PathRemover.java:202)
		at jenkins.util.io.PathRemover.tryRemoveRecursive(PathRemover.java:213)
		at jenkins.util.io.PathRemover.tryRemoveDirectoryContents(PathRemover.java:223)
		at jenkins.util.io.PathRemover.tryRemoveRecursive(PathRemover.java:212)
		at jenkins.util.io.PathRemover.tryRemoveDirectoryContents(PathRemover.java:223)
		at jenkins.util.io.PathRemover.tryRemoveRecursive(PathRemover.java:212)
		at jenkins.util.io.PathRemover.tryRemoveDirectoryContents(PathRemover.java:223)
		at jenkins.util.io.PathRemover.tryRemoveRecursive(PathRemover.java:212)
		at jenkins.util.io.PathRemover.tryRemoveDirectoryContents(PathRemover.java:223)
		at jenkins.util.io.PathRemover.tryRemoveRecursive(PathRemover.java:212)
		at jenkins.util.io.PathRemover.forceRemoveRecursive(PathRemover.java:93)
Also:   java.nio.file.FileSystemException: /home/indemind/.jenkins/workspace/line_laser_projecttools_slam_pc/projecttools/build/CMakeFiles/Makefile.cmake: 不允许的操作
		at java.base/sun.nio.fs.UnixException.translateToIOException(UnixException.java:100)
		at java.base/sun.nio.fs.UnixException.rethrowAsIOException(UnixException.java:111)
		at java.base/sun.nio.fs.UnixException.rethrowAsIOException(UnixException.java:116)
		at java.base/sun.nio.fs.UnixFileAttributeViews$Posix.setMode(UnixFileAttributeViews.java:254)
		at java.base/sun.nio.fs.UnixFileAttributeViews$Posix.setPermissions(UnixFileAttributeViews.java:276)
		at java.base/java.nio.file.Files.setPosixFilePermissions(Files.java:2080)
		at jenkins.util.io.PathRemover.makeWritable(PathRemover.java:283)
		at jenkins.util.io.PathRemover.makeRemovable(PathRemover.java:256)
		at jenkins.util.io.PathRemover.removeOrMakeRemovableThenRemove(PathRemover.java:236)
		at jenkins.util.io.PathRemover.tryRemoveFile(PathRemover.java:202)
		at jenkins.util.io.PathRemover.tryRemoveRecursive(PathRemover.java:213)
		at jenkins.util.io.PathRemover.tryRemoveDirectoryContents(PathRemover.java:223)
		at jenkins.util.io.PathRemover.tryRemoveRecursive(PathRemover.java:212)
		at jenkins.util.io.PathRemover.tryRemoveDirectoryContents(PathRemover.java:223)
		at jenkins.util.io.PathRemover.tryRemoveRecursive(PathRemover.java:212)
		at jenkins.util.io.PathRemover.tryRemoveDirectoryContents(PathRemover.java:223)
		at jenkins.util.io.PathRemover.tryRemoveRecursive(PathRemover.java:212)
		at jenkins.util.io.PathRemover.tryRemoveDirectoryContents(PathRemover.java:223)
		at jenkins.util.io.PathRemover.tryRemoveRecursive(PathRemover.java:212)
		at jenkins.util.io.PathRemover.forceRemoveRecursive(PathRemover.java:93)
Also:   java.nio.file.FileSystemException: /home/indemind/.jenkins/workspace/line_laser_projecttools_slam_pc/projecttools/build/CMakeFiles/feature_tests.bin: 不允许的操作
		at java.base/sun.nio.fs.UnixException.translateToIOException(UnixException.java:100)
		at java.base/sun.nio.fs.UnixException.rethrowAsIOException(UnixException.java:111)
		at java.base/sun.nio.fs.UnixException.rethrowAsIOException(UnixException.java:116)
		at java.base/sun.nio.fs.UnixFileAttributeViews$Posix.setMode(UnixFileAttributeViews.java:254)
		at java.base/sun.nio.fs.UnixFileAttributeViews$Posix.setPermissions(UnixFileAttributeViews.java:276)
		at java.base/java.nio.file.Files.setPosixFilePermissions(Files.java:2080)
		at jenkins.util.io.PathRemover.makeWritable(PathRemover.java:283)
		at jenkins.util.io.PathRemover.makeRemovable(PathRemover.java:256)
		at jenkins.util.io.PathRemover.removeOrMakeRemovableThenRemove(PathRemover.java:236)
		at jenkins.util.io.PathRemover.tryRemoveFile(PathRemover.java:202)
		at jenkins.util.io.PathRemover.tryRemoveRecursive(PathRemover.java:213)
		at jenkins.util.io.PathRemover.tryRemoveDirectoryContents(PathRemover.java:223)
		at jenkins.util.io.PathRemover.tryRemoveRecursive(PathRemover.java:212)
		at jenkins.util.io.PathRemover.tryRemoveDirectoryContents(PathRemover.java:223)
		at jenkins.util.io.PathRemover.tryRemoveRecursive(PathRemover.java:212)
		at jenkins.util.io.PathRemover.tryRemoveDirectoryContents(PathRemover.java:223)
		at jenkins.util.io.PathRemover.tryRemoveRecursive(PathRemover.java:212)
		at jenkins.util.io.PathRemover.tryRemoveDirectoryContents(PathRemover.java:223)
		at jenkins.util.io.PathRemover.tryRemoveRecursive(PathRemover.java:212)
		at jenkins.util.io.PathRemover.forceRemoveRecursive(PathRemover.java:93)
Also:   java.nio.file.FileSystemException: /home/indemind/.jenkins/workspace/line_laser_projecttools_slam_pc/projecttools/build/CMakeFiles/CMakeOutput.log: 不允许的操作
		at java.base/sun.nio.fs.UnixException.translateToIOException(UnixException.java:100)
		at java.base/sun.nio.fs.UnixException.rethrowAsIOException(UnixException.java:111)
		at java.base/sun.nio.fs.UnixException.rethrowAsIOException(UnixException.java:116)
		at java.base/sun.nio.fs.UnixFileAttributeViews$Posix.setMode(UnixFileAttributeViews.java:254)
		at java.base/sun.nio.fs.UnixFileAttributeViews$Posix.setPermissions(UnixFileAttributeViews.java:276)
		at java.base/java.nio.file.Files.setPosixFilePermissions(Files.java:2080)
		at jenkins.util.io.PathRemover.makeWritable(PathRemover.java:283)
		at jenkins.util.io.PathRemover.makeRemovable(PathRemover.java:256)
		at jenkins.util.io.PathRemover.removeOrMakeRemovableThenRemove(PathRemover.java:236)
		at jenkins.util.io.PathRemover.tryRemoveFile(PathRemover.java:202)
		at jenkins.util.io.PathRemover.tryRemoveRecursive(PathRemover.java:213)
		at jenkins.util.io.PathRemover.tryRemoveDirectoryContents(PathRemover.java:223)
		at jenkins.util.io.PathRemover.tryRemoveRecursive(PathRemover.java:212)
		at jenkins.util.io.PathRemover.tryRemoveDirectoryContents(PathRemover.java:223)
		at jenkins.util.io.PathRemover.tryRemoveRecursive(PathRemover.java:212)
		at jenkins.util.io.PathRemover.tryRemoveDirectoryContents(PathRemover.java:223)
		at jenkins.util.io.PathRemover.tryRemoveRecursive(PathRemover.java:212)
		at jenkins.util.io.PathRemover.tryRemoveDirectoryContents(PathRemover.java:223)
		at jenkins.util.io.PathRemover.tryRemoveRecursive(PathRemover.java:212)
		at jenkins.util.io.PathRemover.forceRemoveRecursive(PathRemover.java:93)
Also:   java.nio.file.FileSystemException: /home/indemind/.jenkins/workspace/line_laser_projecttools_slam_pc/projecttools/build/CMakeFiles/feature_tests.cxx: 不允许的操作
		at java.base/sun.nio.fs.UnixException.translateToIOException(UnixException.java:100)
		at java.base/sun.nio.fs.UnixException.rethrowAsIOException(UnixException.java:111)
		at java.base/sun.nio.fs.UnixException.rethrowAsIOException(UnixException.java:116)
		at java.base/sun.nio.fs.UnixFileAttributeViews$Posix.setMode(UnixFileAttributeViews.java:254)
		at java.base/sun.nio.fs.UnixFileAttributeViews$Posix.setPermissions(UnixFileAttributeViews.java:276)
		at java.base/java.nio.file.Files.setPosixFilePermissions(Files.java:2080)
		at jenkins.util.io.PathRemover.makeWritable(PathRemover.java:283)
		at jenkins.util.io.PathRemover.makeRemovable(PathRemover.java:256)
		at jenkins.util.io.PathRemover.removeOrMakeRemovableThenRemove(PathRemover.java:236)
		at jenkins.util.io.PathRemover.tryRemoveFile(PathRemover.java:202)
		at jenkins.util.io.PathRemover.tryRemoveRecursive(PathRemover.java:213)
		at jenkins.util.io.PathRemover.tryRemoveDirectoryContents(PathRemover.java:223)
		at jenkins.util.io.PathRemover.tryRemoveRecursive(PathRemover.java:212)
		at jenkins.util.io.PathRemover.tryRemoveDirectoryContents(PathRemover.java:223)
		at jenkins.util.io.PathRemover.tryRemoveRecursive(PathRemover.java:212)
		at jenkins.util.io.PathRemover.tryRemoveDirectoryContents(PathRemover.java:223)
		at jenkins.util.io.PathRemover.tryRemoveRecursive(PathRemover.java:212)
		at jenkins.util.io.PathRemover.tryRemoveDirectoryContents(PathRemover.java:223)
		at jenkins.util.io.PathRemover.tryRemoveRecursive(PathRemover.java:212)
		at jenkins.util.io.PathRemover.forceRemoveRecursive(PathRemover.java:93)
Also:   java.nio.file.FileSystemException: /home/indemind/.jenkins/workspace/line_laser_projecttools_slam_pc/projecttools/build/CMakeFiles/Progress/1: 不允许的操作
		at java.base/sun.nio.fs.UnixException.translateToIOException(UnixException.java:100)
		at java.base/sun.nio.fs.UnixException.rethrowAsIOException(UnixException.java:111)
		at java.base/sun.nio.fs.UnixException.rethrowAsIOException(UnixException.java:116)
		at java.base/sun.nio.fs.UnixFileAttributeViews$Posix.setMode(UnixFileAttributeViews.java:254)
		at java.base/sun.nio.fs.UnixFileAttributeViews$Posix.setPermissions(UnixFileAttributeViews.java:276)
		at java.base/java.nio.file.Files.setPosixFilePermissions(Files.java:2080)
		at jenkins.util.io.PathRemover.makeWritable(PathRemover.java:283)
		at jenkins.util.io.PathRemover.makeRemovable(PathRemover.java:256)
		at jenkins.util.io.PathRemover.removeOrMakeRemovableThenRemove(PathRemover.java:236)
		at jenkins.util.io.PathRemover.tryRemoveFile(PathRemover.java:202)
		at jenkins.util.io.PathRemover.tryRemoveRecursive(PathRemover.java:213)
		at jenkins.util.io.PathRemover.tryRemoveDirectoryContents(PathRemover.java:223)
		at jenkins.util.io.PathRemover.tryRemoveRecursive(PathRemover.java:212)
		at jenkins.util.io.PathRemover.tryRemoveDirectoryContents(PathRemover.java:223)
		at jenkins.util.io.PathRemover.tryRemoveRecursive(PathRemover.java:212)
		at jenkins.util.io.PathRemover.tryRemoveDirectoryContents(PathRemover.java:223)
		at jenkins.util.io.PathRemover.tryRemoveRecursive(PathRemover.java:212)
		at jenkins.util.io.PathRemover.tryRemoveDirectoryContents(PathRemover.java:223)
		at jenkins.util.io.PathRemover.tryRemoveRecursive(PathRemover.java:212)
		at jenkins.util.io.PathRemover.tryRemoveDirectoryContents(PathRemover.java:223)
		at jenkins.util.io.PathRemover.tryRemoveRecursive(PathRemover.java:212)
		at jenkins.util.io.PathRemover.forceRemoveRecursive(PathRemover.java:93)
Also:   hudson.remoting.Channel$CallSiteStackTrace: Remote call to 158
		at hudson.remoting.Channel.attachCallSiteStackTrace(Channel.java:1784)
		at hudson.remoting.UserRequest$ExceptionResponse.retrieve(UserRequest.java:356)
		at hudson.remoting.Channel.call(Channel.java:1000)
		at hudson.FilePath.act(FilePath.java:1186)
		at hudson.FilePath.act(FilePath.java:1175)
		at hudson.FilePath.deleteRecursive(FilePath.java:1428)
		at hudson.model.WorkspaceCleanupThread.execute(WorkspaceCleanupThread.java:94)
		at hudson.model.AsyncPeriodicWork.lambda$doRun$0(AsyncPeriodicWork.java:102)
		at java.base/java.lang.Thread.run(Thread.java:829)
jenkins.util.io.CompositeIOException: Unable to delete '/home/indemind/.jenkins/workspace/line_laser_projecttools_slam_pc'. Tried 3 times (of a maximum of 3) waiting 0.1 sec between attempts. (Discarded 65 additional exceptions)
	at jenkins.util.io.PathRemover.forceRemoveRecursive(PathRemover.java:96)
	at hudson.Util.deleteRecursive(Util.java:320)
	at hudson.FilePath$DeleteRecursive.invoke(FilePath.java:1436)
	at hudson.FilePath$DeleteRecursive.invoke(FilePath.java:1431)
	at hudson.FilePath$FileCallableWrapper.call(FilePath.java:3492)
	at hudson.remoting.UserRequest.perform(UserRequest.java:211)
	at hudson.remoting.UserRequest.perform(UserRequest.java:54)
	at hudson.remoting.Request$2.run(Request.java:377)
	at hudson.remoting.InterceptingExecutorService.lambda$wrap$0(InterceptingExecutorService.java:78)
	at java.base/java.util.concurrent.FutureTask.run(FutureTask.java:264)
	at java.base/java.util.concurrent.ThreadPoolExecutor.runWorker(ThreadPoolExecutor.java:1128)
	at java.base/java.util.concurrent.ThreadPoolExecutor$Worker.run(ThreadPoolExecutor.java:628)
	at java.base/java.lang.Thread.run(Thread.java:834)
Checking LINE_LASER_PT_pc
Checking line_laser_slam_pc
Deleting /home/indemind/.jenkins/workspace/line_laser_slam_pc on 158
ERROR: Failed to delete /home/indemind/.jenkins/workspace/line_laser_slam_pc on 158
Also:   java.nio.file.FileSystemException: /home/indemind/.jenkins/workspace/line_laser_slam_pc/line_laser/install/config/config.yaml: 不允许的操作
		at java.base/sun.nio.fs.UnixException.translateToIOException(UnixException.java:100)
		at java.base/sun.nio.fs.UnixException.rethrowAsIOException(UnixException.java:111)
		at java.base/sun.nio.fs.UnixException.rethrowAsIOException(UnixException.java:116)
		at java.base/sun.nio.fs.UnixFileAttributeViews$Posix.setMode(UnixFileAttributeViews.java:254)
		at java.base/sun.nio.fs.UnixFileAttributeViews$Posix.setPermissions(UnixFileAttributeViews.java:276)
		at java.base/java.nio.file.Files.setPosixFilePermissions(Files.java:2080)
		at jenkins.util.io.PathRemover.makeWritable(PathRemover.java:283)
		at jenkins.util.io.PathRemover.makeRemovable(PathRemover.java:256)
		at jenkins.util.io.PathRemover.removeOrMakeRemovableThenRemove(PathRemover.java:236)
		at jenkins.util.io.PathRemover.tryRemoveFile(PathRemover.java:202)
		at jenkins.util.io.PathRemover.tryRemoveRecursive(PathRemover.java:213)
		at jenkins.util.io.PathRemover.tryRemoveDirectoryContents(PathRemover.java:223)
		at jenkins.util.io.PathRemover.tryRemoveRecursive(PathRemover.java:212)
		at jenkins.util.io.PathRemover.tryRemoveDirectoryContents(PathRemover.java:223)
		at jenkins.util.io.PathRemover.tryRemoveRecursive(PathRemover.java:212)
		at jenkins.util.io.PathRemover.tryRemoveDirectoryContents(PathRemover.java:223)
		at jenkins.util.io.PathRemover.tryRemoveRecursive(PathRemover.java:212)
		at jenkins.util.io.PathRemover.tryRemoveDirectoryContents(PathRemover.java:223)
		at jenkins.util.io.PathRemover.tryRemoveRecursive(PathRemover.java:212)
		at jenkins.util.io.PathRemover.forceRemoveRecursive(PathRemover.java:93)
Also:   java.nio.file.FileSystemException: /home/indemind/.jenkins/workspace/line_laser_slam_pc/line_laser/install/config/laser_calib.yaml: 不允许的操作
		at java.base/sun.nio.fs.UnixException.translateToIOException(UnixException.java:100)
		at java.base/sun.nio.fs.UnixException.rethrowAsIOException(UnixException.java:111)
		at java.base/sun.nio.fs.UnixException.rethrowAsIOException(UnixException.java:116)
		at java.base/sun.nio.fs.UnixFileAttributeViews$Posix.setMode(UnixFileAttributeViews.java:254)
		at java.base/sun.nio.fs.UnixFileAttributeViews$Posix.setPermissions(UnixFileAttributeViews.java:276)
		at java.base/java.nio.file.Files.setPosixFilePermissions(Files.java:2080)
		at jenkins.util.io.PathRemover.makeWritable(PathRemover.java:283)
		at jenkins.util.io.PathRemover.makeRemovable(PathRemover.java:256)
		at jenkins.util.io.PathRemover.removeOrMakeRemovableThenRemove(PathRemover.java:236)
		at jenkins.util.io.PathRemover.tryRemoveFile(PathRemover.java:202)
		at jenkins.util.io.PathRemover.tryRemoveRecursive(PathRemover.java:213)
		at jenkins.util.io.PathRemover.tryRemoveDirectoryContents(PathRemover.java:223)
		at jenkins.util.io.PathRemover.tryRemoveRecursive(PathRemover.java:212)
		at jenkins.util.io.PathRemover.tryRemoveDirectoryContents(PathRemover.java:223)
		at jenkins.util.io.PathRemover.tryRemoveRecursive(PathRemover.java:212)
		at jenkins.util.io.PathRemover.tryRemoveDirectoryContents(PathRemover.java:223)
		at jenkins.util.io.PathRemover.tryRemoveRecursive(PathRemover.java:212)
		at jenkins.util.io.PathRemover.tryRemoveDirectoryContents(PathRemover.java:223)
		at jenkins.util.io.PathRemover.tryRemoveRecursive(PathRemover.java:212)
		at jenkins.util.io.PathRemover.forceRemoveRecursive(PathRemover.java:93)
Also:   java.nio.file.FileSystemException: /home/indemind/.jenkins/workspace/line_laser_slam_pc/line_laser/install/config: 不允许的操作
		at java.base/sun.nio.fs.UnixException.translateToIOException(UnixException.java:100)
		at java.base/sun.nio.fs.UnixException.rethrowAsIOException(UnixException.java:111)
		at java.base/sun.nio.fs.UnixException.rethrowAsIOException(UnixException.java:116)
		at java.base/sun.nio.fs.UnixFileAttributeViews$Posix.setMode(UnixFileAttributeViews.java:254)
		at java.base/sun.nio.fs.UnixFileAttributeViews$Posix.setPermissions(UnixFileAttributeViews.java:276)
		at java.base/java.nio.file.Files.setPosixFilePermissions(Files.java:2080)
		at jenkins.util.io.PathRemover.makeWritable(PathRemover.java:283)
		at jenkins.util.io.PathRemover.makeRemovable(PathRemover.java:256)
		at jenkins.util.io.PathRemover.removeOrMakeRemovableThenRemove(PathRemover.java:236)
		at jenkins.util.io.PathRemover.tryRemoveFile(PathRemover.java:202)
		at jenkins.util.io.PathRemover.tryRemoveRecursive(PathRemover.java:213)
		at jenkins.util.io.PathRemover.tryRemoveDirectoryContents(PathRemover.java:223)
		at jenkins.util.io.PathRemover.tryRemoveRecursive(PathRemover.java:212)
		at jenkins.util.io.PathRemover.tryRemoveDirectoryContents(PathRemover.java:223)
		at jenkins.util.io.PathRemover.tryRemoveRecursive(PathRemover.java:212)
		at jenkins.util.io.PathRemover.tryRemoveDirectoryContents(PathRemover.java:223)
		at jenkins.util.io.PathRemover.tryRemoveRecursive(PathRemover.java:212)
		at jenkins.util.io.PathRemover.forceRemoveRecursive(PathRemover.java:93)
Also:   java.nio.file.FileSystemException: /home/indemind/.jenkins/workspace/line_laser_slam_pc/line_laser/install/lib/libline_laser.so: 不允许的操作
		at java.base/sun.nio.fs.UnixException.translateToIOException(UnixException.java:100)
		at java.base/sun.nio.fs.UnixException.rethrowAsIOException(UnixException.java:111)
		at java.base/sun.nio.fs.UnixException.rethrowAsIOException(UnixException.java:116)
		at java.base/sun.nio.fs.UnixFileAttributeViews$Posix.setMode(UnixFileAttributeViews.java:254)
		at java.base/sun.nio.fs.UnixFileAttributeViews$Posix.setPermissions(UnixFileAttributeViews.java:276)
		at java.base/java.nio.file.Files.setPosixFilePermissions(Files.java:2080)
		at jenkins.util.io.PathRemover.makeWritable(PathRemover.java:283)
		at jenkins.util.io.PathRemover.makeRemovable(PathRemover.java:256)
		at jenkins.util.io.PathRemover.removeOrMakeRemovableThenRemove(PathRemover.java:236)
		at jenkins.util.io.PathRemover.tryRemoveFile(PathRemover.java:202)
		at jenkins.util.io.PathRemover.tryRemoveRecursive(PathRemover.java:213)
		at jenkins.util.io.PathRemover.tryRemoveDirectoryContents(PathRemover.java:223)
		at jenkins.util.io.PathRemover.tryRemoveRecursive(PathRemover.java:212)
		at jenkins.util.io.PathRemover.tryRemoveDirectoryContents(PathRemover.java:223)
		at jenkins.util.io.PathRemover.tryRemoveRecursive(PathRemover.java:212)
		at jenkins.util.io.PathRemover.tryRemoveDirectoryContents(PathRemover.java:223)
		at jenkins.util.io.PathRemover.tryRemoveRecursive(PathRemover.java:212)
		at jenkins.util.io.PathRemover.tryRemoveDirectoryContents(PathRemover.java:223)
		at jenkins.util.io.PathRemover.tryRemoveRecursive(PathRemover.java:212)
		at jenkins.util.io.PathRemover.forceRemoveRecursive(PathRemover.java:93)
Also:   java.nio.file.FileSystemException: /home/indemind/.jenkins/workspace/line_laser_slam_pc/line_laser/install/lib: 不允许的操作
		at java.base/sun.nio.fs.UnixException.translateToIOException(UnixException.java:100)
		at java.base/sun.nio.fs.UnixException.rethrowAsIOException(UnixException.java:111)
		at java.base/sun.nio.fs.UnixException.rethrowAsIOException(UnixException.java:116)
		at java.base/sun.nio.fs.UnixFileAttributeViews$Posix.setMode(UnixFileAttributeViews.java:254)
		at java.base/sun.nio.fs.UnixFileAttributeViews$Posix.setPermissions(UnixFileAttributeViews.java:276)
		at java.base/java.nio.file.Files.setPosixFilePermissions(Files.java:2080)
		at jenkins.util.io.PathRemover.makeWritable(PathRemover.java:283)
		at jenkins.util.io.PathRemover.makeRemovable(PathRemover.java:256)
		at jenkins.util.io.PathRemover.removeOrMakeRemovableThenRemove(PathRemover.java:236)
		at jenkins.util.io.PathRemover.tryRemoveFile(PathRemover.java:202)
		at jenkins.util.io.PathRemover.tryRemoveRecursive(PathRemover.java:213)
		at jenkins.util.io.PathRemover.tryRemoveDirectoryContents(PathRemover.java:223)
		at jenkins.util.io.PathRemover.tryRemoveRecursive(PathRemover.java:212)
		at jenkins.util.io.PathRemover.tryRemoveDirectoryContents(PathRemover.java:223)
		at jenkins.util.io.PathRemover.tryRemoveRecursive(PathRemover.java:212)
		at jenkins.util.io.PathRemover.tryRemoveDirectoryContents(PathRemover.java:223)
		at jenkins.util.io.PathRemover.tryRemoveRecursive(PathRemover.java:212)
		at jenkins.util.io.PathRemover.forceRemoveRecursive(PathRemover.java:93)
Also:   java.nio.file.FileSystemException: /home/indemind/.jenkins/workspace/line_laser_slam_pc/line_laser/install/scripts/env.sh: 不允许的操作
		at java.base/sun.nio.fs.UnixException.translateToIOException(UnixException.java:100)
		at java.base/sun.nio.fs.UnixException.rethrowAsIOException(UnixException.java:111)
		at java.base/sun.nio.fs.UnixException.rethrowAsIOException(UnixException.java:116)
		at java.base/sun.nio.fs.UnixFileAttributeViews$Posix.setMode(UnixFileAttributeViews.java:254)
		at java.base/sun.nio.fs.UnixFileAttributeViews$Posix.setPermissions(UnixFileAttributeViews.java:276)
		at java.base/java.nio.file.Files.setPosixFilePermissions(Files.java:2080)
		at jenkins.util.io.PathRemover.makeWritable(PathRemover.java:283)
		at jenkins.util.io.PathRemover.makeRemovable(PathRemover.java:256)
		at jenkins.util.io.PathRemover.removeOrMakeRemovableThenRemove(PathRemover.java:236)
		at jenkins.util.io.PathRemover.tryRemoveFile(PathRemover.java:202)
		at jenkins.util.io.PathRemover.tryRemoveRecursive(PathRemover.java:213)
		at jenkins.util.io.PathRemover.tryRemoveDirectoryContents(PathRemover.java:223)
		at jenkins.util.io.PathRemover.tryRemoveRecursive(PathRemover.java:212)
		at jenkins.util.io.PathRemover.tryRemoveDirectoryContents(PathRemover.java:223)
		at jenkins.util.io.PathRemover.tryRemoveRecursive(PathRemover.java:212)
		at jenkins.util.io.PathRemover.tryRemoveDirectoryContents(PathRemover.java:223)
		at jenkins.util.io.PathRemover.tryRemoveRecursive(PathRemover.java:212)
		at jenkins.util.io.PathRemover.tryRemoveDirectoryContents(PathRemover.java:223)
		at jenkins.util.io.PathRemover.tryRemoveRecursive(PathRemover.java:212)
		at jenkins.util.io.PathRemover.forceRemoveRecursive(PathRemover.java:93)
Also:   java.nio.file.FileSystemException: /home/indemind/.jenkins/workspace/line_laser_slam_pc/line_laser/install/scripts: 不允许的操作
		at java.base/sun.nio.fs.UnixException.translateToIOException(UnixException.java:100)
		at java.base/sun.nio.fs.UnixException.rethrowAsIOException(UnixException.java:111)
		at java.base/sun.nio.fs.UnixException.rethrowAsIOException(UnixException.java:116)
		at java.base/sun.nio.fs.UnixFileAttributeViews$Posix.setMode(UnixFileAttributeViews.java:254)
		at java.base/sun.nio.fs.UnixFileAttributeViews$Posix.setPermissions(UnixFileAttributeViews.java:276)
		at java.base/java.nio.file.Files.setPosixFilePermissions(Files.java:2080)
		at jenkins.util.io.PathRemover.makeWritable(PathRemover.java:283)
		at jenkins.util.io.PathRemover.makeRemovable(PathRemover.java:256)
		at jenkins.util.io.PathRemover.removeOrMakeRemovableThenRemove(PathRemover.java:236)
		at jenkins.util.io.PathRemover.tryRemoveFile(PathRemover.java:202)
		at jenkins.util.io.PathRemover.tryRemoveRecursive(PathRemover.java:213)
		at jenkins.util.io.PathRemover.tryRemoveDirectoryContents(PathRemover.java:223)
		at jenkins.util.io.PathRemover.tryRemoveRecursive(PathRemover.java:212)
		at jenkins.util.io.PathRemover.tryRemoveDirectoryContents(PathRemover.java:223)
		at jenkins.util.io.PathRemover.tryRemoveRecursive(PathRemover.java:212)
		at jenkins.util.io.PathRemover.tryRemoveDirectoryContents(PathRemover.java:223)
		at jenkins.util.io.PathRemover.tryRemoveRecursive(PathRemover.java:212)
		at jenkins.util.io.PathRemover.forceRemoveRecursive(PathRemover.java:93)
Also:   java.nio.file.FileSystemException: /home/indemind/.jenkins/workspace/line_laser_slam_pc/line_laser/install: 不允许的操作
		at java.base/sun.nio.fs.UnixException.translateToIOException(UnixException.java:100)
		at java.base/sun.nio.fs.UnixException.rethrowAsIOException(UnixException.java:111)
		at java.base/sun.nio.fs.UnixException.rethrowAsIOException(UnixException.java:116)
		at java.base/sun.nio.fs.UnixFileAttributeViews$Posix.setMode(UnixFileAttributeViews.java:254)
		at java.base/sun.nio.fs.UnixFileAttributeViews$Posix.setPermissions(UnixFileAttributeViews.java:276)
		at java.base/java.nio.file.Files.setPosixFilePermissions(Files.java:2080)
		at jenkins.util.io.PathRemover.makeWritable(PathRemover.java:283)
		at jenkins.util.io.PathRemover.makeRemovable(PathRemover.java:256)
		at jenkins.util.io.PathRemover.removeOrMakeRemovableThenRemove(PathRemover.java:236)
		at jenkins.util.io.PathRemover.tryRemoveFile(PathRemover.java:202)
		at jenkins.util.io.PathRemover.tryRemoveRecursive(PathRemover.java:213)
		at jenkins.util.io.PathRemover.tryRemoveDirectoryContents(PathRemover.java:223)
		at jenkins.util.io.PathRemover.tryRemoveRecursive(PathRemover.java:212)
		at jenkins.util.io.PathRemover.tryRemoveDirectoryContents(PathRemover.java:223)
		at jenkins.util.io.PathRemover.tryRemoveRecursive(PathRemover.java:212)
		at jenkins.util.io.PathRemover.forceRemoveRecursive(PathRemover.java:93)
Also:   java.nio.file.FileSystemException: /home/indemind/.jenkins/workspace/line_laser_slam_pc/line_laser/.git/modules/submodules/abby_msg/branches: 不允许的操作
		at java.base/sun.nio.fs.UnixException.translateToIOException(UnixException.java:100)
		at java.base/sun.nio.fs.UnixException.rethrowAsIOException(UnixException.java:111)
		at java.base/sun.nio.fs.UnixException.rethrowAsIOException(UnixException.java:116)
		at java.base/sun.nio.fs.UnixFileAttributeViews$Posix.setMode(UnixFileAttributeViews.java:254)
		at java.base/sun.nio.fs.UnixFileAttributeViews$Posix.setPermissions(UnixFileAttributeViews.java:276)
		at java.base/java.nio.file.Files.setPosixFilePermissions(Files.java:2080)
		at jenkins.util.io.PathRemover.makeWritable(PathRemover.java:283)
		at jenkins.util.io.PathRemover.makeRemovable(PathRemover.java:256)
		at jenkins.util.io.PathRemover.removeOrMakeRemovableThenRemove(PathRemover.java:236)
		at jenkins.util.io.PathRemover.tryRemoveFile(PathRemover.java:202)
		at jenkins.util.io.PathRemover.tryRemoveRecursive(PathRemover.java:213)
		at jenkins.util.io.PathRemover.tryRemoveDirectoryContents(PathRemover.java:223)
		at jenkins.util.io.PathRemover.tryRemoveRecursive(PathRemover.java:212)
		at jenkins.util.io.PathRemover.tryRemoveDirectoryContents(PathRemover.java:223)
		at jenkins.util.io.PathRemover.tryRemoveRecursive(PathRemover.java:212)
		at jenkins.util.io.PathRemover.tryRemoveDirectoryContents(PathRemover.java:223)
		at jenkins.util.io.PathRemover.tryRemoveRecursive(PathRemover.java:212)
		at jenkins.util.io.PathRemover.tryRemoveDirectoryContents(PathRemover.java:223)
		at jenkins.util.io.PathRemover.tryRemoveRecursive(PathRemover.java:212)
		at jenkins.util.io.PathRemover.tryRemoveDirectoryContents(PathRemover.java:223)
		at jenkins.util.io.PathRemover.tryRemoveRecursive(PathRemover.java:212)
		at jenkins.util.io.PathRemover.tryRemoveDirectoryContents(PathRemover.java:223)
		at jenkins.util.io.PathRemover.tryRemoveRecursive(PathRemover.java:212)
		at jenkins.util.io.PathRemover.forceRemoveRecursive(PathRemover.java:93)
Also:   java.nio.file.FileSystemException: /home/indemind/.jenkins/workspace/line_laser_slam_pc/line_laser/.git/modules/submodules/abby_msg/hooks/commit-msg.sample: 不允许的操作
		at java.base/sun.nio.fs.UnixException.translateToIOException(UnixException.java:100)
		at java.base/sun.nio.fs.UnixException.rethrowAsIOException(UnixException.java:111)
		at java.base/sun.nio.fs.UnixException.rethrowAsIOException(UnixException.java:116)
		at java.base/sun.nio.fs.UnixFileAttributeViews$Posix.setMode(UnixFileAttributeViews.java:254)
		at java.base/sun.nio.fs.UnixFileAttributeViews$Posix.setPermissions(UnixFileAttributeViews.java:276)
		at java.base/java.nio.file.Files.setPosixFilePermissions(Files.java:2080)
		at jenkins.util.io.PathRemover.makeWritable(PathRemover.java:283)
		at jenkins.util.io.PathRemover.makeRemovable(PathRemover.java:256)
		at jenkins.util.io.PathRemover.removeOrMakeRemovableThenRemove(PathRemover.java:236)
		at jenkins.util.io.PathRemover.tryRemoveFile(PathRemover.java:202)
		at jenkins.util.io.PathRemover.tryRemoveRecursive(PathRemover.java:213)
		at jenkins.util.io.PathRemover.tryRemoveDirectoryContents(PathRemover.java:223)
		at jenkins.util.io.PathRemover.tryRemoveRecursive(PathRemover.java:212)
		at jenkins.util.io.PathRemover.tryRemoveDirectoryContents(PathRemover.java:223)
		at jenkins.util.io.PathRemover.tryRemoveRecursive(PathRemover.java:212)
		at jenkins.util.io.PathRemover.tryRemoveDirectoryContents(PathRemover.java:223)
		at jenkins.util.io.PathRemover.tryRemoveRecursive(PathRemover.java:212)
		at jenkins.util.io.PathRemover.tryRemoveDirectoryContents(PathRemover.java:223)
		at jenkins.util.io.PathRemover.tryRemoveRecursive(PathRemover.java:212)
		at jenkins.util.io.PathRemover.tryRemoveDirectoryContents(PathRemover.java:223)
		at jenkins.util.io.PathRemover.tryRemoveRecursive(PathRemover.java:212)
		at jenkins.util.io.PathRemover.tryRemoveDirectoryContents(PathRemover.java:223)
		at jenkins.util.io.PathRemover.tryRemoveRecursive(PathRemover.java:212)
		at jenkins.util.io.PathRemover.tryRemoveDirectoryContents(PathRemover.java:223)
		at jenkins.util.io.PathRemover.tryRemoveRecursive(PathRemover.java:212)
		at jenkins.util.io.PathRemover.forceRemoveRecursive(PathRemover.java:93)
Also:   hudson.remoting.Channel$CallSiteStackTrace: Remote call to 158
		at hudson.remoting.Channel.attachCallSiteStackTrace(Channel.java:1784)
		at hudson.remoting.UserRequest$ExceptionResponse.retrieve(UserRequest.java:356)
		at hudson.remoting.Channel.call(Channel.java:1000)
		at hudson.FilePath.act(FilePath.java:1186)
		at hudson.FilePath.act(FilePath.java:1175)
		at hudson.FilePath.deleteRecursive(FilePath.java:1428)
		at hudson.model.WorkspaceCleanupThread.execute(WorkspaceCleanupThread.java:94)
		at hudson.model.AsyncPeriodicWork.lambda$doRun$0(AsyncPeriodicWork.java:102)
		at java.base/java.lang.Thread.run(Thread.java:829)
jenkins.util.io.CompositeIOException: Unable to delete '/home/indemind/.jenkins/workspace/line_laser_slam_pc'. Tried 3 times (of a maximum of 3) waiting 0.1 sec between attempts. (Discarded 416 additional exceptions)
	at jenkins.util.io.PathRemover.forceRemoveRecursive(PathRemover.java:96)
	at hudson.Util.deleteRecursive(Util.java:320)
	at hudson.FilePath$DeleteRecursive.invoke(FilePath.java:1436)
	at hudson.FilePath$DeleteRecursive.invoke(FilePath.java:1431)
	at hudson.FilePath$FileCallableWrapper.call(FilePath.java:3492)
	at hudson.remoting.UserRequest.perform(UserRequest.java:211)
	at hudson.remoting.UserRequest.perform(UserRequest.java:54)
	at hudson.remoting.Request$2.run(Request.java:377)
	at hudson.remoting.InterceptingExecutorService.lambda$wrap$0(InterceptingExecutorService.java:78)
	at java.base/java.util.concurrent.FutureTask.run(FutureTask.java:264)
	at java.base/java.util.concurrent.ThreadPoolExecutor.runWorker(ThreadPoolExecutor.java:1128)
	at java.base/java.util.concurrent.ThreadPoolExecutor$Worker.run(ThreadPoolExecutor.java:628)
	at java.base/java.lang.Thread.run(Thread.java:834)
Checking mark-check-tools
Checking media_app
Checking midea-module_app
Checking midea-module_dritdetect-slam-3566
Checking midea-module_embeded
Checking midea-module_perception-3566
Checking midea-module_sdk-3566
Checking midea-module_x-laster-slam-3566
Checking mind_os_3566
Deleting /home/indemind/.jenkins_slave/workspace/mind_os_3566 on 191
ERROR: Failed to delete /home/indemind/.jenkins_slave/workspace/mind_os_3566 on 191
Also:   java.nio.file.FileSystemException: /home/indemind/.jenkins_slave/workspace/mind_os_3566/os/package/mind_os_release_v1.4.4.1_3566.tgz: 不允许的操作
		at java.base/sun.nio.fs.UnixException.translateToIOException(UnixException.java:100)
		at java.base/sun.nio.fs.UnixException.rethrowAsIOException(UnixException.java:111)
		at java.base/sun.nio.fs.UnixException.rethrowAsIOException(UnixException.java:116)
		at java.base/sun.nio.fs.UnixFileAttributeViews$Posix.setMode(UnixFileAttributeViews.java:254)
		at java.base/sun.nio.fs.UnixFileAttributeViews$Posix.setPermissions(UnixFileAttributeViews.java:276)
		at java.base/java.nio.file.Files.setPosixFilePermissions(Files.java:2080)
		at jenkins.util.io.PathRemover.makeWritable(PathRemover.java:283)
		at jenkins.util.io.PathRemover.makeRemovable(PathRemover.java:256)
		at jenkins.util.io.PathRemover.removeOrMakeRemovableThenRemove(PathRemover.java:236)
		at jenkins.util.io.PathRemover.tryRemoveFile(PathRemover.java:202)
		at jenkins.util.io.PathRemover.tryRemoveRecursive(PathRemover.java:213)
		at jenkins.util.io.PathRemover.tryRemoveDirectoryContents(PathRemover.java:223)
		at jenkins.util.io.PathRemover.tryRemoveRecursive(PathRemover.java:212)
		at jenkins.util.io.PathRemover.tryRemoveDirectoryContents(PathRemover.java:223)
		at jenkins.util.io.PathRemover.tryRemoveRecursive(PathRemover.java:212)
		at jenkins.util.io.PathRemover.tryRemoveDirectoryContents(PathRemover.java:223)
		at jenkins.util.io.PathRemover.tryRemoveRecursive(PathRemover.java:212)
		at jenkins.util.io.PathRemover.forceRemoveRecursive(PathRemover.java:93)
Also:   java.nio.file.FileSystemException: /home/indemind/.jenkins_slave/workspace/mind_os_3566/os/package/mind_os_dev_v1.4.4.1_3566/lib/libmind_os.so: 不允许的操作
		at java.base/sun.nio.fs.UnixException.translateToIOException(UnixException.java:100)
		at java.base/sun.nio.fs.UnixException.rethrowAsIOException(UnixException.java:111)
		at java.base/sun.nio.fs.UnixException.rethrowAsIOException(UnixException.java:116)
		at java.base/sun.nio.fs.UnixFileAttributeViews$Posix.setMode(UnixFileAttributeViews.java:254)
		at java.base/sun.nio.fs.UnixFileAttributeViews$Posix.setPermissions(UnixFileAttributeViews.java:276)
		at java.base/java.nio.file.Files.setPosixFilePermissions(Files.java:2080)
		at jenkins.util.io.PathRemover.makeWritable(PathRemover.java:283)
		at jenkins.util.io.PathRemover.makeRemovable(PathRemover.java:256)
		at jenkins.util.io.PathRemover.removeOrMakeRemovableThenRemove(PathRemover.java:236)
		at jenkins.util.io.PathRemover.tryRemoveFile(PathRemover.java:202)
		at jenkins.util.io.PathRemover.tryRemoveRecursive(PathRemover.java:213)
		at jenkins.util.io.PathRemover.tryRemoveDirectoryContents(PathRemover.java:223)
		at jenkins.util.io.PathRemover.tryRemoveRecursive(PathRemover.java:212)
		at jenkins.util.io.PathRemover.tryRemoveDirectoryContents(PathRemover.java:223)
		at jenkins.util.io.PathRemover.tryRemoveRecursive(PathRemover.java:212)
		at jenkins.util.io.PathRemover.tryRemoveDirectoryContents(PathRemover.java:223)
		at jenkins.util.io.PathRemover.tryRemoveRecursive(PathRemover.java:212)
		at jenkins.util.io.PathRemover.tryRemoveDirectoryContents(PathRemover.java:223)
		at jenkins.util.io.PathRemover.tryRemoveRecursive(PathRemover.java:212)
		at jenkins.util.io.PathRemover.tryRemoveDirectoryContents(PathRemover.java:223)
		at jenkins.util.io.PathRemover.tryRemoveRecursive(PathRemover.java:212)
		at jenkins.util.io.PathRemover.forceRemoveRecursive(PathRemover.java:93)
Also:   java.nio.file.FileSystemException: /home/indemind/.jenkins_slave/workspace/mind_os_3566/os/package/mind_os_dev_v1.4.4.1_3566/lib: 不允许的操作
		at java.base/sun.nio.fs.UnixException.translateToIOException(UnixException.java:100)
		at java.base/sun.nio.fs.UnixException.rethrowAsIOException(UnixException.java:111)
		at java.base/sun.nio.fs.UnixException.rethrowAsIOException(UnixException.java:116)
		at java.base/sun.nio.fs.UnixFileAttributeViews$Posix.setMode(UnixFileAttributeViews.java:254)
		at java.base/sun.nio.fs.UnixFileAttributeViews$Posix.setPermissions(UnixFileAttributeViews.java:276)
		at java.base/java.nio.file.Files.setPosixFilePermissions(Files.java:2080)
		at jenkins.util.io.PathRemover.makeWritable(PathRemover.java:283)
		at jenkins.util.io.PathRemover.makeRemovable(PathRemover.java:256)
		at jenkins.util.io.PathRemover.removeOrMakeRemovableThenRemove(PathRemover.java:236)
		at jenkins.util.io.PathRemover.tryRemoveFile(PathRemover.java:202)
		at jenkins.util.io.PathRemover.tryRemoveRecursive(PathRemover.java:213)
		at jenkins.util.io.PathRemover.tryRemoveDirectoryContents(PathRemover.java:223)
		at jenkins.util.io.PathRemover.tryRemoveRecursive(PathRemover.java:212)
		at jenkins.util.io.PathRemover.tryRemoveDirectoryContents(PathRemover.java:223)
		at jenkins.util.io.PathRemover.tryRemoveRecursive(PathRemover.java:212)
		at jenkins.util.io.PathRemover.tryRemoveDirectoryContents(PathRemover.java:223)
		at jenkins.util.io.PathRemover.tryRemoveRecursive(PathRemover.java:212)
		at jenkins.util.io.PathRemover.tryRemoveDirectoryContents(PathRemover.java:223)
		at jenkins.util.io.PathRemover.tryRemoveRecursive(PathRemover.java:212)
		at jenkins.util.io.PathRemover.forceRemoveRecursive(PathRemover.java:93)
Also:   java.nio.file.FileSystemException: /home/indemind/.jenkins_slave/workspace/mind_os_3566/os/package/mind_os_dev_v1.4.4.1_3566/include/mind_os/plugin/node_plugin.h: 不允许的操作
		at java.base/sun.nio.fs.UnixException.translateToIOException(UnixException.java:100)
		at java.base/sun.nio.fs.UnixException.rethrowAsIOException(UnixException.java:111)
		at java.base/sun.nio.fs.UnixException.rethrowAsIOException(UnixException.java:116)
		at java.base/sun.nio.fs.UnixFileAttributeViews$Posix.setMode(UnixFileAttributeViews.java:254)
		at java.base/sun.nio.fs.UnixFileAttributeViews$Posix.setPermissions(UnixFileAttributeViews.java:276)
		at java.base/java.nio.file.Files.setPosixFilePermissions(Files.java:2080)
		at jenkins.util.io.PathRemover.makeWritable(PathRemover.java:283)
		at jenkins.util.io.PathRemover.makeRemovable(PathRemover.java:256)
		at jenkins.util.io.PathRemover.removeOrMakeRemovableThenRemove(PathRemover.java:236)
		at jenkins.util.io.PathRemover.tryRemoveFile(PathRemover.java:202)
		at jenkins.util.io.PathRemover.tryRemoveRecursive(PathRemover.java:213)
		at jenkins.util.io.PathRemover.tryRemoveDirectoryContents(PathRemover.java:223)
		at jenkins.util.io.PathRemover.tryRemoveRecursive(PathRemover.java:212)
		at jenkins.util.io.PathRemover.tryRemoveDirectoryContents(PathRemover.java:223)
		at jenkins.util.io.PathRemover.tryRemoveRecursive(PathRemover.java:212)
		at jenkins.util.io.PathRemover.tryRemoveDirectoryContents(PathRemover.java:223)
		at jenkins.util.io.PathRemover.tryRemoveRecursive(PathRemover.java:212)
		at jenkins.util.io.PathRemover.tryRemoveDirectoryContents(PathRemover.java:223)
		at jenkins.util.io.PathRemover.tryRemoveRecursive(PathRemover.java:212)
		at jenkins.util.io.PathRemover.tryRemoveDirectoryContents(PathRemover.java:223)
		at jenkins.util.io.PathRemover.tryRemoveRecursive(PathRemover.java:212)
		at jenkins.util.io.PathRemover.tryRemoveDirectoryContents(PathRemover.java:223)
		at jenkins.util.io.PathRemover.tryRemoveRecursive(PathRemover.java:212)
		at jenkins.util.io.PathRemover.tryRemoveDirectoryContents(PathRemover.java:223)
		at jenkins.util.io.PathRemover.tryRemoveRecursive(PathRemover.java:212)
		at jenkins.util.io.PathRemover.forceRemoveRecursive(PathRemover.java:93)
Also:   java.nio.file.FileSystemException: /home/indemind/.jenkins_slave/workspace/mind_os_3566/os/package/mind_os_dev_v1.4.4.1_3566/include/mind_os/plugin: 不允许的操作
		at java.base/sun.nio.fs.UnixException.translateToIOException(UnixException.java:100)
		at java.base/sun.nio.fs.UnixException.rethrowAsIOException(UnixException.java:111)
		at java.base/sun.nio.fs.UnixException.rethrowAsIOException(UnixException.java:116)
		at java.base/sun.nio.fs.UnixFileAttributeViews$Posix.setMode(UnixFileAttributeViews.java:254)
		at java.base/sun.nio.fs.UnixFileAttributeViews$Posix.setPermissions(UnixFileAttributeViews.java:276)
		at java.base/java.nio.file.Files.setPosixFilePermissions(Files.java:2080)
		at jenkins.util.io.PathRemover.makeWritable(PathRemover.java:283)
		at jenkins.util.io.PathRemover.makeRemovable(PathRemover.java:256)
		at jenkins.util.io.PathRemover.removeOrMakeRemovableThenRemove(PathRemover.java:236)
		at jenkins.util.io.PathRemover.tryRemoveFile(PathRemover.java:202)
		at jenkins.util.io.PathRemover.tryRemoveRecursive(PathRemover.java:213)
		at jenkins.util.io.PathRemover.tryRemoveDirectoryContents(PathRemover.java:223)
		at jenkins.util.io.PathRemover.tryRemoveRecursive(PathRemover.java:212)
		at jenkins.util.io.PathRemover.tryRemoveDirectoryContents(PathRemover.java:223)
		at jenkins.util.io.PathRemover.tryRemoveRecursive(PathRemover.java:212)
		at jenkins.util.io.PathRemover.tryRemoveDirectoryContents(PathRemover.java:223)
		at jenkins.util.io.PathRemover.tryRemoveRecursive(PathRemover.java:212)
		at jenkins.util.io.PathRemover.tryRemoveDirectoryContents(PathRemover.java:223)
		at jenkins.util.io.PathRemover.tryRemoveRecursive(PathRemover.java:212)
		at jenkins.util.io.PathRemover.tryRemoveDirectoryContents(PathRemover.java:223)
		at jenkins.util.io.PathRemover.tryRemoveRecursive(PathRemover.java:212)
		at jenkins.util.io.PathRemover.tryRemoveDirectoryContents(PathRemover.java:223)
		at jenkins.util.io.PathRemover.tryRemoveRecursive(PathRemover.java:212)
		at jenkins.util.io.PathRemover.forceRemoveRecursive(PathRemover.java:93)
Also:   java.nio.file.FileSystemException: /home/indemind/.jenkins_slave/workspace/mind_os_3566/os/package/mind_os_dev_v1.4.4.1_3566/include/mind_os/record/recorder.h: 不允许的操作
		at java.base/sun.nio.fs.UnixException.translateToIOException(UnixException.java:100)
		at java.base/sun.nio.fs.UnixException.rethrowAsIOException(UnixException.java:111)
		at java.base/sun.nio.fs.UnixException.rethrowAsIOException(UnixException.java:116)
		at java.base/sun.nio.fs.UnixFileAttributeViews$Posix.setMode(UnixFileAttributeViews.java:254)
		at java.base/sun.nio.fs.UnixFileAttributeViews$Posix.setPermissions(UnixFileAttributeViews.java:276)
		at java.base/java.nio.file.Files.setPosixFilePermissions(Files.java:2080)
		at jenkins.util.io.PathRemover.makeWritable(PathRemover.java:283)
		at jenkins.util.io.PathRemover.makeRemovable(PathRemover.java:256)
		at jenkins.util.io.PathRemover.removeOrMakeRemovableThenRemove(PathRemover.java:236)
		at jenkins.util.io.PathRemover.tryRemoveFile(PathRemover.java:202)
		at jenkins.util.io.PathRemover.tryRemoveRecursive(PathRemover.java:213)
		at jenkins.util.io.PathRemover.tryRemoveDirectoryContents(PathRemover.java:223)
		at jenkins.util.io.PathRemover.tryRemoveRecursive(PathRemover.java:212)
		at jenkins.util.io.PathRemover.tryRemoveDirectoryContents(PathRemover.java:223)
		at jenkins.util.io.PathRemover.tryRemoveRecursive(PathRemover.java:212)
		at jenkins.util.io.PathRemover.tryRemoveDirectoryContents(PathRemover.java:223)
		at jenkins.util.io.PathRemover.tryRemoveRecursive(PathRemover.java:212)
		at jenkins.util.io.PathRemover.tryRemoveDirectoryContents(PathRemover.java:223)
		at jenkins.util.io.PathRemover.tryRemoveRecursive(PathRemover.java:212)
		at jenkins.util.io.PathRemover.tryRemoveDirectoryContents(PathRemover.java:223)
		at jenkins.util.io.PathRemover.tryRemoveRecursive(PathRemover.java:212)
		at jenkins.util.io.PathRemover.tryRemoveDirectoryContents(PathRemover.java:223)
		at jenkins.util.io.PathRemover.tryRemoveRecursive(PathRemover.java:212)
		at jenkins.util.io.PathRemover.tryRemoveDirectoryContents(PathRemover.java:223)
		at jenkins.util.io.PathRemover.tryRemoveRecursive(PathRemover.java:212)
		at jenkins.util.io.PathRemover.forceRemoveRecursive(PathRemover.java:93)
Also:   java.nio.file.FileSystemException: /home/indemind/.jenkins_slave/workspace/mind_os_3566/os/package/mind_os_dev_v1.4.4.1_3566/include/mind_os/record/bag.h: 不允许的操作
		at java.base/sun.nio.fs.UnixException.translateToIOException(UnixException.java:100)
		at java.base/sun.nio.fs.UnixException.rethrowAsIOException(UnixException.java:111)
		at java.base/sun.nio.fs.UnixException.rethrowAsIOException(UnixException.java:116)
		at java.base/sun.nio.fs.UnixFileAttributeViews$Posix.setMode(UnixFileAttributeViews.java:254)
		at java.base/sun.nio.fs.UnixFileAttributeViews$Posix.setPermissions(UnixFileAttributeViews.java:276)
		at java.base/java.nio.file.Files.setPosixFilePermissions(Files.java:2080)
		at jenkins.util.io.PathRemover.makeWritable(PathRemover.java:283)
		at jenkins.util.io.PathRemover.makeRemovable(PathRemover.java:256)
		at jenkins.util.io.PathRemover.removeOrMakeRemovableThenRemove(PathRemover.java:236)
		at jenkins.util.io.PathRemover.tryRemoveFile(PathRemover.java:202)
		at jenkins.util.io.PathRemover.tryRemoveRecursive(PathRemover.java:213)
		at jenkins.util.io.PathRemover.tryRemoveDirectoryContents(PathRemover.java:223)
		at jenkins.util.io.PathRemover.tryRemoveRecursive(PathRemover.java:212)
		at jenkins.util.io.PathRemover.tryRemoveDirectoryContents(PathRemover.java:223)
		at jenkins.util.io.PathRemover.tryRemoveRecursive(PathRemover.java:212)
		at jenkins.util.io.PathRemover.tryRemoveDirectoryContents(PathRemover.java:223)
		at jenkins.util.io.PathRemover.tryRemoveRecursive(PathRemover.java:212)
		at jenkins.util.io.PathRemover.tryRemoveDirectoryContents(PathRemover.java:223)
		at jenkins.util.io.PathRemover.tryRemoveRecursive(PathRemover.java:212)
		at jenkins.util.io.PathRemover.tryRemoveDirectoryContents(PathRemover.java:223)
		at jenkins.util.io.PathRemover.tryRemoveRecursive(PathRemover.java:212)
		at jenkins.util.io.PathRemover.tryRemoveDirectoryContents(PathRemover.java:223)
		at jenkins.util.io.PathRemover.tryRemoveRecursive(PathRemover.java:212)
		at jenkins.util.io.PathRemover.tryRemoveDirectoryContents(PathRemover.java:223)
		at jenkins.util.io.PathRemover.tryRemoveRecursive(PathRemover.java:212)
		at jenkins.util.io.PathRemover.forceRemoveRecursive(PathRemover.java:93)
Also:   java.nio.file.FileSystemException: /home/indemind/.jenkins_slave/workspace/mind_os_3566/os/package/mind_os_dev_v1.4.4.1_3566/include/mind_os/record/player.h: 不允许的操作
		at java.base/sun.nio.fs.UnixException.translateToIOException(UnixException.java:100)
		at java.base/sun.nio.fs.UnixException.rethrowAsIOException(UnixException.java:111)
		at java.base/sun.nio.fs.UnixException.rethrowAsIOException(UnixException.java:116)
		at java.base/sun.nio.fs.UnixFileAttributeViews$Posix.setMode(UnixFileAttributeViews.java:254)
		at java.base/sun.nio.fs.UnixFileAttributeViews$Posix.setPermissions(UnixFileAttributeViews.java:276)
		at java.base/java.nio.file.Files.setPosixFilePermissions(Files.java:2080)
		at jenkins.util.io.PathRemover.makeWritable(PathRemover.java:283)
		at jenkins.util.io.PathRemover.makeRemovable(PathRemover.java:256)
		at jenkins.util.io.PathRemover.removeOrMakeRemovableThenRemove(PathRemover.java:236)
		at jenkins.util.io.PathRemover.tryRemoveFile(PathRemover.java:202)
		at jenkins.util.io.PathRemover.tryRemoveRecursive(PathRemover.java:213)
		at jenkins.util.io.PathRemover.tryRemoveDirectoryContents(PathRemover.java:223)
		at jenkins.util.io.PathRemover.tryRemoveRecursive(PathRemover.java:212)
		at jenkins.util.io.PathRemover.tryRemoveDirectoryContents(PathRemover.java:223)
		at jenkins.util.io.PathRemover.tryRemoveRecursive(PathRemover.java:212)
		at jenkins.util.io.PathRemover.tryRemoveDirectoryContents(PathRemover.java:223)
		at jenkins.util.io.PathRemover.tryRemoveRecursive(PathRemover.java:212)
		at jenkins.util.io.PathRemover.tryRemoveDirectoryContents(PathRemover.java:223)
		at jenkins.util.io.PathRemover.tryRemoveRecursive(PathRemover.java:212)
		at jenkins.util.io.PathRemover.tryRemoveDirectoryContents(PathRemover.java:223)
		at jenkins.util.io.PathRemover.tryRemoveRecursive(PathRemover.java:212)
		at jenkins.util.io.PathRemover.tryRemoveDirectoryContents(PathRemover.java:223)
		at jenkins.util.io.PathRemover.tryRemoveRecursive(PathRemover.java:212)
		at jenkins.util.io.PathRemover.tryRemoveDirectoryContents(PathRemover.java:223)
		at jenkins.util.io.PathRemover.tryRemoveRecursive(PathRemover.java:212)
		at jenkins.util.io.PathRemover.forceRemoveRecursive(PathRemover.java:93)
Also:   java.nio.file.FileSystemException: /home/indemind/.jenkins_slave/workspace/mind_os_3566/os/package/mind_os_dev_v1.4.4.1_3566/include/mind_os/record: 不允许的操作
		at java.base/sun.nio.fs.UnixException.translateToIOException(UnixException.java:100)
		at java.base/sun.nio.fs.UnixException.rethrowAsIOException(UnixException.java:111)
		at java.base/sun.nio.fs.UnixException.rethrowAsIOException(UnixException.java:116)
		at java.base/sun.nio.fs.UnixFileAttributeViews$Posix.setMode(UnixFileAttributeViews.java:254)
		at java.base/sun.nio.fs.UnixFileAttributeViews$Posix.setPermissions(UnixFileAttributeViews.java:276)
		at java.base/java.nio.file.Files.setPosixFilePermissions(Files.java:2080)
		at jenkins.util.io.PathRemover.makeWritable(PathRemover.java:283)
		at jenkins.util.io.PathRemover.makeRemovable(PathRemover.java:256)
		at jenkins.util.io.PathRemover.removeOrMakeRemovableThenRemove(PathRemover.java:236)
		at jenkins.util.io.PathRemover.tryRemoveFile(PathRemover.java:202)
		at jenkins.util.io.PathRemover.tryRemoveRecursive(PathRemover.java:213)
		at jenkins.util.io.PathRemover.tryRemoveDirectoryContents(PathRemover.java:223)
		at jenkins.util.io.PathRemover.tryRemoveRecursive(PathRemover.java:212)
		at jenkins.util.io.PathRemover.tryRemoveDirectoryContents(PathRemover.java:223)
		at jenkins.util.io.PathRemover.tryRemoveRecursive(PathRemover.java:212)
		at jenkins.util.io.PathRemover.tryRemoveDirectoryContents(PathRemover.java:223)
		at jenkins.util.io.PathRemover.tryRemoveRecursive(PathRemover.java:212)
		at jenkins.util.io.PathRemover.tryRemoveDirectoryContents(PathRemover.java:223)
		at jenkins.util.io.PathRemover.tryRemoveRecursive(PathRemover.java:212)
		at jenkins.util.io.PathRemover.tryRemoveDirectoryContents(PathRemover.java:223)
		at jenkins.util.io.PathRemover.tryRemoveRecursive(PathRemover.java:212)
		at jenkins.util.io.PathRemover.tryRemoveDirectoryContents(PathRemover.java:223)
		at jenkins.util.io.PathRemover.tryRemoveRecursive(PathRemover.java:212)
		at jenkins.util.io.PathRemover.forceRemoveRecursive(PathRemover.java:93)
Also:   java.nio.file.FileSystemException: /home/indemind/.jenkins_slave/workspace/mind_os_3566/os/package/mind_os_dev_v1.4.4.1_3566/include/mind_os/subscriber.h: 不允许的操作
		at java.base/sun.nio.fs.UnixException.translateToIOException(UnixException.java:100)
		at java.base/sun.nio.fs.UnixException.rethrowAsIOException(UnixException.java:111)
		at java.base/sun.nio.fs.UnixException.rethrowAsIOException(UnixException.java:116)
		at java.base/sun.nio.fs.UnixFileAttributeViews$Posix.setMode(UnixFileAttributeViews.java:254)
		at java.base/sun.nio.fs.UnixFileAttributeViews$Posix.setPermissions(UnixFileAttributeViews.java:276)
		at java.base/java.nio.file.Files.setPosixFilePermissions(Files.java:2080)
		at jenkins.util.io.PathRemover.makeWritable(PathRemover.java:283)
		at jenkins.util.io.PathRemover.makeRemovable(PathRemover.java:256)
		at jenkins.util.io.PathRemover.removeOrMakeRemovableThenRemove(PathRemover.java:236)
		at jenkins.util.io.PathRemover.tryRemoveFile(PathRemover.java:202)
		at jenkins.util.io.PathRemover.tryRemoveRecursive(PathRemover.java:213)
		at jenkins.util.io.PathRemover.tryRemoveDirectoryContents(PathRemover.java:223)
		at jenkins.util.io.PathRemover.tryRemoveRecursive(PathRemover.java:212)
		at jenkins.util.io.PathRemover.tryRemoveDirectoryContents(PathRemover.java:223)
		at jenkins.util.io.PathRemover.tryRemoveRecursive(PathRemover.java:212)
		at jenkins.util.io.PathRemover.tryRemoveDirectoryContents(PathRemover.java:223)
		at jenkins.util.io.PathRemover.tryRemoveRecursive(PathRemover.java:212)
		at jenkins.util.io.PathRemover.tryRemoveDirectoryContents(PathRemover.java:223)
		at jenkins.util.io.PathRemover.tryRemoveRecursive(PathRemover.java:212)
		at jenkins.util.io.PathRemover.tryRemoveDirectoryContents(PathRemover.java:223)
		at jenkins.util.io.PathRemover.tryRemoveRecursive(PathRemover.java:212)
		at jenkins.util.io.PathRemover.tryRemoveDirectoryContents(PathRemover.java:223)
		at jenkins.util.io.PathRemover.tryRemoveRecursive(PathRemover.java:212)
		at jenkins.util.io.PathRemover.forceRemoveRecursive(PathRemover.java:93)
Also:   hudson.remoting.Channel$CallSiteStackTrace: Remote call to 191
		at hudson.remoting.Channel.attachCallSiteStackTrace(Channel.java:1784)
		at hudson.remoting.UserRequest$ExceptionResponse.retrieve(UserRequest.java:356)
		at hudson.remoting.Channel.call(Channel.java:1000)
		at hudson.FilePath.act(FilePath.java:1186)
		at hudson.FilePath.act(FilePath.java:1175)
		at hudson.FilePath.deleteRecursive(FilePath.java:1428)
		at hudson.model.WorkspaceCleanupThread.execute(WorkspaceCleanupThread.java:94)
		at hudson.model.AsyncPeriodicWork.lambda$doRun$0(AsyncPeriodicWork.java:102)
		at java.base/java.lang.Thread.run(Thread.java:829)
jenkins.util.io.CompositeIOException: Unable to delete '/home/indemind/.jenkins_slave/workspace/mind_os_3566'. Tried 3 times (of a maximum of 3) waiting 0.1 sec between attempts. (Discarded 191 additional exceptions)
	at jenkins.util.io.PathRemover.forceRemoveRecursive(PathRemover.java:96)
	at hudson.Util.deleteRecursive(Util.java:320)
	at hudson.FilePath$DeleteRecursive.invoke(FilePath.java:1436)
	at hudson.FilePath$DeleteRecursive.invoke(FilePath.java:1431)
	at hudson.FilePath$FileCallableWrapper.call(FilePath.java:3492)
	at hudson.remoting.UserRequest.perform(UserRequest.java:211)
	at hudson.remoting.UserRequest.perform(UserRequest.java:54)
	at hudson.remoting.Request$2.run(Request.java:377)
	at hudson.remoting.InterceptingExecutorService.lambda$wrap$0(InterceptingExecutorService.java:78)
	at java.base/java.util.concurrent.FutureTask.run(FutureTask.java:264)
	at java.base/java.util.concurrent.ThreadPoolExecutor.runWorker(ThreadPoolExecutor.java:1128)
	at java.base/java.util.concurrent.ThreadPoolExecutor$Worker.run(ThreadPoolExecutor.java:628)
	at java.base/java.lang.Thread.run(Thread.java:834)
Checking mind_os_405
Checking mind_os_a311d
Checking mind_os_all
Checking mind_os_sunny
Checking mind_os_x64
Checking mpull
Checking parker-calibr
Checking parker-deeplearning
Checking parker-depth
Checking parker-depth_ofilm
Checking parker-embeded
Checking parker-embeded-newtof
Checking parker-mark
Checking parker-ros
Checking parker-sdk
Checking parker-sdk-sunny
Checking parker-slam
Checking parker-slam_thirdparty
Checking parker-vislam
Checking parker-vislam-tof
Checking parker-vislam-zs
Checking parker_app
Checking parker_app_mind_os
Checking parker_app_mind_os-sunny
Checking parker_sunny_app
Checking parker_ui
Checking pipline-test
Checking pt-camera-module_app
Checking quadcamera-slam-3566
Checking quadcamera-slam-dense-3566
Checking quadcamera-slam-dirtdetect-3566
Checking quadcamera_depth
Checking randy-calibration
Checking randy-deeplearning
Checking randy-depth
Checking randy-depth-test
Checking randy-embeded
Checking randy-mark
Checking randy-ros
Checking randy-slam
Checking randy_app
Checking randy_ui
Checking rbn100-deeplearning
Checking rbn100-embeded
Checking rbn100-mark
Checking rbn100-ros
Checking rbn100-scc
Checking rbn100-sdk
Checking rbn100-sdk-oss
Checking rbn100-slam
Checking rbn100-slam-mindos
Checking rbn100_app
Checking rbn100_depth
Checking rbn100_ui
Checking rbnkit_ui_pc
Checking rubby-cam2odo-405
Checking rubby-control-3566
Checking rubby-deeplearning-3566
Checking rubby-deeplearning-405
Checking rubby-depth-405
Checking rubby-depth-test
Deleting /home/indemind/.jenkins_slave/workspace/rubby-depth-test on 191
ERROR: Failed to delete /home/indemind/.jenkins_slave/workspace/rubby-depth-test on 191
Also:   java.nio.file.FileSystemException: /home/indemind/.jenkins_slave/workspace/rubby-depth-test/DepthModuleForRubby/.git/modules/source/submodules/abby_msg/description: 不允许的操作
		at java.base/sun.nio.fs.UnixException.translateToIOException(UnixException.java:100)
		at java.base/sun.nio.fs.UnixException.rethrowAsIOException(UnixException.java:111)
		at java.base/sun.nio.fs.UnixException.rethrowAsIOException(UnixException.java:116)
		at java.base/sun.nio.fs.UnixFileAttributeViews$Posix.setMode(UnixFileAttributeViews.java:254)
		at java.base/sun.nio.fs.UnixFileAttributeViews$Posix.setPermissions(UnixFileAttributeViews.java:276)
		at java.base/java.nio.file.Files.setPosixFilePermissions(Files.java:2080)
		at jenkins.util.io.PathRemover.makeWritable(PathRemover.java:283)
		at jenkins.util.io.PathRemover.makeRemovable(PathRemover.java:256)
		at jenkins.util.io.PathRemover.removeOrMakeRemovableThenRemove(PathRemover.java:236)
		at jenkins.util.io.PathRemover.tryRemoveFile(PathRemover.java:202)
		at jenkins.util.io.PathRemover.tryRemoveRecursive(PathRemover.java:213)
		at jenkins.util.io.PathRemover.tryRemoveDirectoryContents(PathRemover.java:223)
		at jenkins.util.io.PathRemover.tryRemoveRecursive(PathRemover.java:212)
		at jenkins.util.io.PathRemover.tryRemoveDirectoryContents(PathRemover.java:223)
		at jenkins.util.io.PathRemover.tryRemoveRecursive(PathRemover.java:212)
		at jenkins.util.io.PathRemover.tryRemoveDirectoryContents(PathRemover.java:223)
		at jenkins.util.io.PathRemover.tryRemoveRecursive(PathRemover.java:212)
		at jenkins.util.io.PathRemover.tryRemoveDirectoryContents(PathRemover.java:223)
		at jenkins.util.io.PathRemover.tryRemoveRecursive(PathRemover.java:212)
		at jenkins.util.io.PathRemover.tryRemoveDirectoryContents(PathRemover.java:223)
		at jenkins.util.io.PathRemover.tryRemoveRecursive(PathRemover.java:212)
		at jenkins.util.io.PathRemover.tryRemoveDirectoryContents(PathRemover.java:223)
		at jenkins.util.io.PathRemover.tryRemoveRecursive(PathRemover.java:212)
		at jenkins.util.io.PathRemover.tryRemoveDirectoryContents(PathRemover.java:223)
		at jenkins.util.io.PathRemover.tryRemoveRecursive(PathRemover.java:212)
		at jenkins.util.io.PathRemover.forceRemoveRecursive(PathRemover.java:93)
Also:   java.nio.file.FileSystemException: /home/indemind/.jenkins_slave/workspace/rubby-depth-test/DepthModuleForRubby/.git/modules/source/submodules/abby_msg/config: 不允许的操作
		at java.base/sun.nio.fs.UnixException.translateToIOException(UnixException.java:100)
		at java.base/sun.nio.fs.UnixException.rethrowAsIOException(UnixException.java:111)
		at java.base/sun.nio.fs.UnixException.rethrowAsIOException(UnixException.java:116)
		at java.base/sun.nio.fs.UnixFileAttributeViews$Posix.setMode(UnixFileAttributeViews.java:254)
		at java.base/sun.nio.fs.UnixFileAttributeViews$Posix.setPermissions(UnixFileAttributeViews.java:276)
		at java.base/java.nio.file.Files.setPosixFilePermissions(Files.java:2080)
		at jenkins.util.io.PathRemover.makeWritable(PathRemover.java:283)
		at jenkins.util.io.PathRemover.makeRemovable(PathRemover.java:256)
		at jenkins.util.io.PathRemover.removeOrMakeRemovableThenRemove(PathRemover.java:236)
		at jenkins.util.io.PathRemover.tryRemoveFile(PathRemover.java:202)
		at jenkins.util.io.PathRemover.tryRemoveRecursive(PathRemover.java:213)
		at jenkins.util.io.PathRemover.tryRemoveDirectoryContents(PathRemover.java:223)
		at jenkins.util.io.PathRemover.tryRemoveRecursive(PathRemover.java:212)
		at jenkins.util.io.PathRemover.tryRemoveDirectoryContents(PathRemover.java:223)
		at jenkins.util.io.PathRemover.tryRemoveRecursive(PathRemover.java:212)
		at jenkins.util.io.PathRemover.tryRemoveDirectoryContents(PathRemover.java:223)
		at jenkins.util.io.PathRemover.tryRemoveRecursive(PathRemover.java:212)
		at jenkins.util.io.PathRemover.tryRemoveDirectoryContents(PathRemover.java:223)
		at jenkins.util.io.PathRemover.tryRemoveRecursive(PathRemover.java:212)
		at jenkins.util.io.PathRemover.tryRemoveDirectoryContents(PathRemover.java:223)
		at jenkins.util.io.PathRemover.tryRemoveRecursive(PathRemover.java:212)
		at jenkins.util.io.PathRemover.tryRemoveDirectoryContents(PathRemover.java:223)
		at jenkins.util.io.PathRemover.tryRemoveRecursive(PathRemover.java:212)
		at jenkins.util.io.PathRemover.tryRemoveDirectoryContents(PathRemover.java:223)
		at jenkins.util.io.PathRemover.tryRemoveRecursive(PathRemover.java:212)
		at jenkins.util.io.PathRemover.forceRemoveRecursive(PathRemover.java:93)
Also:   java.nio.file.FileSystemException: /home/indemind/.jenkins_slave/workspace/rubby-depth-test/DepthModuleForRubby/.git/modules/source/submodules/abby_msg/logs/HEAD: 不允许的操作
		at java.base/sun.nio.fs.UnixException.translateToIOException(UnixException.java:100)
		at java.base/sun.nio.fs.UnixException.rethrowAsIOException(UnixException.java:111)
		at java.base/sun.nio.fs.UnixException.rethrowAsIOException(UnixException.java:116)
		at java.base/sun.nio.fs.UnixFileAttributeViews$Posix.setMode(UnixFileAttributeViews.java:254)
		at java.base/sun.nio.fs.UnixFileAttributeViews$Posix.setPermissions(UnixFileAttributeViews.java:276)
		at java.base/java.nio.file.Files.setPosixFilePermissions(Files.java:2080)
		at jenkins.util.io.PathRemover.makeWritable(PathRemover.java:283)
		at jenkins.util.io.PathRemover.makeRemovable(PathRemover.java:256)
		at jenkins.util.io.PathRemover.removeOrMakeRemovableThenRemove(PathRemover.java:236)
		at jenkins.util.io.PathRemover.tryRemoveFile(PathRemover.java:202)
		at jenkins.util.io.PathRemover.tryRemoveRecursive(PathRemover.java:213)
		at jenkins.util.io.PathRemover.tryRemoveDirectoryContents(PathRemover.java:223)
		at jenkins.util.io.PathRemover.tryRemoveRecursive(PathRemover.java:212)
		at jenkins.util.io.PathRemover.tryRemoveDirectoryContents(PathRemover.java:223)
		at jenkins.util.io.PathRemover.tryRemoveRecursive(PathRemover.java:212)
		at jenkins.util.io.PathRemover.tryRemoveDirectoryContents(PathRemover.java:223)
		at jenkins.util.io.PathRemover.tryRemoveRecursive(PathRemover.java:212)
		at jenkins.util.io.PathRemover.tryRemoveDirectoryContents(PathRemover.java:223)
		at jenkins.util.io.PathRemover.tryRemoveRecursive(PathRemover.java:212)
		at jenkins.util.io.PathRemover.tryRemoveDirectoryContents(PathRemover.java:223)
		at jenkins.util.io.PathRemover.tryRemoveRecursive(PathRemover.java:212)
		at jenkins.util.io.PathRemover.tryRemoveDirectoryContents(PathRemover.java:223)
		at jenkins.util.io.PathRemover.tryRemoveRecursive(PathRemover.java:212)
		at jenkins.util.io.PathRemover.tryRemoveDirectoryContents(PathRemover.java:223)
		at jenkins.util.io.PathRemover.tryRemoveRecursive(PathRemover.java:212)
		at jenkins.util.io.PathRemover.tryRemoveDirectoryContents(PathRemover.java:223)
		at jenkins.util.io.PathRemover.tryRemoveRecursive(PathRemover.java:212)
		at jenkins.util.io.PathRemover.forceRemoveRecursive(PathRemover.java:93)
Also:   java.nio.file.FileSystemException: /home/indemind/.jenkins_slave/workspace/rubby-depth-test/DepthModuleForRubby/.git/modules/source/submodules/abby_msg/logs/refs/heads/master: 不允许的操作
		at java.base/sun.nio.fs.UnixException.translateToIOException(UnixException.java:100)
		at java.base/sun.nio.fs.UnixException.rethrowAsIOException(UnixException.java:111)
		at java.base/sun.nio.fs.UnixException.rethrowAsIOException(UnixException.java:116)
		at java.base/sun.nio.fs.UnixFileAttributeViews$Posix.setMode(UnixFileAttributeViews.java:254)
		at java.base/sun.nio.fs.UnixFileAttributeViews$Posix.setPermissions(UnixFileAttributeViews.java:276)
		at java.base/java.nio.file.Files.setPosixFilePermissions(Files.java:2080)
		at jenkins.util.io.PathRemover.makeWritable(PathRemover.java:283)
		at jenkins.util.io.PathRemover.makeRemovable(PathRemover.java:256)
		at jenkins.util.io.PathRemover.removeOrMakeRemovableThenRemove(PathRemover.java:236)
		at jenkins.util.io.PathRemover.tryRemoveFile(PathRemover.java:202)
		at jenkins.util.io.PathRemover.tryRemoveRecursive(PathRemover.java:213)
		at jenkins.util.io.PathRemover.tryRemoveDirectoryContents(PathRemover.java:223)
		at jenkins.util.io.PathRemover.tryRemoveRecursive(PathRemover.java:212)
		at jenkins.util.io.PathRemover.tryRemoveDirectoryContents(PathRemover.java:223)
		at jenkins.util.io.PathRemover.tryRemoveRecursive(PathRemover.java:212)
		at jenkins.util.io.PathRemover.tryRemoveDirectoryContents(PathRemover.java:223)
		at jenkins.util.io.PathRemover.tryRemoveRecursive(PathRemover.java:212)
		at jenkins.util.io.PathRemover.tryRemoveDirectoryContents(PathRemover.java:223)
		at jenkins.util.io.PathRemover.tryRemoveRecursive(PathRemover.java:212)
		at jenkins.util.io.PathRemover.tryRemoveDirectoryContents(PathRemover.java:223)
		at jenkins.util.io.PathRemover.tryRemoveRecursive(PathRemover.java:212)
		at jenkins.util.io.PathRemover.tryRemoveDirectoryContents(PathRemover.java:223)
		at jenkins.util.io.PathRemover.tryRemoveRecursive(PathRemover.java:212)
		at jenkins.util.io.PathRemover.tryRemoveDirectoryContents(PathRemover.java:223)
		at jenkins.util.io.PathRemover.tryRemoveRecursive(PathRemover.java:212)
		at jenkins.util.io.PathRemover.tryRemoveDirectoryContents(PathRemover.java:223)
		at jenkins.util.io.PathRemover.tryRemoveRecursive(PathRemover.java:212)
		at jenkins.util.io.PathRemover.tryRemoveDirectoryContents(PathRemover.java:223)
		at jenkins.util.io.PathRemover.tryRemoveRecursive(PathRemover.java:212)
		at jenkins.util.io.PathRemover.tryRemoveDirectoryContents(PathRemover.java:223)
		at jenkins.util.io.PathRemover.tryRemoveRecursive(PathRemover.java:212)
		at jenkins.util.io.PathRemover.forceRemoveRecursive(PathRemover.java:93)
Also:   java.nio.file.FileSystemException: /home/indemind/.jenkins_slave/workspace/rubby-depth-test/DepthModuleForRubby/.git/modules/source/submodules/abby_msg/logs/refs/heads: 不允许的操作
		at java.base/sun.nio.fs.UnixException.translateToIOException(UnixException.java:100)
		at java.base/sun.nio.fs.UnixException.rethrowAsIOException(UnixException.java:111)
		at java.base/sun.nio.fs.UnixException.rethrowAsIOException(UnixException.java:116)
		at java.base/sun.nio.fs.UnixFileAttributeViews$Posix.setMode(UnixFileAttributeViews.java:254)
		at java.base/sun.nio.fs.UnixFileAttributeViews$Posix.setPermissions(UnixFileAttributeViews.java:276)
		at java.base/java.nio.file.Files.setPosixFilePermissions(Files.java:2080)
		at jenkins.util.io.PathRemover.makeWritable(PathRemover.java:283)
		at jenkins.util.io.PathRemover.makeRemovable(PathRemover.java:256)
		at jenkins.util.io.PathRemover.removeOrMakeRemovableThenRemove(PathRemover.java:236)
		at jenkins.util.io.PathRemover.tryRemoveFile(PathRemover.java:202)
		at jenkins.util.io.PathRemover.tryRemoveRecursive(PathRemover.java:213)
		at jenkins.util.io.PathRemover.tryRemoveDirectoryContents(PathRemover.java:223)
		at jenkins.util.io.PathRemover.tryRemoveRecursive(PathRemover.java:212)
		at jenkins.util.io.PathRemover.tryRemoveDirectoryContents(PathRemover.java:223)
		at jenkins.util.io.PathRemover.tryRemoveRecursive(PathRemover.java:212)
		at jenkins.util.io.PathRemover.tryRemoveDirectoryContents(PathRemover.java:223)
		at jenkins.util.io.PathRemover.tryRemoveRecursive(PathRemover.java:212)
		at jenkins.util.io.PathRemover.tryRemoveDirectoryContents(PathRemover.java:223)
		at jenkins.util.io.PathRemover.tryRemoveRecursive(PathRemover.java:212)
		at jenkins.util.io.PathRemover.tryRemoveDirectoryContents(PathRemover.java:223)
		at jenkins.util.io.PathRemover.tryRemoveRecursive(PathRemover.java:212)
		at jenkins.util.io.PathRemover.tryRemoveDirectoryContents(PathRemover.java:223)
		at jenkins.util.io.PathRemover.tryRemoveRecursive(PathRemover.java:212)
		at jenkins.util.io.PathRemover.tryRemoveDirectoryContents(PathRemover.java:223)
		at jenkins.util.io.PathRemover.tryRemoveRecursive(PathRemover.java:212)
		at jenkins.util.io.PathRemover.tryRemoveDirectoryContents(PathRemover.java:223)
		at jenkins.util.io.PathRemover.tryRemoveRecursive(PathRemover.java:212)
		at jenkins.util.io.PathRemover.tryRemoveDirectoryContents(PathRemover.java:223)
		at jenkins.util.io.PathRemover.tryRemoveRecursive(PathRemover.java:212)
		at jenkins.util.io.PathRemover.forceRemoveRecursive(PathRemover.java:93)
Also:   java.nio.file.FileSystemException: /home/indemind/.jenkins_slave/workspace/rubby-depth-test/DepthModuleForRubby/.git/modules/source/submodules/abby_msg/logs/refs/remotes/origin/HEAD: 不允许的操作
		at java.base/sun.nio.fs.UnixException.translateToIOException(UnixException.java:100)
		at java.base/sun.nio.fs.UnixException.rethrowAsIOException(UnixException.java:111)
		at java.base/sun.nio.fs.UnixException.rethrowAsIOException(UnixException.java:116)
		at java.base/sun.nio.fs.UnixFileAttributeViews$Posix.setMode(UnixFileAttributeViews.java:254)
		at java.base/sun.nio.fs.UnixFileAttributeViews$Posix.setPermissions(UnixFileAttributeViews.java:276)
		at java.base/java.nio.file.Files.setPosixFilePermissions(Files.java:2080)
		at jenkins.util.io.PathRemover.makeWritable(PathRemover.java:283)
		at jenkins.util.io.PathRemover.makeRemovable(PathRemover.java:256)
		at jenkins.util.io.PathRemover.removeOrMakeRemovableThenRemove(PathRemover.java:236)
		at jenkins.util.io.PathRemover.tryRemoveFile(PathRemover.java:202)
		at jenkins.util.io.PathRemover.tryRemoveRecursive(PathRemover.java:213)
		at jenkins.util.io.PathRemover.tryRemoveDirectoryContents(PathRemover.java:223)
		at jenkins.util.io.PathRemover.tryRemoveRecursive(PathRemover.java:212)
		at jenkins.util.io.PathRemover.tryRemoveDirectoryContents(PathRemover.java:223)
		at jenkins.util.io.PathRemover.tryRemoveRecursive(PathRemover.java:212)
		at jenkins.util.io.PathRemover.tryRemoveDirectoryContents(PathRemover.java:223)
		at jenkins.util.io.PathRemover.tryRemoveRecursive(PathRemover.java:212)
		at jenkins.util.io.PathRemover.tryRemoveDirectoryContents(PathRemover.java:223)
		at jenkins.util.io.PathRemover.tryRemoveRecursive(PathRemover.java:212)
		at jenkins.util.io.PathRemover.tryRemoveDirectoryContents(PathRemover.java:223)
		at jenkins.util.io.PathRemover.tryRemoveRecursive(PathRemover.java:212)
		at jenkins.util.io.PathRemover.tryRemoveDirectoryContents(PathRemover.java:223)
		at jenkins.util.io.PathRemover.tryRemoveRecursive(PathRemover.java:212)
		at jenkins.util.io.PathRemover.tryRemoveDirectoryContents(PathRemover.java:223)
		at jenkins.util.io.PathRemover.tryRemoveRecursive(PathRemover.java:212)
		at jenkins.util.io.PathRemover.tryRemoveDirectoryContents(PathRemover.java:223)
		at jenkins.util.io.PathRemover.tryRemoveRecursive(PathRemover.java:212)
		at jenkins.util.io.PathRemover.tryRemoveDirectoryContents(PathRemover.java:223)
		at jenkins.util.io.PathRemover.tryRemoveRecursive(PathRemover.java:212)
		at jenkins.util.io.PathRemover.tryRemoveDirectoryContents(PathRemover.java:223)
		at jenkins.util.io.PathRemover.tryRemoveRecursive(PathRemover.java:212)
		at jenkins.util.io.PathRemover.tryRemoveDirectoryContents(PathRemover.java:223)
		at jenkins.util.io.PathRemover.tryRemoveRecursive(PathRemover.java:212)
		at jenkins.util.io.PathRemover.forceRemoveRecursive(PathRemover.java:93)
Also:   java.nio.file.FileSystemException: /home/indemind/.jenkins_slave/workspace/rubby-depth-test/DepthModuleForRubby/.git/modules/source/submodules/abby_msg/logs/refs/remotes/origin: 不允许的操作
		at java.base/sun.nio.fs.UnixException.translateToIOException(UnixException.java:100)
		at java.base/sun.nio.fs.UnixException.rethrowAsIOException(UnixException.java:111)
		at java.base/sun.nio.fs.UnixException.rethrowAsIOException(UnixException.java:116)
		at java.base/sun.nio.fs.UnixFileAttributeViews$Posix.setMode(UnixFileAttributeViews.java:254)
		at java.base/sun.nio.fs.UnixFileAttributeViews$Posix.setPermissions(UnixFileAttributeViews.java:276)
		at java.base/java.nio.file.Files.setPosixFilePermissions(Files.java:2080)
		at jenkins.util.io.PathRemover.makeWritable(PathRemover.java:283)
		at jenkins.util.io.PathRemover.makeRemovable(PathRemover.java:256)
		at jenkins.util.io.PathRemover.removeOrMakeRemovableThenRemove(PathRemover.java:236)
		at jenkins.util.io.PathRemover.tryRemoveFile(PathRemover.java:202)
		at jenkins.util.io.PathRemover.tryRemoveRecursive(PathRemover.java:213)
		at jenkins.util.io.PathRemover.tryRemoveDirectoryContents(PathRemover.java:223)
		at jenkins.util.io.PathRemover.tryRemoveRecursive(PathRemover.java:212)
		at jenkins.util.io.PathRemover.tryRemoveDirectoryContents(PathRemover.java:223)
		at jenkins.util.io.PathRemover.tryRemoveRecursive(PathRemover.java:212)
		at jenkins.util.io.PathRemover.tryRemoveDirectoryContents(PathRemover.java:223)
		at jenkins.util.io.PathRemover.tryRemoveRecursive(PathRemover.java:212)
		at jenkins.util.io.PathRemover.tryRemoveDirectoryContents(PathRemover.java:223)
		at jenkins.util.io.PathRemover.tryRemoveRecursive(PathRemover.java:212)
		at jenkins.util.io.PathRemover.tryRemoveDirectoryContents(PathRemover.java:223)
		at jenkins.util.io.PathRemover.tryRemoveRecursive(PathRemover.java:212)
		at jenkins.util.io.PathRemover.tryRemoveDirectoryContents(PathRemover.java:223)
		at jenkins.util.io.PathRemover.tryRemoveRecursive(PathRemover.java:212)
		at jenkins.util.io.PathRemover.tryRemoveDirectoryContents(PathRemover.java:223)
		at jenkins.util.io.PathRemover.tryRemoveRecursive(PathRemover.java:212)
		at jenkins.util.io.PathRemover.tryRemoveDirectoryContents(PathRemover.java:223)
		at jenkins.util.io.PathRemover.tryRemoveRecursive(PathRemover.java:212)
		at jenkins.util.io.PathRemover.tryRemoveDirectoryContents(PathRemover.java:223)
		at jenkins.util.io.PathRemover.tryRemoveRecursive(PathRemover.java:212)
		at jenkins.util.io.PathRemover.tryRemoveDirectoryContents(PathRemover.java:223)
		at jenkins.util.io.PathRemover.tryRemoveRecursive(PathRemover.java:212)
		at jenkins.util.io.PathRemover.forceRemoveRecursive(PathRemover.java:93)
Also:   java.nio.file.FileSystemException: /home/indemind/.jenkins_slave/workspace/rubby-depth-test/DepthModuleForRubby/.git/modules/source/submodules/abby_msg/logs/refs/remotes: 不允许的操作
		at java.base/sun.nio.fs.UnixException.translateToIOException(UnixException.java:100)
		at java.base/sun.nio.fs.UnixException.rethrowAsIOException(UnixException.java:111)
		at java.base/sun.nio.fs.UnixException.rethrowAsIOException(UnixException.java:116)
		at java.base/sun.nio.fs.UnixFileAttributeViews$Posix.setMode(UnixFileAttributeViews.java:254)
		at java.base/sun.nio.fs.UnixFileAttributeViews$Posix.setPermissions(UnixFileAttributeViews.java:276)
		at java.base/java.nio.file.Files.setPosixFilePermissions(Files.java:2080)
		at jenkins.util.io.PathRemover.makeWritable(PathRemover.java:283)
		at jenkins.util.io.PathRemover.makeRemovable(PathRemover.java:256)
		at jenkins.util.io.PathRemover.removeOrMakeRemovableThenRemove(PathRemover.java:236)
		at jenkins.util.io.PathRemover.tryRemoveFile(PathRemover.java:202)
		at jenkins.util.io.PathRemover.tryRemoveRecursive(PathRemover.java:213)
		at jenkins.util.io.PathRemover.tryRemoveDirectoryContents(PathRemover.java:223)
		at jenkins.util.io.PathRemover.tryRemoveRecursive(PathRemover.java:212)
		at jenkins.util.io.PathRemover.tryRemoveDirectoryContents(PathRemover.java:223)
		at jenkins.util.io.PathRemover.tryRemoveRecursive(PathRemover.java:212)
		at jenkins.util.io.PathRemover.tryRemoveDirectoryContents(PathRemover.java:223)
		at jenkins.util.io.PathRemover.tryRemoveRecursive(PathRemover.java:212)
		at jenkins.util.io.PathRemover.tryRemoveDirectoryContents(PathRemover.java:223)
		at jenkins.util.io.PathRemover.tryRemoveRecursive(PathRemover.java:212)
		at jenkins.util.io.PathRemover.tryRemoveDirectoryContents(PathRemover.java:223)
		at jenkins.util.io.PathRemover.tryRemoveRecursive(PathRemover.java:212)
		at jenkins.util.io.PathRemover.tryRemoveDirectoryContents(PathRemover.java:223)
		at jenkins.util.io.PathRemover.tryRemoveRecursive(PathRemover.java:212)
		at jenkins.util.io.PathRemover.tryRemoveDirectoryContents(PathRemover.java:223)
		at jenkins.util.io.PathRemover.tryRemoveRecursive(PathRemover.java:212)
		at jenkins.util.io.PathRemover.tryRemoveDirectoryContents(PathRemover.java:223)
		at jenkins.util.io.PathRemover.tryRemoveRecursive(PathRemover.java:212)
		at jenkins.util.io.PathRemover.tryRemoveDirectoryContents(PathRemover.java:223)
		at jenkins.util.io.PathRemover.tryRemoveRecursive(PathRemover.java:212)
		at jenkins.util.io.PathRemover.forceRemoveRecursive(PathRemover.java:93)
Also:   java.nio.file.FileSystemException: /home/indemind/.jenkins_slave/workspace/rubby-depth-test/DepthModuleForRubby/.git/modules/source/submodules/abby_msg/logs/refs: 不允许的操作
		at java.base/sun.nio.fs.UnixException.translateToIOException(UnixException.java:100)
		at java.base/sun.nio.fs.UnixException.rethrowAsIOException(UnixException.java:111)
		at java.base/sun.nio.fs.UnixException.rethrowAsIOException(UnixException.java:116)
		at java.base/sun.nio.fs.UnixFileAttributeViews$Posix.setMode(UnixFileAttributeViews.java:254)
		at java.base/sun.nio.fs.UnixFileAttributeViews$Posix.setPermissions(UnixFileAttributeViews.java:276)
		at java.base/java.nio.file.Files.setPosixFilePermissions(Files.java:2080)
		at jenkins.util.io.PathRemover.makeWritable(PathRemover.java:283)
		at jenkins.util.io.PathRemover.makeRemovable(PathRemover.java:256)
		at jenkins.util.io.PathRemover.removeOrMakeRemovableThenRemove(PathRemover.java:236)
		at jenkins.util.io.PathRemover.tryRemoveFile(PathRemover.java:202)
		at jenkins.util.io.PathRemover.tryRemoveRecursive(PathRemover.java:213)
		at jenkins.util.io.PathRemover.tryRemoveDirectoryContents(PathRemover.java:223)
		at jenkins.util.io.PathRemover.tryRemoveRecursive(PathRemover.java:212)
		at jenkins.util.io.PathRemover.tryRemoveDirectoryContents(PathRemover.java:223)
		at jenkins.util.io.PathRemover.tryRemoveRecursive(PathRemover.java:212)
		at jenkins.util.io.PathRemover.tryRemoveDirectoryContents(PathRemover.java:223)
		at jenkins.util.io.PathRemover.tryRemoveRecursive(PathRemover.java:212)
		at jenkins.util.io.PathRemover.tryRemoveDirectoryContents(PathRemover.java:223)
		at jenkins.util.io.PathRemover.tryRemoveRecursive(PathRemover.java:212)
		at jenkins.util.io.PathRemover.tryRemoveDirectoryContents(PathRemover.java:223)
		at jenkins.util.io.PathRemover.tryRemoveRecursive(PathRemover.java:212)
		at jenkins.util.io.PathRemover.tryRemoveDirectoryContents(PathRemover.java:223)
		at jenkins.util.io.PathRemover.tryRemoveRecursive(PathRemover.java:212)
		at jenkins.util.io.PathRemover.tryRemoveDirectoryContents(PathRemover.java:223)
		at jenkins.util.io.PathRemover.tryRemoveRecursive(PathRemover.java:212)
		at jenkins.util.io.PathRemover.tryRemoveDirectoryContents(PathRemover.java:223)
		at jenkins.util.io.PathRemover.tryRemoveRecursive(PathRemover.java:212)
		at jenkins.util.io.PathRemover.forceRemoveRecursive(PathRemover.java:93)
Also:   java.nio.file.FileSystemException: /home/indemind/.jenkins_slave/workspace/rubby-depth-test/DepthModuleForRubby/.git/modules/source/submodules/abby_msg/logs: 不允许的操作
		at java.base/sun.nio.fs.UnixException.translateToIOException(UnixException.java:100)
		at java.base/sun.nio.fs.UnixException.rethrowAsIOException(UnixException.java:111)
		at java.base/sun.nio.fs.UnixException.rethrowAsIOException(UnixException.java:116)
		at java.base/sun.nio.fs.UnixFileAttributeViews$Posix.setMode(UnixFileAttributeViews.java:254)
		at java.base/sun.nio.fs.UnixFileAttributeViews$Posix.setPermissions(UnixFileAttributeViews.java:276)
		at java.base/java.nio.file.Files.setPosixFilePermissions(Files.java:2080)
		at jenkins.util.io.PathRemover.makeWritable(PathRemover.java:283)
		at jenkins.util.io.PathRemover.makeRemovable(PathRemover.java:256)
		at jenkins.util.io.PathRemover.removeOrMakeRemovableThenRemove(PathRemover.java:236)
		at jenkins.util.io.PathRemover.tryRemoveFile(PathRemover.java:202)
		at jenkins.util.io.PathRemover.tryRemoveRecursive(PathRemover.java:213)
		at jenkins.util.io.PathRemover.tryRemoveDirectoryContents(PathRemover.java:223)
		at jenkins.util.io.PathRemover.tryRemoveRecursive(PathRemover.java:212)
		at jenkins.util.io.PathRemover.tryRemoveDirectoryContents(PathRemover.java:223)
		at jenkins.util.io.PathRemover.tryRemoveRecursive(PathRemover.java:212)
		at jenkins.util.io.PathRemover.tryRemoveDirectoryContents(PathRemover.java:223)
		at jenkins.util.io.PathRemover.tryRemoveRecursive(PathRemover.java:212)
		at jenkins.util.io.PathRemover.tryRemoveDirectoryContents(PathRemover.java:223)
		at jenkins.util.io.PathRemover.tryRemoveRecursive(PathRemover.java:212)
		at jenkins.util.io.PathRemover.tryRemoveDirectoryContents(PathRemover.java:223)
		at jenkins.util.io.PathRemover.tryRemoveRecursive(PathRemover.java:212)
		at jenkins.util.io.PathRemover.tryRemoveDirectoryContents(PathRemover.java:223)
		at jenkins.util.io.PathRemover.tryRemoveRecursive(PathRemover.java:212)
		at jenkins.util.io.PathRemover.tryRemoveDirectoryContents(PathRemover.java:223)
		at jenkins.util.io.PathRemover.tryRemoveRecursive(PathRemover.java:212)
		at jenkins.util.io.PathRemover.forceRemoveRecursive(PathRemover.java:93)
Also:   hudson.remoting.Channel$CallSiteStackTrace: Remote call to 191
		at hudson.remoting.Channel.attachCallSiteStackTrace(Channel.java:1784)
		at hudson.remoting.UserRequest$ExceptionResponse.retrieve(UserRequest.java:356)
		at hudson.remoting.Channel.call(Channel.java:1000)
		at hudson.FilePath.act(FilePath.java:1186)
		at hudson.FilePath.act(FilePath.java:1175)
		at hudson.FilePath.deleteRecursive(FilePath.java:1428)
		at hudson.model.WorkspaceCleanupThread.execute(WorkspaceCleanupThread.java:94)
		at hudson.model.AsyncPeriodicWork.lambda$doRun$0(AsyncPeriodicWork.java:102)
		at java.base/java.lang.Thread.run(Thread.java:829)
jenkins.util.io.CompositeIOException: Unable to delete '/home/indemind/.jenkins_slave/workspace/rubby-depth-test'. Tried 3 times (of a maximum of 3) waiting 0.1 sec between attempts. (Discarded 452 additional exceptions)
	at jenkins.util.io.PathRemover.forceRemoveRecursive(PathRemover.java:96)
	at hudson.Util.deleteRecursive(Util.java:320)
	at hudson.FilePath$DeleteRecursive.invoke(FilePath.java:1436)
	at hudson.FilePath$DeleteRecursive.invoke(FilePath.java:1431)
	at hudson.FilePath$FileCallableWrapper.call(FilePath.java:3492)
	at hudson.remoting.UserRequest.perform(UserRequest.java:211)
	at hudson.remoting.UserRequest.perform(UserRequest.java:54)
	at hudson.remoting.Request$2.run(Request.java:377)
	at hudson.remoting.InterceptingExecutorService.lambda$wrap$0(InterceptingExecutorService.java:78)
	at java.base/java.util.concurrent.FutureTask.run(FutureTask.java:264)
	at java.base/java.util.concurrent.ThreadPoolExecutor.runWorker(ThreadPoolExecutor.java:1128)
	at java.base/java.util.concurrent.ThreadPoolExecutor$Worker.run(ThreadPoolExecutor.java:628)
	at java.base/java.lang.Thread.run(Thread.java:834)
Checking rubby-embeded-3566
Checking rubby-infrastructurecheck-405
Checking rubby-judge_still-3566
Checking rubby-ros-405
Checking rubby-sdk-3566
Checking rubby-slam-3566
Checking rubby-slam-debug-3566
Deleting /home/indemind/.jenkins_slave/workspace/rubby-slam-debug-3566 on 191
ERROR: Failed to delete /home/indemind/.jenkins_slave/workspace/rubby-slam-debug-3566 on 191
Also:   java.nio.file.FileSystemException: /home/indemind/.jenkins_slave/workspace/rubby-slam-debug-3566/parker_vislam_source/submodules/DepthModuleForRubby/class/depthdemo.cc: 不允许的操作
		at java.base/sun.nio.fs.UnixException.translateToIOException(UnixException.java:100)
		at java.base/sun.nio.fs.UnixException.rethrowAsIOException(UnixException.java:111)
		at java.base/sun.nio.fs.UnixException.rethrowAsIOException(UnixException.java:116)
		at java.base/sun.nio.fs.UnixFileAttributeViews$Posix.setMode(UnixFileAttributeViews.java:254)
		at java.base/sun.nio.fs.UnixFileAttributeViews$Posix.setPermissions(UnixFileAttributeViews.java:276)
		at java.base/java.nio.file.Files.setPosixFilePermissions(Files.java:2080)
		at jenkins.util.io.PathRemover.makeWritable(PathRemover.java:283)
		at jenkins.util.io.PathRemover.makeRemovable(PathRemover.java:256)
		at jenkins.util.io.PathRemover.removeOrMakeRemovableThenRemove(PathRemover.java:236)
		at jenkins.util.io.PathRemover.tryRemoveFile(PathRemover.java:202)
		at jenkins.util.io.PathRemover.tryRemoveRecursive(PathRemover.java:213)
		at jenkins.util.io.PathRemover.tryRemoveDirectoryContents(PathRemover.java:223)
		at jenkins.util.io.PathRemover.tryRemoveRecursive(PathRemover.java:212)
		at jenkins.util.io.PathRemover.tryRemoveDirectoryContents(PathRemover.java:223)
		at jenkins.util.io.PathRemover.tryRemoveRecursive(PathRemover.java:212)
		at jenkins.util.io.PathRemover.tryRemoveDirectoryContents(PathRemover.java:223)
		at jenkins.util.io.PathRemover.tryRemoveRecursive(PathRemover.java:212)
		at jenkins.util.io.PathRemover.tryRemoveDirectoryContents(PathRemover.java:223)
		at jenkins.util.io.PathRemover.tryRemoveRecursive(PathRemover.java:212)
		at jenkins.util.io.PathRemover.tryRemoveDirectoryContents(PathRemover.java:223)
		at jenkins.util.io.PathRemover.tryRemoveRecursive(PathRemover.java:212)
		at jenkins.util.io.PathRemover.forceRemoveRecursive(PathRemover.java:93)
Also:   java.nio.file.FileSystemException: /home/indemind/.jenkins_slave/workspace/rubby-slam-debug-3566/parker_vislam_source/submodules/DepthModuleForRubby/class: 不允许的操作
		at java.base/sun.nio.fs.UnixException.translateToIOException(UnixException.java:100)
		at java.base/sun.nio.fs.UnixException.rethrowAsIOException(UnixException.java:111)
		at java.base/sun.nio.fs.UnixException.rethrowAsIOException(UnixException.java:116)
		at java.base/sun.nio.fs.UnixFileAttributeViews$Posix.setMode(UnixFileAttributeViews.java:254)
		at java.base/sun.nio.fs.UnixFileAttributeViews$Posix.setPermissions(UnixFileAttributeViews.java:276)
		at java.base/java.nio.file.Files.setPosixFilePermissions(Files.java:2080)
		at jenkins.util.io.PathRemover.makeWritable(PathRemover.java:283)
		at jenkins.util.io.PathRemover.makeRemovable(PathRemover.java:256)
		at jenkins.util.io.PathRemover.removeOrMakeRemovableThenRemove(PathRemover.java:236)
		at jenkins.util.io.PathRemover.tryRemoveFile(PathRemover.java:202)
		at jenkins.util.io.PathRemover.tryRemoveRecursive(PathRemover.java:213)
		at jenkins.util.io.PathRemover.tryRemoveDirectoryContents(PathRemover.java:223)
		at jenkins.util.io.PathRemover.tryRemoveRecursive(PathRemover.java:212)
		at jenkins.util.io.PathRemover.tryRemoveDirectoryContents(PathRemover.java:223)
		at jenkins.util.io.PathRemover.tryRemoveRecursive(PathRemover.java:212)
		at jenkins.util.io.PathRemover.tryRemoveDirectoryContents(PathRemover.java:223)
		at jenkins.util.io.PathRemover.tryRemoveRecursive(PathRemover.java:212)
		at jenkins.util.io.PathRemover.tryRemoveDirectoryContents(PathRemover.java:223)
		at jenkins.util.io.PathRemover.tryRemoveRecursive(PathRemover.java:212)
		at jenkins.util.io.PathRemover.forceRemoveRecursive(PathRemover.java:93)
Also:   java.nio.file.FileSystemException: /home/indemind/.jenkins_slave/workspace/rubby-slam-debug-3566/parker_vislam_source/submodules/DepthModuleForRubby/config/cl_files/3ddepth.cl: 不允许的操作
		at java.base/sun.nio.fs.UnixException.translateToIOException(UnixException.java:100)
		at java.base/sun.nio.fs.UnixException.rethrowAsIOException(UnixException.java:111)
		at java.base/sun.nio.fs.UnixException.rethrowAsIOException(UnixException.java:116)
		at java.base/sun.nio.fs.UnixFileAttributeViews$Posix.setMode(UnixFileAttributeViews.java:254)
		at java.base/sun.nio.fs.UnixFileAttributeViews$Posix.setPermissions(UnixFileAttributeViews.java:276)
		at java.base/java.nio.file.Files.setPosixFilePermissions(Files.java:2080)
		at jenkins.util.io.PathRemover.makeWritable(PathRemover.java:283)
		at jenkins.util.io.PathRemover.makeRemovable(PathRemover.java:256)
		at jenkins.util.io.PathRemover.removeOrMakeRemovableThenRemove(PathRemover.java:236)
		at jenkins.util.io.PathRemover.tryRemoveFile(PathRemover.java:202)
		at jenkins.util.io.PathRemover.tryRemoveRecursive(PathRemover.java:213)
		at jenkins.util.io.PathRemover.tryRemoveDirectoryContents(PathRemover.java:223)
		at jenkins.util.io.PathRemover.tryRemoveRecursive(PathRemover.java:212)
		at jenkins.util.io.PathRemover.tryRemoveDirectoryContents(PathRemover.java:223)
		at jenkins.util.io.PathRemover.tryRemoveRecursive(PathRemover.java:212)
		at jenkins.util.io.PathRemover.tryRemoveDirectoryContents(PathRemover.java:223)
		at jenkins.util.io.PathRemover.tryRemoveRecursive(PathRemover.java:212)
		at jenkins.util.io.PathRemover.tryRemoveDirectoryContents(PathRemover.java:223)
		at jenkins.util.io.PathRemover.tryRemoveRecursive(PathRemover.java:212)
		at jenkins.util.io.PathRemover.tryRemoveDirectoryContents(PathRemover.java:223)
		at jenkins.util.io.PathRemover.tryRemoveRecursive(PathRemover.java:212)
		at jenkins.util.io.PathRemover.tryRemoveDirectoryContents(PathRemover.java:223)
		at jenkins.util.io.PathRemover.tryRemoveRecursive(PathRemover.java:212)
		at jenkins.util.io.PathRemover.forceRemoveRecursive(PathRemover.java:93)
Also:   java.nio.file.FileSystemException: /home/indemind/.jenkins_slave/workspace/rubby-slam-debug-3566/parker_vislam_source/submodules/DepthModuleForRubby/config/cl_files/match.cl: 不允许的操作
		at java.base/sun.nio.fs.UnixException.translateToIOException(UnixException.java:100)
		at java.base/sun.nio.fs.UnixException.rethrowAsIOException(UnixException.java:111)
		at java.base/sun.nio.fs.UnixException.rethrowAsIOException(UnixException.java:116)
		at java.base/sun.nio.fs.UnixFileAttributeViews$Posix.setMode(UnixFileAttributeViews.java:254)
		at java.base/sun.nio.fs.UnixFileAttributeViews$Posix.setPermissions(UnixFileAttributeViews.java:276)
		at java.base/java.nio.file.Files.setPosixFilePermissions(Files.java:2080)
		at jenkins.util.io.PathRemover.makeWritable(PathRemover.java:283)
		at jenkins.util.io.PathRemover.makeRemovable(PathRemover.java:256)
		at jenkins.util.io.PathRemover.removeOrMakeRemovableThenRemove(PathRemover.java:236)
		at jenkins.util.io.PathRemover.tryRemoveFile(PathRemover.java:202)
		at jenkins.util.io.PathRemover.tryRemoveRecursive(PathRemover.java:213)
		at jenkins.util.io.PathRemover.tryRemoveDirectoryContents(PathRemover.java:223)
		at jenkins.util.io.PathRemover.tryRemoveRecursive(PathRemover.java:212)
		at jenkins.util.io.PathRemover.tryRemoveDirectoryContents(PathRemover.java:223)
		at jenkins.util.io.PathRemover.tryRemoveRecursive(PathRemover.java:212)
		at jenkins.util.io.PathRemover.tryRemoveDirectoryContents(PathRemover.java:223)
		at jenkins.util.io.PathRemover.tryRemoveRecursive(PathRemover.java:212)
		at jenkins.util.io.PathRemover.tryRemoveDirectoryContents(PathRemover.java:223)
		at jenkins.util.io.PathRemover.tryRemoveRecursive(PathRemover.java:212)
		at jenkins.util.io.PathRemover.tryRemoveDirectoryContents(PathRemover.java:223)
		at jenkins.util.io.PathRemover.tryRemoveRecursive(PathRemover.java:212)
		at jenkins.util.io.PathRemover.tryRemoveDirectoryContents(PathRemover.java:223)
		at jenkins.util.io.PathRemover.tryRemoveRecursive(PathRemover.java:212)
		at jenkins.util.io.PathRemover.forceRemoveRecursive(PathRemover.java:93)
Also:   java.nio.file.FileSystemException: /home/indemind/.jenkins_slave/workspace/rubby-slam-debug-3566/parker_vislam_source/submodules/DepthModuleForRubby/config/cl_files/cvf.cl: 不允许的操作
		at java.base/sun.nio.fs.UnixException.translateToIOException(UnixException.java:100)
		at java.base/sun.nio.fs.UnixException.rethrowAsIOException(UnixException.java:111)
		at java.base/sun.nio.fs.UnixException.rethrowAsIOException(UnixException.java:116)
		at java.base/sun.nio.fs.UnixFileAttributeViews$Posix.setMode(UnixFileAttributeViews.java:254)
		at java.base/sun.nio.fs.UnixFileAttributeViews$Posix.setPermissions(UnixFileAttributeViews.java:276)
		at java.base/java.nio.file.Files.setPosixFilePermissions(Files.java:2080)
		at jenkins.util.io.PathRemover.makeWritable(PathRemover.java:283)
		at jenkins.util.io.PathRemover.makeRemovable(PathRemover.java:256)
		at jenkins.util.io.PathRemover.removeOrMakeRemovableThenRemove(PathRemover.java:236)
		at jenkins.util.io.PathRemover.tryRemoveFile(PathRemover.java:202)
		at jenkins.util.io.PathRemover.tryRemoveRecursive(PathRemover.java:213)
		at jenkins.util.io.PathRemover.tryRemoveDirectoryContents(PathRemover.java:223)
		at jenkins.util.io.PathRemover.tryRemoveRecursive(PathRemover.java:212)
		at jenkins.util.io.PathRemover.tryRemoveDirectoryContents(PathRemover.java:223)
		at jenkins.util.io.PathRemover.tryRemoveRecursive(PathRemover.java:212)
		at jenkins.util.io.PathRemover.tryRemoveDirectoryContents(PathRemover.java:223)
		at jenkins.util.io.PathRemover.tryRemoveRecursive(PathRemover.java:212)
		at jenkins.util.io.PathRemover.tryRemoveDirectoryContents(PathRemover.java:223)
		at jenkins.util.io.PathRemover.tryRemoveRecursive(PathRemover.java:212)
		at jenkins.util.io.PathRemover.tryRemoveDirectoryContents(PathRemover.java:223)
		at jenkins.util.io.PathRemover.tryRemoveRecursive(PathRemover.java:212)
		at jenkins.util.io.PathRemover.tryRemoveDirectoryContents(PathRemover.java:223)
		at jenkins.util.io.PathRemover.tryRemoveRecursive(PathRemover.java:212)
		at jenkins.util.io.PathRemover.forceRemoveRecursive(PathRemover.java:93)
Also:   java.nio.file.FileSystemException: /home/indemind/.jenkins_slave/workspace/rubby-slam-debug-3566/parker_vislam_source/submodules/DepthModuleForRubby/config/cl_files/dispsel.cl: 不允许的操作
		at java.base/sun.nio.fs.UnixException.translateToIOException(UnixException.java:100)
		at java.base/sun.nio.fs.UnixException.rethrowAsIOException(UnixException.java:111)
		at java.base/sun.nio.fs.UnixException.rethrowAsIOException(UnixException.java:116)
		at java.base/sun.nio.fs.UnixFileAttributeViews$Posix.setMode(UnixFileAttributeViews.java:254)
		at java.base/sun.nio.fs.UnixFileAttributeViews$Posix.setPermissions(UnixFileAttributeViews.java:276)
		at java.base/java.nio.file.Files.setPosixFilePermissions(Files.java:2080)
		at jenkins.util.io.PathRemover.makeWritable(PathRemover.java:283)
		at jenkins.util.io.PathRemover.makeRemovable(PathRemover.java:256)
		at jenkins.util.io.PathRemover.removeOrMakeRemovableThenRemove(PathRemover.java:236)
		at jenkins.util.io.PathRemover.tryRemoveFile(PathRemover.java:202)
		at jenkins.util.io.PathRemover.tryRemoveRecursive(PathRemover.java:213)
		at jenkins.util.io.PathRemover.tryRemoveDirectoryContents(PathRemover.java:223)
		at jenkins.util.io.PathRemover.tryRemoveRecursive(PathRemover.java:212)
		at jenkins.util.io.PathRemover.tryRemoveDirectoryContents(PathRemover.java:223)
		at jenkins.util.io.PathRemover.tryRemoveRecursive(PathRemover.java:212)
		at jenkins.util.io.PathRemover.tryRemoveDirectoryContents(PathRemover.java:223)
		at jenkins.util.io.PathRemover.tryRemoveRecursive(PathRemover.java:212)
		at jenkins.util.io.PathRemover.tryRemoveDirectoryContents(PathRemover.java:223)
		at jenkins.util.io.PathRemover.tryRemoveRecursive(PathRemover.java:212)
		at jenkins.util.io.PathRemover.tryRemoveDirectoryContents(PathRemover.java:223)
		at jenkins.util.io.PathRemover.tryRemoveRecursive(PathRemover.java:212)
		at jenkins.util.io.PathRemover.tryRemoveDirectoryContents(PathRemover.java:223)
		at jenkins.util.io.PathRemover.tryRemoveRecursive(PathRemover.java:212)
		at jenkins.util.io.PathRemover.forceRemoveRecursive(PathRemover.java:93)
Also:   java.nio.file.FileSystemException: /home/indemind/.jenkins_slave/workspace/rubby-slam-debug-3566/parker_vislam_source/submodules/DepthModuleForRubby/config/cl_files/cvc.cl: 不允许的操作
		at java.base/sun.nio.fs.UnixException.translateToIOException(UnixException.java:100)
		at java.base/sun.nio.fs.UnixException.rethrowAsIOException(UnixException.java:111)
		at java.base/sun.nio.fs.UnixException.rethrowAsIOException(UnixException.java:116)
		at java.base/sun.nio.fs.UnixFileAttributeViews$Posix.setMode(UnixFileAttributeViews.java:254)
		at java.base/sun.nio.fs.UnixFileAttributeViews$Posix.setPermissions(UnixFileAttributeViews.java:276)
		at java.base/java.nio.file.Files.setPosixFilePermissions(Files.java:2080)
		at jenkins.util.io.PathRemover.makeWritable(PathRemover.java:283)
		at jenkins.util.io.PathRemover.makeRemovable(PathRemover.java:256)
		at jenkins.util.io.PathRemover.removeOrMakeRemovableThenRemove(PathRemover.java:236)
		at jenkins.util.io.PathRemover.tryRemoveFile(PathRemover.java:202)
		at jenkins.util.io.PathRemover.tryRemoveRecursive(PathRemover.java:213)
		at jenkins.util.io.PathRemover.tryRemoveDirectoryContents(PathRemover.java:223)
		at jenkins.util.io.PathRemover.tryRemoveRecursive(PathRemover.java:212)
		at jenkins.util.io.PathRemover.tryRemoveDirectoryContents(PathRemover.java:223)
		at jenkins.util.io.PathRemover.tryRemoveRecursive(PathRemover.java:212)
		at jenkins.util.io.PathRemover.tryRemoveDirectoryContents(PathRemover.java:223)
		at jenkins.util.io.PathRemover.tryRemoveRecursive(PathRemover.java:212)
		at jenkins.util.io.PathRemover.tryRemoveDirectoryContents(PathRemover.java:223)
		at jenkins.util.io.PathRemover.tryRemoveRecursive(PathRemover.java:212)
		at jenkins.util.io.PathRemover.tryRemoveDirectoryContents(PathRemover.java:223)
		at jenkins.util.io.PathRemover.tryRemoveRecursive(PathRemover.java:212)
		at jenkins.util.io.PathRemover.tryRemoveDirectoryContents(PathRemover.java:223)
		at jenkins.util.io.PathRemover.tryRemoveRecursive(PathRemover.java:212)
		at jenkins.util.io.PathRemover.forceRemoveRecursive(PathRemover.java:93)
Also:   java.nio.file.FileSystemException: /home/indemind/.jenkins_slave/workspace/rubby-slam-debug-3566/parker_vislam_source/submodules/DepthModuleForRubby/config/cl_files/preprocess.cl: 不允许的操作
		at java.base/sun.nio.fs.UnixException.translateToIOException(UnixException.java:100)
		at java.base/sun.nio.fs.UnixException.rethrowAsIOException(UnixException.java:111)
		at java.base/sun.nio.fs.UnixException.rethrowAsIOException(UnixException.java:116)
		at java.base/sun.nio.fs.UnixFileAttributeViews$Posix.setMode(UnixFileAttributeViews.java:254)
		at java.base/sun.nio.fs.UnixFileAttributeViews$Posix.setPermissions(UnixFileAttributeViews.java:276)
		at java.base/java.nio.file.Files.setPosixFilePermissions(Files.java:2080)
		at jenkins.util.io.PathRemover.makeWritable(PathRemover.java:283)
		at jenkins.util.io.PathRemover.makeRemovable(PathRemover.java:256)
		at jenkins.util.io.PathRemover.removeOrMakeRemovableThenRemove(PathRemover.java:236)
		at jenkins.util.io.PathRemover.tryRemoveFile(PathRemover.java:202)
		at jenkins.util.io.PathRemover.tryRemoveRecursive(PathRemover.java:213)
		at jenkins.util.io.PathRemover.tryRemoveDirectoryContents(PathRemover.java:223)
		at jenkins.util.io.PathRemover.tryRemoveRecursive(PathRemover.java:212)
		at jenkins.util.io.PathRemover.tryRemoveDirectoryContents(PathRemover.java:223)
		at jenkins.util.io.PathRemover.tryRemoveRecursive(PathRemover.java:212)
		at jenkins.util.io.PathRemover.tryRemoveDirectoryContents(PathRemover.java:223)
		at jenkins.util.io.PathRemover.tryRemoveRecursive(PathRemover.java:212)
		at jenkins.util.io.PathRemover.tryRemoveDirectoryContents(PathRemover.java:223)
		at jenkins.util.io.PathRemover.tryRemoveRecursive(PathRemover.java:212)
		at jenkins.util.io.PathRemover.tryRemoveDirectoryContents(PathRemover.java:223)
		at jenkins.util.io.PathRemover.tryRemoveRecursive(PathRemover.java:212)
		at jenkins.util.io.PathRemover.tryRemoveDirectoryContents(PathRemover.java:223)
		at jenkins.util.io.PathRemover.tryRemoveRecursive(PathRemover.java:212)
		at jenkins.util.io.PathRemover.forceRemoveRecursive(PathRemover.java:93)
Also:   java.nio.file.FileSystemException: /home/indemind/.jenkins_slave/workspace/rubby-slam-debug-3566/parker_vislam_source/submodules/DepthModuleForRubby/config/cl_files: 不允许的操作
		at java.base/sun.nio.fs.UnixException.translateToIOException(UnixException.java:100)
		at java.base/sun.nio.fs.UnixException.rethrowAsIOException(UnixException.java:111)
		at java.base/sun.nio.fs.UnixException.rethrowAsIOException(UnixException.java:116)
		at java.base/sun.nio.fs.UnixFileAttributeViews$Posix.setMode(UnixFileAttributeViews.java:254)
		at java.base/sun.nio.fs.UnixFileAttributeViews$Posix.setPermissions(UnixFileAttributeViews.java:276)
		at java.base/java.nio.file.Files.setPosixFilePermissions(Files.java:2080)
		at jenkins.util.io.PathRemover.makeWritable(PathRemover.java:283)
		at jenkins.util.io.PathRemover.makeRemovable(PathRemover.java:256)
		at jenkins.util.io.PathRemover.removeOrMakeRemovableThenRemove(PathRemover.java:236)
		at jenkins.util.io.PathRemover.tryRemoveFile(PathRemover.java:202)
		at jenkins.util.io.PathRemover.tryRemoveRecursive(PathRemover.java:213)
		at jenkins.util.io.PathRemover.tryRemoveDirectoryContents(PathRemover.java:223)
		at jenkins.util.io.PathRemover.tryRemoveRecursive(PathRemover.java:212)
		at jenkins.util.io.PathRemover.tryRemoveDirectoryContents(PathRemover.java:223)
		at jenkins.util.io.PathRemover.tryRemoveRecursive(PathRemover.java:212)
		at jenkins.util.io.PathRemover.tryRemoveDirectoryContents(PathRemover.java:223)
		at jenkins.util.io.PathRemover.tryRemoveRecursive(PathRemover.java:212)
		at jenkins.util.io.PathRemover.tryRemoveDirectoryContents(PathRemover.java:223)
		at jenkins.util.io.PathRemover.tryRemoveRecursive(PathRemover.java:212)
		at jenkins.util.io.PathRemover.tryRemoveDirectoryContents(PathRemover.java:223)
		at jenkins.util.io.PathRemover.tryRemoveRecursive(PathRemover.java:212)
		at jenkins.util.io.PathRemover.forceRemoveRecursive(PathRemover.java:93)
Also:   java.nio.file.FileSystemException: /home/indemind/.jenkins_slave/workspace/rubby-slam-debug-3566/parker_vislam_source/submodules/DepthModuleForRubby/config/test.yml: 不允许的操作
		at java.base/sun.nio.fs.UnixException.translateToIOException(UnixException.java:100)
		at java.base/sun.nio.fs.UnixException.rethrowAsIOException(UnixException.java:111)
		at java.base/sun.nio.fs.UnixException.rethrowAsIOException(UnixException.java:116)
		at java.base/sun.nio.fs.UnixFileAttributeViews$Posix.setMode(UnixFileAttributeViews.java:254)
		at java.base/sun.nio.fs.UnixFileAttributeViews$Posix.setPermissions(UnixFileAttributeViews.java:276)
		at java.base/java.nio.file.Files.setPosixFilePermissions(Files.java:2080)
		at jenkins.util.io.PathRemover.makeWritable(PathRemover.java:283)
		at jenkins.util.io.PathRemover.makeRemovable(PathRemover.java:256)
		at jenkins.util.io.PathRemover.removeOrMakeRemovableThenRemove(PathRemover.java:236)
		at jenkins.util.io.PathRemover.tryRemoveFile(PathRemover.java:202)
		at jenkins.util.io.PathRemover.tryRemoveRecursive(PathRemover.java:213)
		at jenkins.util.io.PathRemover.tryRemoveDirectoryContents(PathRemover.java:223)
		at jenkins.util.io.PathRemover.tryRemoveRecursive(PathRemover.java:212)
		at jenkins.util.io.PathRemover.tryRemoveDirectoryContents(PathRemover.java:223)
		at jenkins.util.io.PathRemover.tryRemoveRecursive(PathRemover.java:212)
		at jenkins.util.io.PathRemover.tryRemoveDirectoryContents(PathRemover.java:223)
		at jenkins.util.io.PathRemover.tryRemoveRecursive(PathRemover.java:212)
		at jenkins.util.io.PathRemover.tryRemoveDirectoryContents(PathRemover.java:223)
		at jenkins.util.io.PathRemover.tryRemoveRecursive(PathRemover.java:212)
		at jenkins.util.io.PathRemover.tryRemoveDirectoryContents(PathRemover.java:223)
		at jenkins.util.io.PathRemover.tryRemoveRecursive(PathRemover.java:212)
		at jenkins.util.io.PathRemover.forceRemoveRecursive(PathRemover.java:93)
Also:   hudson.remoting.Channel$CallSiteStackTrace: Remote call to 191
		at hudson.remoting.Channel.attachCallSiteStackTrace(Channel.java:1784)
		at hudson.remoting.UserRequest$ExceptionResponse.retrieve(UserRequest.java:356)
		at hudson.remoting.Channel.call(Channel.java:1000)
		at hudson.FilePath.act(FilePath.java:1186)
		at hudson.FilePath.act(FilePath.java:1175)
		at hudson.FilePath.deleteRecursive(FilePath.java:1428)
		at hudson.model.WorkspaceCleanupThread.execute(WorkspaceCleanupThread.java:94)
		at hudson.model.AsyncPeriodicWork.lambda$doRun$0(AsyncPeriodicWork.java:102)
		at java.base/java.lang.Thread.run(Thread.java:829)
jenkins.util.io.CompositeIOException: Unable to delete '/home/indemind/.jenkins_slave/workspace/rubby-slam-debug-3566'. Tried 3 times (of a maximum of 3) waiting 0.1 sec between attempts. (Discarded 4457 additional exceptions)
	at jenkins.util.io.PathRemover.forceRemoveRecursive(PathRemover.java:96)
	at hudson.Util.deleteRecursive(Util.java:320)
	at hudson.FilePath$DeleteRecursive.invoke(FilePath.java:1436)
	at hudson.FilePath$DeleteRecursive.invoke(FilePath.java:1431)
	at hudson.FilePath$FileCallableWrapper.call(FilePath.java:3492)
	at hudson.remoting.UserRequest.perform(UserRequest.java:211)
	at hudson.remoting.UserRequest.perform(UserRequest.java:54)
	at hudson.remoting.Request$2.run(Request.java:377)
	at hudson.remoting.InterceptingExecutorService.lambda$wrap$0(InterceptingExecutorService.java:78)
	at java.base/java.util.concurrent.FutureTask.run(FutureTask.java:264)
	at java.base/java.util.concurrent.ThreadPoolExecutor.runWorker(ThreadPoolExecutor.java:1128)
	at java.base/java.util.concurrent.ThreadPoolExecutor$Worker.run(ThreadPoolExecutor.java:628)
	at java.base/java.lang.Thread.run(Thread.java:834)
Checking rubby-slam-sppt-3566
Checking rubby-slam_mapping-3566
Checking rubby-slam_thirdparty-405
Checking rubby-tsdf_mapper-3566
Deleting /home/indemind/.jenkins_slave/workspace/rubby-tsdf_mapper-3566 on 191
ERROR: Failed to delete /home/indemind/.jenkins_slave/workspace/rubby-tsdf_mapper-3566 on 191
Also:   java.nio.file.FileSystemException: /home/indemind/.jenkins_slave/workspace/rubby-tsdf_mapper-3566/tsdf_mapper_device_hub/submodules/abby_msg/srv/slam/ReStartSlamSrv.h: 不允许的操作
		at java.base/sun.nio.fs.UnixException.translateToIOException(UnixException.java:100)
		at java.base/sun.nio.fs.UnixException.rethrowAsIOException(UnixException.java:111)
		at java.base/sun.nio.fs.UnixException.rethrowAsIOException(UnixException.java:116)
		at java.base/sun.nio.fs.UnixFileAttributeViews$Posix.setMode(UnixFileAttributeViews.java:254)
		at java.base/sun.nio.fs.UnixFileAttributeViews$Posix.setPermissions(UnixFileAttributeViews.java:276)
		at java.base/java.nio.file.Files.setPosixFilePermissions(Files.java:2080)
		at jenkins.util.io.PathRemover.makeWritable(PathRemover.java:283)
		at jenkins.util.io.PathRemover.makeRemovable(PathRemover.java:256)
		at jenkins.util.io.PathRemover.removeOrMakeRemovableThenRemove(PathRemover.java:236)
		at jenkins.util.io.PathRemover.tryRemoveFile(PathRemover.java:202)
		at jenkins.util.io.PathRemover.tryRemoveRecursive(PathRemover.java:213)
		at jenkins.util.io.PathRemover.tryRemoveDirectoryContents(PathRemover.java:223)
		at jenkins.util.io.PathRemover.tryRemoveRecursive(PathRemover.java:212)
		at jenkins.util.io.PathRemover.tryRemoveDirectoryContents(PathRemover.java:223)
		at jenkins.util.io.PathRemover.tryRemoveRecursive(PathRemover.java:212)
		at jenkins.util.io.PathRemover.tryRemoveDirectoryContents(PathRemover.java:223)
		at jenkins.util.io.PathRemover.tryRemoveRecursive(PathRemover.java:212)
		at jenkins.util.io.PathRemover.tryRemoveDirectoryContents(PathRemover.java:223)
		at jenkins.util.io.PathRemover.tryRemoveRecursive(PathRemover.java:212)
		at jenkins.util.io.PathRemover.tryRemoveDirectoryContents(PathRemover.java:223)
		at jenkins.util.io.PathRemover.tryRemoveRecursive(PathRemover.java:212)
		at jenkins.util.io.PathRemover.tryRemoveDirectoryContents(PathRemover.java:223)
		at jenkins.util.io.PathRemover.tryRemoveRecursive(PathRemover.java:212)
		at jenkins.util.io.PathRemover.forceRemoveRecursive(PathRemover.java:93)
Also:   java.nio.file.FileSystemException: /home/indemind/.jenkins_slave/workspace/rubby-tsdf_mapper-3566/tsdf_mapper_device_hub/submodules/abby_msg/srv/slam/RotateSlamPoseSrv.h: 不允许的操作
		at java.base/sun.nio.fs.UnixException.translateToIOException(UnixException.java:100)
		at java.base/sun.nio.fs.UnixException.rethrowAsIOException(UnixException.java:111)
		at java.base/sun.nio.fs.UnixException.rethrowAsIOException(UnixException.java:116)
		at java.base/sun.nio.fs.UnixFileAttributeViews$Posix.setMode(UnixFileAttributeViews.java:254)
		at java.base/sun.nio.fs.UnixFileAttributeViews$Posix.setPermissions(UnixFileAttributeViews.java:276)
		at java.base/java.nio.file.Files.setPosixFilePermissions(Files.java:2080)
		at jenkins.util.io.PathRemover.makeWritable(PathRemover.java:283)
		at jenkins.util.io.PathRemover.makeRemovable(PathRemover.java:256)
		at jenkins.util.io.PathRemover.removeOrMakeRemovableThenRemove(PathRemover.java:236)
		at jenkins.util.io.PathRemover.tryRemoveFile(PathRemover.java:202)
		at jenkins.util.io.PathRemover.tryRemoveRecursive(PathRemover.java:213)
		at jenkins.util.io.PathRemover.tryRemoveDirectoryContents(PathRemover.java:223)
		at jenkins.util.io.PathRemover.tryRemoveRecursive(PathRemover.java:212)
		at jenkins.util.io.PathRemover.tryRemoveDirectoryContents(PathRemover.java:223)
		at jenkins.util.io.PathRemover.tryRemoveRecursive(PathRemover.java:212)
		at jenkins.util.io.PathRemover.tryRemoveDirectoryContents(PathRemover.java:223)
		at jenkins.util.io.PathRemover.tryRemoveRecursive(PathRemover.java:212)
		at jenkins.util.io.PathRemover.tryRemoveDirectoryContents(PathRemover.java:223)
		at jenkins.util.io.PathRemover.tryRemoveRecursive(PathRemover.java:212)
		at jenkins.util.io.PathRemover.tryRemoveDirectoryContents(PathRemover.java:223)
		at jenkins.util.io.PathRemover.tryRemoveRecursive(PathRemover.java:212)
		at jenkins.util.io.PathRemover.tryRemoveDirectoryContents(PathRemover.java:223)
		at jenkins.util.io.PathRemover.tryRemoveRecursive(PathRemover.java:212)
		at jenkins.util.io.PathRemover.forceRemoveRecursive(PathRemover.java:93)
Also:   java.nio.file.FileSystemException: /home/indemind/.jenkins_slave/workspace/rubby-tsdf_mapper-3566/tsdf_mapper_device_hub/submodules/abby_msg/srv/slam/InitSlamSrv.h: 不允许的操作
		at java.base/sun.nio.fs.UnixException.translateToIOException(UnixException.java:100)
		at java.base/sun.nio.fs.UnixException.rethrowAsIOException(UnixException.java:111)
		at java.base/sun.nio.fs.UnixException.rethrowAsIOException(UnixException.java:116)
		at java.base/sun.nio.fs.UnixFileAttributeViews$Posix.setMode(UnixFileAttributeViews.java:254)
		at java.base/sun.nio.fs.UnixFileAttributeViews$Posix.setPermissions(UnixFileAttributeViews.java:276)
		at java.base/java.nio.file.Files.setPosixFilePermissions(Files.java:2080)
		at jenkins.util.io.PathRemover.makeWritable(PathRemover.java:283)
		at jenkins.util.io.PathRemover.makeRemovable(PathRemover.java:256)
		at jenkins.util.io.PathRemover.removeOrMakeRemovableThenRemove(PathRemover.java:236)
		at jenkins.util.io.PathRemover.tryRemoveFile(PathRemover.java:202)
		at jenkins.util.io.PathRemover.tryRemoveRecursive(PathRemover.java:213)
		at jenkins.util.io.PathRemover.tryRemoveDirectoryContents(PathRemover.java:223)
		at jenkins.util.io.PathRemover.tryRemoveRecursive(PathRemover.java:212)
		at jenkins.util.io.PathRemover.tryRemoveDirectoryContents(PathRemover.java:223)
		at jenkins.util.io.PathRemover.tryRemoveRecursive(PathRemover.java:212)
		at jenkins.util.io.PathRemover.tryRemoveDirectoryContents(PathRemover.java:223)
		at jenkins.util.io.PathRemover.tryRemoveRecursive(PathRemover.java:212)
		at jenkins.util.io.PathRemover.tryRemoveDirectoryContents(PathRemover.java:223)
		at jenkins.util.io.PathRemover.tryRemoveRecursive(PathRemover.java:212)
		at jenkins.util.io.PathRemover.tryRemoveDirectoryContents(PathRemover.java:223)
		at jenkins.util.io.PathRemover.tryRemoveRecursive(PathRemover.java:212)
		at jenkins.util.io.PathRemover.tryRemoveDirectoryContents(PathRemover.java:223)
		at jenkins.util.io.PathRemover.tryRemoveRecursive(PathRemover.java:212)
		at jenkins.util.io.PathRemover.forceRemoveRecursive(PathRemover.java:93)
Also:   java.nio.file.FileSystemException: /home/indemind/.jenkins_slave/workspace/rubby-tsdf_mapper-3566/tsdf_mapper_device_hub/submodules/abby_msg/srv/slam/StopSlamSrv.h: 不允许的操作
		at java.base/sun.nio.fs.UnixException.translateToIOException(UnixException.java:100)
		at java.base/sun.nio.fs.UnixException.rethrowAsIOException(UnixException.java:111)
		at java.base/sun.nio.fs.UnixException.rethrowAsIOException(UnixException.java:116)
		at java.base/sun.nio.fs.UnixFileAttributeViews$Posix.setMode(UnixFileAttributeViews.java:254)
		at java.base/sun.nio.fs.UnixFileAttributeViews$Posix.setPermissions(UnixFileAttributeViews.java:276)
		at java.base/java.nio.file.Files.setPosixFilePermissions(Files.java:2080)
		at jenkins.util.io.PathRemover.makeWritable(PathRemover.java:283)
		at jenkins.util.io.PathRemover.makeRemovable(PathRemover.java:256)
		at jenkins.util.io.PathRemover.removeOrMakeRemovableThenRemove(PathRemover.java:236)
		at jenkins.util.io.PathRemover.tryRemoveFile(PathRemover.java:202)
		at jenkins.util.io.PathRemover.tryRemoveRecursive(PathRemover.java:213)
		at jenkins.util.io.PathRemover.tryRemoveDirectoryContents(PathRemover.java:223)
		at jenkins.util.io.PathRemover.tryRemoveRecursive(PathRemover.java:212)
		at jenkins.util.io.PathRemover.tryRemoveDirectoryContents(PathRemover.java:223)
		at jenkins.util.io.PathRemover.tryRemoveRecursive(PathRemover.java:212)
		at jenkins.util.io.PathRemover.tryRemoveDirectoryContents(PathRemover.java:223)
		at jenkins.util.io.PathRemover.tryRemoveRecursive(PathRemover.java:212)
		at jenkins.util.io.PathRemover.tryRemoveDirectoryContents(PathRemover.java:223)
		at jenkins.util.io.PathRemover.tryRemoveRecursive(PathRemover.java:212)
		at jenkins.util.io.PathRemover.tryRemoveDirectoryContents(PathRemover.java:223)
		at jenkins.util.io.PathRemover.tryRemoveRecursive(PathRemover.java:212)
		at jenkins.util.io.PathRemover.tryRemoveDirectoryContents(PathRemover.java:223)
		at jenkins.util.io.PathRemover.tryRemoveRecursive(PathRemover.java:212)
		at jenkins.util.io.PathRemover.forceRemoveRecursive(PathRemover.java:93)
Also:   java.nio.file.FileSystemException: /home/indemind/.jenkins_slave/workspace/rubby-tsdf_mapper-3566/tsdf_mapper_device_hub/submodules/abby_msg/srv/slam/PauseSlamSrv.h: 不允许的操作
		at java.base/sun.nio.fs.UnixException.translateToIOException(UnixException.java:100)
		at java.base/sun.nio.fs.UnixException.rethrowAsIOException(UnixException.java:111)
		at java.base/sun.nio.fs.UnixException.rethrowAsIOException(UnixException.java:116)
		at java.base/sun.nio.fs.UnixFileAttributeViews$Posix.setMode(UnixFileAttributeViews.java:254)
		at java.base/sun.nio.fs.UnixFileAttributeViews$Posix.setPermissions(UnixFileAttributeViews.java:276)
		at java.base/java.nio.file.Files.setPosixFilePermissions(Files.java:2080)
		at jenkins.util.io.PathRemover.makeWritable(PathRemover.java:283)
		at jenkins.util.io.PathRemover.makeRemovable(PathRemover.java:256)
		at jenkins.util.io.PathRemover.removeOrMakeRemovableThenRemove(PathRemover.java:236)
		at jenkins.util.io.PathRemover.tryRemoveFile(PathRemover.java:202)
		at jenkins.util.io.PathRemover.tryRemoveRecursive(PathRemover.java:213)
		at jenkins.util.io.PathRemover.tryRemoveDirectoryContents(PathRemover.java:223)
		at jenkins.util.io.PathRemover.tryRemoveRecursive(PathRemover.java:212)
		at jenkins.util.io.PathRemover.tryRemoveDirectoryContents(PathRemover.java:223)
		at jenkins.util.io.PathRemover.tryRemoveRecursive(PathRemover.java:212)
		at jenkins.util.io.PathRemover.tryRemoveDirectoryContents(PathRemover.java:223)
		at jenkins.util.io.PathRemover.tryRemoveRecursive(PathRemover.java:212)
		at jenkins.util.io.PathRemover.tryRemoveDirectoryContents(PathRemover.java:223)
		at jenkins.util.io.PathRemover.tryRemoveRecursive(PathRemover.java:212)
		at jenkins.util.io.PathRemover.tryRemoveDirectoryContents(PathRemover.java:223)
		at jenkins.util.io.PathRemover.tryRemoveRecursive(PathRemover.java:212)
		at jenkins.util.io.PathRemover.tryRemoveDirectoryContents(PathRemover.java:223)
		at jenkins.util.io.PathRemover.tryRemoveRecursive(PathRemover.java:212)
		at jenkins.util.io.PathRemover.forceRemoveRecursive(PathRemover.java:93)
Also:   java.nio.file.FileSystemException: /home/indemind/.jenkins_slave/workspace/rubby-tsdf_mapper-3566/tsdf_mapper_device_hub/submodules/abby_msg/srv/slam/GetPoseSrv.h: 不允许的操作
		at java.base/sun.nio.fs.UnixException.translateToIOException(UnixException.java:100)
		at java.base/sun.nio.fs.UnixException.rethrowAsIOException(UnixException.java:111)
		at java.base/sun.nio.fs.UnixException.rethrowAsIOException(UnixException.java:116)
		at java.base/sun.nio.fs.UnixFileAttributeViews$Posix.setMode(UnixFileAttributeViews.java:254)
		at java.base/sun.nio.fs.UnixFileAttributeViews$Posix.setPermissions(UnixFileAttributeViews.java:276)
		at java.base/java.nio.file.Files.setPosixFilePermissions(Files.java:2080)
		at jenkins.util.io.PathRemover.makeWritable(PathRemover.java:283)
		at jenkins.util.io.PathRemover.makeRemovable(PathRemover.java:256)
		at jenkins.util.io.PathRemover.removeOrMakeRemovableThenRemove(PathRemover.java:236)
		at jenkins.util.io.PathRemover.tryRemoveFile(PathRemover.java:202)
		at jenkins.util.io.PathRemover.tryRemoveRecursive(PathRemover.java:213)
		at jenkins.util.io.PathRemover.tryRemoveDirectoryContents(PathRemover.java:223)
		at jenkins.util.io.PathRemover.tryRemoveRecursive(PathRemover.java:212)
		at jenkins.util.io.PathRemover.tryRemoveDirectoryContents(PathRemover.java:223)
		at jenkins.util.io.PathRemover.tryRemoveRecursive(PathRemover.java:212)
		at jenkins.util.io.PathRemover.tryRemoveDirectoryContents(PathRemover.java:223)
		at jenkins.util.io.PathRemover.tryRemoveRecursive(PathRemover.java:212)
		at jenkins.util.io.PathRemover.tryRemoveDirectoryContents(PathRemover.java:223)
		at jenkins.util.io.PathRemover.tryRemoveRecursive(PathRemover.java:212)
		at jenkins.util.io.PathRemover.tryRemoveDirectoryContents(PathRemover.java:223)
		at jenkins.util.io.PathRemover.tryRemoveRecursive(PathRemover.java:212)
		at jenkins.util.io.PathRemover.tryRemoveDirectoryContents(PathRemover.java:223)
		at jenkins.util.io.PathRemover.tryRemoveRecursive(PathRemover.java:212)
		at jenkins.util.io.PathRemover.forceRemoveRecursive(PathRemover.java:93)
Also:   java.nio.file.FileSystemException: /home/indemind/.jenkins_slave/workspace/rubby-tsdf_mapper-3566/tsdf_mapper_device_hub/submodules/abby_msg/srv/slam/GetAllPosesSrv.h: 不允许的操作
		at java.base/sun.nio.fs.UnixException.translateToIOException(UnixException.java:100)
		at java.base/sun.nio.fs.UnixException.rethrowAsIOException(UnixException.java:111)
		at java.base/sun.nio.fs.UnixException.rethrowAsIOException(UnixException.java:116)
		at java.base/sun.nio.fs.UnixFileAttributeViews$Posix.setMode(UnixFileAttributeViews.java:254)
		at java.base/sun.nio.fs.UnixFileAttributeViews$Posix.setPermissions(UnixFileAttributeViews.java:276)
		at java.base/java.nio.file.Files.setPosixFilePermissions(Files.java:2080)
		at jenkins.util.io.PathRemover.makeWritable(PathRemover.java:283)
		at jenkins.util.io.PathRemover.makeRemovable(PathRemover.java:256)
		at jenkins.util.io.PathRemover.removeOrMakeRemovableThenRemove(PathRemover.java:236)
		at jenkins.util.io.PathRemover.tryRemoveFile(PathRemover.java:202)
		at jenkins.util.io.PathRemover.tryRemoveRecursive(PathRemover.java:213)
		at jenkins.util.io.PathRemover.tryRemoveDirectoryContents(PathRemover.java:223)
		at jenkins.util.io.PathRemover.tryRemoveRecursive(PathRemover.java:212)
		at jenkins.util.io.PathRemover.tryRemoveDirectoryContents(PathRemover.java:223)
		at jenkins.util.io.PathRemover.tryRemoveRecursive(PathRemover.java:212)
		at jenkins.util.io.PathRemover.tryRemoveDirectoryContents(PathRemover.java:223)
		at jenkins.util.io.PathRemover.tryRemoveRecursive(PathRemover.java:212)
		at jenkins.util.io.PathRemover.tryRemoveDirectoryContents(PathRemover.java:223)
		at jenkins.util.io.PathRemover.tryRemoveRecursive(PathRemover.java:212)
		at jenkins.util.io.PathRemover.tryRemoveDirectoryContents(PathRemover.java:223)
		at jenkins.util.io.PathRemover.tryRemoveRecursive(PathRemover.java:212)
		at jenkins.util.io.PathRemover.tryRemoveDirectoryContents(PathRemover.java:223)
		at jenkins.util.io.PathRemover.tryRemoveRecursive(PathRemover.java:212)
		at jenkins.util.io.PathRemover.forceRemoveRecursive(PathRemover.java:93)
Also:   java.nio.file.FileSystemException: /home/indemind/.jenkins_slave/workspace/rubby-tsdf_mapper-3566/tsdf_mapper_device_hub/submodules/abby_msg/srv/slam/GetAllGridMapSrv.h: 不允许的操作
		at java.base/sun.nio.fs.UnixException.translateToIOException(UnixException.java:100)
		at java.base/sun.nio.fs.UnixException.rethrowAsIOException(UnixException.java:111)
		at java.base/sun.nio.fs.UnixException.rethrowAsIOException(UnixException.java:116)
		at java.base/sun.nio.fs.UnixFileAttributeViews$Posix.setMode(UnixFileAttributeViews.java:254)
		at java.base/sun.nio.fs.UnixFileAttributeViews$Posix.setPermissions(UnixFileAttributeViews.java:276)
		at java.base/java.nio.file.Files.setPosixFilePermissions(Files.java:2080)
		at jenkins.util.io.PathRemover.makeWritable(PathRemover.java:283)
		at jenkins.util.io.PathRemover.makeRemovable(PathRemover.java:256)
		at jenkins.util.io.PathRemover.removeOrMakeRemovableThenRemove(PathRemover.java:236)
		at jenkins.util.io.PathRemover.tryRemoveFile(PathRemover.java:202)
		at jenkins.util.io.PathRemover.tryRemoveRecursive(PathRemover.java:213)
		at jenkins.util.io.PathRemover.tryRemoveDirectoryContents(PathRemover.java:223)
		at jenkins.util.io.PathRemover.tryRemoveRecursive(PathRemover.java:212)
		at jenkins.util.io.PathRemover.tryRemoveDirectoryContents(PathRemover.java:223)
		at jenkins.util.io.PathRemover.tryRemoveRecursive(PathRemover.java:212)
		at jenkins.util.io.PathRemover.tryRemoveDirectoryContents(PathRemover.java:223)
		at jenkins.util.io.PathRemover.tryRemoveRecursive(PathRemover.java:212)
		at jenkins.util.io.PathRemover.tryRemoveDirectoryContents(PathRemover.java:223)
		at jenkins.util.io.PathRemover.tryRemoveRecursive(PathRemover.java:212)
		at jenkins.util.io.PathRemover.tryRemoveDirectoryContents(PathRemover.java:223)
		at jenkins.util.io.PathRemover.tryRemoveRecursive(PathRemover.java:212)
		at jenkins.util.io.PathRemover.tryRemoveDirectoryContents(PathRemover.java:223)
		at jenkins.util.io.PathRemover.tryRemoveRecursive(PathRemover.java:212)
		at jenkins.util.io.PathRemover.forceRemoveRecursive(PathRemover.java:93)
Also:   java.nio.file.FileSystemException: /home/indemind/.jenkins_slave/workspace/rubby-tsdf_mapper-3566/tsdf_mapper_device_hub/submodules/abby_msg/srv/slam/StartSlamSrv.h: 不允许的操作
		at java.base/sun.nio.fs.UnixException.translateToIOException(UnixException.java:100)
		at java.base/sun.nio.fs.UnixException.rethrowAsIOException(UnixException.java:111)
		at java.base/sun.nio.fs.UnixException.rethrowAsIOException(UnixException.java:116)
		at java.base/sun.nio.fs.UnixFileAttributeViews$Posix.setMode(UnixFileAttributeViews.java:254)
		at java.base/sun.nio.fs.UnixFileAttributeViews$Posix.setPermissions(UnixFileAttributeViews.java:276)
		at java.base/java.nio.file.Files.setPosixFilePermissions(Files.java:2080)
		at jenkins.util.io.PathRemover.makeWritable(PathRemover.java:283)
		at jenkins.util.io.PathRemover.makeRemovable(PathRemover.java:256)
		at jenkins.util.io.PathRemover.removeOrMakeRemovableThenRemove(PathRemover.java:236)
		at jenkins.util.io.PathRemover.tryRemoveFile(PathRemover.java:202)
		at jenkins.util.io.PathRemover.tryRemoveRecursive(PathRemover.java:213)
		at jenkins.util.io.PathRemover.tryRemoveDirectoryContents(PathRemover.java:223)
		at jenkins.util.io.PathRemover.tryRemoveRecursive(PathRemover.java:212)
		at jenkins.util.io.PathRemover.tryRemoveDirectoryContents(PathRemover.java:223)
		at jenkins.util.io.PathRemover.tryRemoveRecursive(PathRemover.java:212)
		at jenkins.util.io.PathRemover.tryRemoveDirectoryContents(PathRemover.java:223)
		at jenkins.util.io.PathRemover.tryRemoveRecursive(PathRemover.java:212)
		at jenkins.util.io.PathRemover.tryRemoveDirectoryContents(PathRemover.java:223)
		at jenkins.util.io.PathRemover.tryRemoveRecursive(PathRemover.java:212)
		at jenkins.util.io.PathRemover.tryRemoveDirectoryContents(PathRemover.java:223)
		at jenkins.util.io.PathRemover.tryRemoveRecursive(PathRemover.java:212)
		at jenkins.util.io.PathRemover.tryRemoveDirectoryContents(PathRemover.java:223)
		at jenkins.util.io.PathRemover.tryRemoveRecursive(PathRemover.java:212)
		at jenkins.util.io.PathRemover.forceRemoveRecursive(PathRemover.java:93)
Also:   java.nio.file.FileSystemException: /home/indemind/.jenkins_slave/workspace/rubby-tsdf_mapper-3566/tsdf_mapper_device_hub/submodules/abby_msg/srv/slam/DeleteSlamMapSrv.h: 不允许的操作
		at java.base/sun.nio.fs.UnixException.translateToIOException(UnixException.java:100)
		at java.base/sun.nio.fs.UnixException.rethrowAsIOException(UnixException.java:111)
		at java.base/sun.nio.fs.UnixException.rethrowAsIOException(UnixException.java:116)
		at java.base/sun.nio.fs.UnixFileAttributeViews$Posix.setMode(UnixFileAttributeViews.java:254)
		at java.base/sun.nio.fs.UnixFileAttributeViews$Posix.setPermissions(UnixFileAttributeViews.java:276)
		at java.base/java.nio.file.Files.setPosixFilePermissions(Files.java:2080)
		at jenkins.util.io.PathRemover.makeWritable(PathRemover.java:283)
		at jenkins.util.io.PathRemover.makeRemovable(PathRemover.java:256)
		at jenkins.util.io.PathRemover.removeOrMakeRemovableThenRemove(PathRemover.java:236)
		at jenkins.util.io.PathRemover.tryRemoveFile(PathRemover.java:202)
		at jenkins.util.io.PathRemover.tryRemoveRecursive(PathRemover.java:213)
		at jenkins.util.io.PathRemover.tryRemoveDirectoryContents(PathRemover.java:223)
		at jenkins.util.io.PathRemover.tryRemoveRecursive(PathRemover.java:212)
		at jenkins.util.io.PathRemover.tryRemoveDirectoryContents(PathRemover.java:223)
		at jenkins.util.io.PathRemover.tryRemoveRecursive(PathRemover.java:212)
		at jenkins.util.io.PathRemover.tryRemoveDirectoryContents(PathRemover.java:223)
		at jenkins.util.io.PathRemover.tryRemoveRecursive(PathRemover.java:212)
		at jenkins.util.io.PathRemover.tryRemoveDirectoryContents(PathRemover.java:223)
		at jenkins.util.io.PathRemover.tryRemoveRecursive(PathRemover.java:212)
		at jenkins.util.io.PathRemover.tryRemoveDirectoryContents(PathRemover.java:223)
		at jenkins.util.io.PathRemover.tryRemoveRecursive(PathRemover.java:212)
		at jenkins.util.io.PathRemover.tryRemoveDirectoryContents(PathRemover.java:223)
		at jenkins.util.io.PathRemover.tryRemoveRecursive(PathRemover.java:212)
		at jenkins.util.io.PathRemover.forceRemoveRecursive(PathRemover.java:93)
Also:   hudson.remoting.Channel$CallSiteStackTrace: Remote call to 191
		at hudson.remoting.Channel.attachCallSiteStackTrace(Channel.java:1784)
		at hudson.remoting.UserRequest$ExceptionResponse.retrieve(UserRequest.java:356)
		at hudson.remoting.Channel.call(Channel.java:1000)
		at hudson.FilePath.act(FilePath.java:1186)
		at hudson.FilePath.act(FilePath.java:1175)
		at hudson.FilePath.deleteRecursive(FilePath.java:1428)
		at hudson.model.WorkspaceCleanupThread.execute(WorkspaceCleanupThread.java:94)
		at hudson.model.AsyncPeriodicWork.lambda$doRun$0(AsyncPeriodicWork.java:102)
		at java.base/java.lang.Thread.run(Thread.java:829)
jenkins.util.io.CompositeIOException: Unable to delete '/home/indemind/.jenkins_slave/workspace/rubby-tsdf_mapper-3566'. Tried 3 times (of a maximum of 3) waiting 0.1 sec between attempts. (Discarded 590 additional exceptions)
	at jenkins.util.io.PathRemover.forceRemoveRecursive(PathRemover.java:96)
	at hudson.Util.deleteRecursive(Util.java:320)
	at hudson.FilePath$DeleteRecursive.invoke(FilePath.java:1436)
	at hudson.FilePath$DeleteRecursive.invoke(FilePath.java:1431)
	at hudson.FilePath$FileCallableWrapper.call(FilePath.java:3492)
	at hudson.remoting.UserRequest.perform(UserRequest.java:211)
	at hudson.remoting.UserRequest.perform(UserRequest.java:54)
	at hudson.remoting.Request$2.run(Request.java:377)
	at hudson.remoting.InterceptingExecutorService.lambda$wrap$0(InterceptingExecutorService.java:78)
	at java.base/java.util.concurrent.FutureTask.run(FutureTask.java:264)
	at java.base/java.util.concurrent.ThreadPoolExecutor.runWorker(ThreadPoolExecutor.java:1128)
	at java.base/java.util.concurrent.ThreadPoolExecutor$Worker.run(ThreadPoolExecutor.java:628)
	at java.base/java.lang.Thread.run(Thread.java:834)
Checking rubby-vislam-3566
Deleting /home/indemind/.jenkins_slave/workspace/rubby-vislam-3566 on 191
ERROR: Failed to delete /home/indemind/.jenkins_slave/workspace/rubby-vislam-3566 on 191
Also:   java.nio.file.FileSystemException: /home/indemind/.jenkins_slave/workspace/rubby-vislam-3566/parker_vislam_source/submodules/DepthModuleForRubby/class/depthdemo.cc: 不允许的操作
		at java.base/sun.nio.fs.UnixException.translateToIOException(UnixException.java:100)
		at java.base/sun.nio.fs.UnixException.rethrowAsIOException(UnixException.java:111)
		at java.base/sun.nio.fs.UnixException.rethrowAsIOException(UnixException.java:116)
		at java.base/sun.nio.fs.UnixFileAttributeViews$Posix.setMode(UnixFileAttributeViews.java:254)
		at java.base/sun.nio.fs.UnixFileAttributeViews$Posix.setPermissions(UnixFileAttributeViews.java:276)
		at java.base/java.nio.file.Files.setPosixFilePermissions(Files.java:2080)
		at jenkins.util.io.PathRemover.makeWritable(PathRemover.java:283)
		at jenkins.util.io.PathRemover.makeRemovable(PathRemover.java:256)
		at jenkins.util.io.PathRemover.removeOrMakeRemovableThenRemove(PathRemover.java:236)
		at jenkins.util.io.PathRemover.tryRemoveFile(PathRemover.java:202)
		at jenkins.util.io.PathRemover.tryRemoveRecursive(PathRemover.java:213)
		at jenkins.util.io.PathRemover.tryRemoveDirectoryContents(PathRemover.java:223)
		at jenkins.util.io.PathRemover.tryRemoveRecursive(PathRemover.java:212)
		at jenkins.util.io.PathRemover.tryRemoveDirectoryContents(PathRemover.java:223)
		at jenkins.util.io.PathRemover.tryRemoveRecursive(PathRemover.java:212)
		at jenkins.util.io.PathRemover.tryRemoveDirectoryContents(PathRemover.java:223)
		at jenkins.util.io.PathRemover.tryRemoveRecursive(PathRemover.java:212)
		at jenkins.util.io.PathRemover.tryRemoveDirectoryContents(PathRemover.java:223)
		at jenkins.util.io.PathRemover.tryRemoveRecursive(PathRemover.java:212)
		at jenkins.util.io.PathRemover.tryRemoveDirectoryContents(PathRemover.java:223)
		at jenkins.util.io.PathRemover.tryRemoveRecursive(PathRemover.java:212)
		at jenkins.util.io.PathRemover.forceRemoveRecursive(PathRemover.java:93)
Also:   java.nio.file.FileSystemException: /home/indemind/.jenkins_slave/workspace/rubby-vislam-3566/parker_vislam_source/submodules/DepthModuleForRubby/class: 不允许的操作
		at java.base/sun.nio.fs.UnixException.translateToIOException(UnixException.java:100)
		at java.base/sun.nio.fs.UnixException.rethrowAsIOException(UnixException.java:111)
		at java.base/sun.nio.fs.UnixException.rethrowAsIOException(UnixException.java:116)
		at java.base/sun.nio.fs.UnixFileAttributeViews$Posix.setMode(UnixFileAttributeViews.java:254)
		at java.base/sun.nio.fs.UnixFileAttributeViews$Posix.setPermissions(UnixFileAttributeViews.java:276)
		at java.base/java.nio.file.Files.setPosixFilePermissions(Files.java:2080)
		at jenkins.util.io.PathRemover.makeWritable(PathRemover.java:283)
		at jenkins.util.io.PathRemover.makeRemovable(PathRemover.java:256)
		at jenkins.util.io.PathRemover.removeOrMakeRemovableThenRemove(PathRemover.java:236)
		at jenkins.util.io.PathRemover.tryRemoveFile(PathRemover.java:202)
		at jenkins.util.io.PathRemover.tryRemoveRecursive(PathRemover.java:213)
		at jenkins.util.io.PathRemover.tryRemoveDirectoryContents(PathRemover.java:223)
		at jenkins.util.io.PathRemover.tryRemoveRecursive(PathRemover.java:212)
		at jenkins.util.io.PathRemover.tryRemoveDirectoryContents(PathRemover.java:223)
		at jenkins.util.io.PathRemover.tryRemoveRecursive(PathRemover.java:212)
		at jenkins.util.io.PathRemover.tryRemoveDirectoryContents(PathRemover.java:223)
		at jenkins.util.io.PathRemover.tryRemoveRecursive(PathRemover.java:212)
		at jenkins.util.io.PathRemover.tryRemoveDirectoryContents(PathRemover.java:223)
		at jenkins.util.io.PathRemover.tryRemoveRecursive(PathRemover.java:212)
		at jenkins.util.io.PathRemover.forceRemoveRecursive(PathRemover.java:93)
Also:   java.nio.file.FileSystemException: /home/indemind/.jenkins_slave/workspace/rubby-vislam-3566/parker_vislam_source/submodules/DepthModuleForRubby/config/cl_files/3ddepth.cl: 不允许的操作
		at java.base/sun.nio.fs.UnixException.translateToIOException(UnixException.java:100)
		at java.base/sun.nio.fs.UnixException.rethrowAsIOException(UnixException.java:111)
		at java.base/sun.nio.fs.UnixException.rethrowAsIOException(UnixException.java:116)
		at java.base/sun.nio.fs.UnixFileAttributeViews$Posix.setMode(UnixFileAttributeViews.java:254)
		at java.base/sun.nio.fs.UnixFileAttributeViews$Posix.setPermissions(UnixFileAttributeViews.java:276)
		at java.base/java.nio.file.Files.setPosixFilePermissions(Files.java:2080)
		at jenkins.util.io.PathRemover.makeWritable(PathRemover.java:283)
		at jenkins.util.io.PathRemover.makeRemovable(PathRemover.java:256)
		at jenkins.util.io.PathRemover.removeOrMakeRemovableThenRemove(PathRemover.java:236)
		at jenkins.util.io.PathRemover.tryRemoveFile(PathRemover.java:202)
		at jenkins.util.io.PathRemover.tryRemoveRecursive(PathRemover.java:213)
		at jenkins.util.io.PathRemover.tryRemoveDirectoryContents(PathRemover.java:223)
		at jenkins.util.io.PathRemover.tryRemoveRecursive(PathRemover.java:212)
		at jenkins.util.io.PathRemover.tryRemoveDirectoryContents(PathRemover.java:223)
		at jenkins.util.io.PathRemover.tryRemoveRecursive(PathRemover.java:212)
		at jenkins.util.io.PathRemover.tryRemoveDirectoryContents(PathRemover.java:223)
		at jenkins.util.io.PathRemover.tryRemoveRecursive(PathRemover.java:212)
		at jenkins.util.io.PathRemover.tryRemoveDirectoryContents(PathRemover.java:223)
		at jenkins.util.io.PathRemover.tryRemoveRecursive(PathRemover.java:212)
		at jenkins.util.io.PathRemover.tryRemoveDirectoryContents(PathRemover.java:223)
		at jenkins.util.io.PathRemover.tryRemoveRecursive(PathRemover.java:212)
		at jenkins.util.io.PathRemover.tryRemoveDirectoryContents(PathRemover.java:223)
		at jenkins.util.io.PathRemover.tryRemoveRecursive(PathRemover.java:212)
		at jenkins.util.io.PathRemover.forceRemoveRecursive(PathRemover.java:93)
Also:   java.nio.file.FileSystemException: /home/indemind/.jenkins_slave/workspace/rubby-vislam-3566/parker_vislam_source/submodules/DepthModuleForRubby/config/cl_files/match.cl: 不允许的操作
		at java.base/sun.nio.fs.UnixException.translateToIOException(UnixException.java:100)
		at java.base/sun.nio.fs.UnixException.rethrowAsIOException(UnixException.java:111)
		at java.base/sun.nio.fs.UnixException.rethrowAsIOException(UnixException.java:116)
		at java.base/sun.nio.fs.UnixFileAttributeViews$Posix.setMode(UnixFileAttributeViews.java:254)
		at java.base/sun.nio.fs.UnixFileAttributeViews$Posix.setPermissions(UnixFileAttributeViews.java:276)
		at java.base/java.nio.file.Files.setPosixFilePermissions(Files.java:2080)
		at jenkins.util.io.PathRemover.makeWritable(PathRemover.java:283)
		at jenkins.util.io.PathRemover.makeRemovable(PathRemover.java:256)
		at jenkins.util.io.PathRemover.removeOrMakeRemovableThenRemove(PathRemover.java:236)
		at jenkins.util.io.PathRemover.tryRemoveFile(PathRemover.java:202)
		at jenkins.util.io.PathRemover.tryRemoveRecursive(PathRemover.java:213)
		at jenkins.util.io.PathRemover.tryRemoveDirectoryContents(PathRemover.java:223)
		at jenkins.util.io.PathRemover.tryRemoveRecursive(PathRemover.java:212)
		at jenkins.util.io.PathRemover.tryRemoveDirectoryContents(PathRemover.java:223)
		at jenkins.util.io.PathRemover.tryRemoveRecursive(PathRemover.java:212)
		at jenkins.util.io.PathRemover.tryRemoveDirectoryContents(PathRemover.java:223)
		at jenkins.util.io.PathRemover.tryRemoveRecursive(PathRemover.java:212)
		at jenkins.util.io.PathRemover.tryRemoveDirectoryContents(PathRemover.java:223)
		at jenkins.util.io.PathRemover.tryRemoveRecursive(PathRemover.java:212)
		at jenkins.util.io.PathRemover.tryRemoveDirectoryContents(PathRemover.java:223)
		at jenkins.util.io.PathRemover.tryRemoveRecursive(PathRemover.java:212)
		at jenkins.util.io.PathRemover.tryRemoveDirectoryContents(PathRemover.java:223)
		at jenkins.util.io.PathRemover.tryRemoveRecursive(PathRemover.java:212)
		at jenkins.util.io.PathRemover.forceRemoveRecursive(PathRemover.java:93)
Also:   java.nio.file.FileSystemException: /home/indemind/.jenkins_slave/workspace/rubby-vislam-3566/parker_vislam_source/submodules/DepthModuleForRubby/config/cl_files/cvf.cl: 不允许的操作
		at java.base/sun.nio.fs.UnixException.translateToIOException(UnixException.java:100)
		at java.base/sun.nio.fs.UnixException.rethrowAsIOException(UnixException.java:111)
		at java.base/sun.nio.fs.UnixException.rethrowAsIOException(UnixException.java:116)
		at java.base/sun.nio.fs.UnixFileAttributeViews$Posix.setMode(UnixFileAttributeViews.java:254)
		at java.base/sun.nio.fs.UnixFileAttributeViews$Posix.setPermissions(UnixFileAttributeViews.java:276)
		at java.base/java.nio.file.Files.setPosixFilePermissions(Files.java:2080)
		at jenkins.util.io.PathRemover.makeWritable(PathRemover.java:283)
		at jenkins.util.io.PathRemover.makeRemovable(PathRemover.java:256)
		at jenkins.util.io.PathRemover.removeOrMakeRemovableThenRemove(PathRemover.java:236)
		at jenkins.util.io.PathRemover.tryRemoveFile(PathRemover.java:202)
		at jenkins.util.io.PathRemover.tryRemoveRecursive(PathRemover.java:213)
		at jenkins.util.io.PathRemover.tryRemoveDirectoryContents(PathRemover.java:223)
		at jenkins.util.io.PathRemover.tryRemoveRecursive(PathRemover.java:212)
		at jenkins.util.io.PathRemover.tryRemoveDirectoryContents(PathRemover.java:223)
		at jenkins.util.io.PathRemover.tryRemoveRecursive(PathRemover.java:212)
		at jenkins.util.io.PathRemover.tryRemoveDirectoryContents(PathRemover.java:223)
		at jenkins.util.io.PathRemover.tryRemoveRecursive(PathRemover.java:212)
		at jenkins.util.io.PathRemover.tryRemoveDirectoryContents(PathRemover.java:223)
		at jenkins.util.io.PathRemover.tryRemoveRecursive(PathRemover.java:212)
		at jenkins.util.io.PathRemover.tryRemoveDirectoryContents(PathRemover.java:223)
		at jenkins.util.io.PathRemover.tryRemoveRecursive(PathRemover.java:212)
		at jenkins.util.io.PathRemover.tryRemoveDirectoryContents(PathRemover.java:223)
		at jenkins.util.io.PathRemover.tryRemoveRecursive(PathRemover.java:212)
		at jenkins.util.io.PathRemover.forceRemoveRecursive(PathRemover.java:93)
Also:   java.nio.file.FileSystemException: /home/indemind/.jenkins_slave/workspace/rubby-vislam-3566/parker_vislam_source/submodules/DepthModuleForRubby/config/cl_files/dispsel.cl: 不允许的操作
		at java.base/sun.nio.fs.UnixException.translateToIOException(UnixException.java:100)
		at java.base/sun.nio.fs.UnixException.rethrowAsIOException(UnixException.java:111)
		at java.base/sun.nio.fs.UnixException.rethrowAsIOException(UnixException.java:116)
		at java.base/sun.nio.fs.UnixFileAttributeViews$Posix.setMode(UnixFileAttributeViews.java:254)
		at java.base/sun.nio.fs.UnixFileAttributeViews$Posix.setPermissions(UnixFileAttributeViews.java:276)
		at java.base/java.nio.file.Files.setPosixFilePermissions(Files.java:2080)
		at jenkins.util.io.PathRemover.makeWritable(PathRemover.java:283)
		at jenkins.util.io.PathRemover.makeRemovable(PathRemover.java:256)
		at jenkins.util.io.PathRemover.removeOrMakeRemovableThenRemove(PathRemover.java:236)
		at jenkins.util.io.PathRemover.tryRemoveFile(PathRemover.java:202)
		at jenkins.util.io.PathRemover.tryRemoveRecursive(PathRemover.java:213)
		at jenkins.util.io.PathRemover.tryRemoveDirectoryContents(PathRemover.java:223)
		at jenkins.util.io.PathRemover.tryRemoveRecursive(PathRemover.java:212)
		at jenkins.util.io.PathRemover.tryRemoveDirectoryContents(PathRemover.java:223)
		at jenkins.util.io.PathRemover.tryRemoveRecursive(PathRemover.java:212)
		at jenkins.util.io.PathRemover.tryRemoveDirectoryContents(PathRemover.java:223)
		at jenkins.util.io.PathRemover.tryRemoveRecursive(PathRemover.java:212)
		at jenkins.util.io.PathRemover.tryRemoveDirectoryContents(PathRemover.java:223)
		at jenkins.util.io.PathRemover.tryRemoveRecursive(PathRemover.java:212)
		at jenkins.util.io.PathRemover.tryRemoveDirectoryContents(PathRemover.java:223)
		at jenkins.util.io.PathRemover.tryRemoveRecursive(PathRemover.java:212)
		at jenkins.util.io.PathRemover.tryRemoveDirectoryContents(PathRemover.java:223)
		at jenkins.util.io.PathRemover.tryRemoveRecursive(PathRemover.java:212)
		at jenkins.util.io.PathRemover.forceRemoveRecursive(PathRemover.java:93)
Also:   java.nio.file.FileSystemException: /home/indemind/.jenkins_slave/workspace/rubby-vislam-3566/parker_vislam_source/submodules/DepthModuleForRubby/config/cl_files/cvc.cl: 不允许的操作
		at java.base/sun.nio.fs.UnixException.translateToIOException(UnixException.java:100)
		at java.base/sun.nio.fs.UnixException.rethrowAsIOException(UnixException.java:111)
		at java.base/sun.nio.fs.UnixException.rethrowAsIOException(UnixException.java:116)
		at java.base/sun.nio.fs.UnixFileAttributeViews$Posix.setMode(UnixFileAttributeViews.java:254)
		at java.base/sun.nio.fs.UnixFileAttributeViews$Posix.setPermissions(UnixFileAttributeViews.java:276)
		at java.base/java.nio.file.Files.setPosixFilePermissions(Files.java:2080)
		at jenkins.util.io.PathRemover.makeWritable(PathRemover.java:283)
		at jenkins.util.io.PathRemover.makeRemovable(PathRemover.java:256)
		at jenkins.util.io.PathRemover.removeOrMakeRemovableThenRemove(PathRemover.java:236)
		at jenkins.util.io.PathRemover.tryRemoveFile(PathRemover.java:202)
		at jenkins.util.io.PathRemover.tryRemoveRecursive(PathRemover.java:213)
		at jenkins.util.io.PathRemover.tryRemoveDirectoryContents(PathRemover.java:223)
		at jenkins.util.io.PathRemover.tryRemoveRecursive(PathRemover.java:212)
		at jenkins.util.io.PathRemover.tryRemoveDirectoryContents(PathRemover.java:223)
		at jenkins.util.io.PathRemover.tryRemoveRecursive(PathRemover.java:212)
		at jenkins.util.io.PathRemover.tryRemoveDirectoryContents(PathRemover.java:223)
		at jenkins.util.io.PathRemover.tryRemoveRecursive(PathRemover.java:212)
		at jenkins.util.io.PathRemover.tryRemoveDirectoryContents(PathRemover.java:223)
		at jenkins.util.io.PathRemover.tryRemoveRecursive(PathRemover.java:212)
		at jenkins.util.io.PathRemover.tryRemoveDirectoryContents(PathRemover.java:223)
		at jenkins.util.io.PathRemover.tryRemoveRecursive(PathRemover.java:212)
		at jenkins.util.io.PathRemover.tryRemoveDirectoryContents(PathRemover.java:223)
		at jenkins.util.io.PathRemover.tryRemoveRecursive(PathRemover.java:212)
		at jenkins.util.io.PathRemover.forceRemoveRecursive(PathRemover.java:93)
Also:   java.nio.file.FileSystemException: /home/indemind/.jenkins_slave/workspace/rubby-vislam-3566/parker_vislam_source/submodules/DepthModuleForRubby/config/cl_files/preprocess.cl: 不允许的操作
		at java.base/sun.nio.fs.UnixException.translateToIOException(UnixException.java:100)
		at java.base/sun.nio.fs.UnixException.rethrowAsIOException(UnixException.java:111)
		at java.base/sun.nio.fs.UnixException.rethrowAsIOException(UnixException.java:116)
		at java.base/sun.nio.fs.UnixFileAttributeViews$Posix.setMode(UnixFileAttributeViews.java:254)
		at java.base/sun.nio.fs.UnixFileAttributeViews$Posix.setPermissions(UnixFileAttributeViews.java:276)
		at java.base/java.nio.file.Files.setPosixFilePermissions(Files.java:2080)
		at jenkins.util.io.PathRemover.makeWritable(PathRemover.java:283)
		at jenkins.util.io.PathRemover.makeRemovable(PathRemover.java:256)
		at jenkins.util.io.PathRemover.removeOrMakeRemovableThenRemove(PathRemover.java:236)
		at jenkins.util.io.PathRemover.tryRemoveFile(PathRemover.java:202)
		at jenkins.util.io.PathRemover.tryRemoveRecursive(PathRemover.java:213)
		at jenkins.util.io.PathRemover.tryRemoveDirectoryContents(PathRemover.java:223)
		at jenkins.util.io.PathRemover.tryRemoveRecursive(PathRemover.java:212)
		at jenkins.util.io.PathRemover.tryRemoveDirectoryContents(PathRemover.java:223)
		at jenkins.util.io.PathRemover.tryRemoveRecursive(PathRemover.java:212)
		at jenkins.util.io.PathRemover.tryRemoveDirectoryContents(PathRemover.java:223)
		at jenkins.util.io.PathRemover.tryRemoveRecursive(PathRemover.java:212)
		at jenkins.util.io.PathRemover.tryRemoveDirectoryContents(PathRemover.java:223)
		at jenkins.util.io.PathRemover.tryRemoveRecursive(PathRemover.java:212)
		at jenkins.util.io.PathRemover.tryRemoveDirectoryContents(PathRemover.java:223)
		at jenkins.util.io.PathRemover.tryRemoveRecursive(PathRemover.java:212)
		at jenkins.util.io.PathRemover.tryRemoveDirectoryContents(PathRemover.java:223)
		at jenkins.util.io.PathRemover.tryRemoveRecursive(PathRemover.java:212)
		at jenkins.util.io.PathRemover.forceRemoveRecursive(PathRemover.java:93)
Also:   java.nio.file.FileSystemException: /home/indemind/.jenkins_slave/workspace/rubby-vislam-3566/parker_vislam_source/submodules/DepthModuleForRubby/config/cl_files: 不允许的操作
		at java.base/sun.nio.fs.UnixException.translateToIOException(UnixException.java:100)
		at java.base/sun.nio.fs.UnixException.rethrowAsIOException(UnixException.java:111)
		at java.base/sun.nio.fs.UnixException.rethrowAsIOException(UnixException.java:116)
		at java.base/sun.nio.fs.UnixFileAttributeViews$Posix.setMode(UnixFileAttributeViews.java:254)
		at java.base/sun.nio.fs.UnixFileAttributeViews$Posix.setPermissions(UnixFileAttributeViews.java:276)
		at java.base/java.nio.file.Files.setPosixFilePermissions(Files.java:2080)
		at jenkins.util.io.PathRemover.makeWritable(PathRemover.java:283)
		at jenkins.util.io.PathRemover.makeRemovable(PathRemover.java:256)
		at jenkins.util.io.PathRemover.removeOrMakeRemovableThenRemove(PathRemover.java:236)
		at jenkins.util.io.PathRemover.tryRemoveFile(PathRemover.java:202)
		at jenkins.util.io.PathRemover.tryRemoveRecursive(PathRemover.java:213)
		at jenkins.util.io.PathRemover.tryRemoveDirectoryContents(PathRemover.java:223)
		at jenkins.util.io.PathRemover.tryRemoveRecursive(PathRemover.java:212)
		at jenkins.util.io.PathRemover.tryRemoveDirectoryContents(PathRemover.java:223)
		at jenkins.util.io.PathRemover.tryRemoveRecursive(PathRemover.java:212)
		at jenkins.util.io.PathRemover.tryRemoveDirectoryContents(PathRemover.java:223)
		at jenkins.util.io.PathRemover.tryRemoveRecursive(PathRemover.java:212)
		at jenkins.util.io.PathRemover.tryRemoveDirectoryContents(PathRemover.java:223)
		at jenkins.util.io.PathRemover.tryRemoveRecursive(PathRemover.java:212)
		at jenkins.util.io.PathRemover.tryRemoveDirectoryContents(PathRemover.java:223)
		at jenkins.util.io.PathRemover.tryRemoveRecursive(PathRemover.java:212)
		at jenkins.util.io.PathRemover.forceRemoveRecursive(PathRemover.java:93)
Also:   java.nio.file.FileSystemException: /home/indemind/.jenkins_slave/workspace/rubby-vislam-3566/parker_vislam_source/submodules/DepthModuleForRubby/config/test.yml: 不允许的操作
		at java.base/sun.nio.fs.UnixException.translateToIOException(UnixException.java:100)
		at java.base/sun.nio.fs.UnixException.rethrowAsIOException(UnixException.java:111)
		at java.base/sun.nio.fs.UnixException.rethrowAsIOException(UnixException.java:116)
		at java.base/sun.nio.fs.UnixFileAttributeViews$Posix.setMode(UnixFileAttributeViews.java:254)
		at java.base/sun.nio.fs.UnixFileAttributeViews$Posix.setPermissions(UnixFileAttributeViews.java:276)
		at java.base/java.nio.file.Files.setPosixFilePermissions(Files.java:2080)
		at jenkins.util.io.PathRemover.makeWritable(PathRemover.java:283)
		at jenkins.util.io.PathRemover.makeRemovable(PathRemover.java:256)
		at jenkins.util.io.PathRemover.removeOrMakeRemovableThenRemove(PathRemover.java:236)
		at jenkins.util.io.PathRemover.tryRemoveFile(PathRemover.java:202)
		at jenkins.util.io.PathRemover.tryRemoveRecursive(PathRemover.java:213)
		at jenkins.util.io.PathRemover.tryRemoveDirectoryContents(PathRemover.java:223)
		at jenkins.util.io.PathRemover.tryRemoveRecursive(PathRemover.java:212)
		at jenkins.util.io.PathRemover.tryRemoveDirectoryContents(PathRemover.java:223)
		at jenkins.util.io.PathRemover.tryRemoveRecursive(PathRemover.java:212)
		at jenkins.util.io.PathRemover.tryRemoveDirectoryContents(PathRemover.java:223)
		at jenkins.util.io.PathRemover.tryRemoveRecursive(PathRemover.java:212)
		at jenkins.util.io.PathRemover.tryRemoveDirectoryContents(PathRemover.java:223)
		at jenkins.util.io.PathRemover.tryRemoveRecursive(PathRemover.java:212)
		at jenkins.util.io.PathRemover.tryRemoveDirectoryContents(PathRemover.java:223)
		at jenkins.util.io.PathRemover.tryRemoveRecursive(PathRemover.java:212)
		at jenkins.util.io.PathRemover.forceRemoveRecursive(PathRemover.java:93)
Also:   hudson.remoting.Channel$CallSiteStackTrace: Remote call to 191
		at hudson.remoting.Channel.attachCallSiteStackTrace(Channel.java:1784)
		at hudson.remoting.UserRequest$ExceptionResponse.retrieve(UserRequest.java:356)
		at hudson.remoting.Channel.call(Channel.java:1000)
		at hudson.FilePath.act(FilePath.java:1186)
		at hudson.FilePath.act(FilePath.java:1175)
		at hudson.FilePath.deleteRecursive(FilePath.java:1428)
		at hudson.model.WorkspaceCleanupThread.execute(WorkspaceCleanupThread.java:94)
		at hudson.model.AsyncPeriodicWork.lambda$doRun$0(AsyncPeriodicWork.java:102)
		at java.base/java.lang.Thread.run(Thread.java:829)
jenkins.util.io.CompositeIOException: Unable to delete '/home/indemind/.jenkins_slave/workspace/rubby-vislam-3566'. Tried 3 times (of a maximum of 3) waiting 0.1 sec between attempts. (Discarded 4576 additional exceptions)
	at jenkins.util.io.PathRemover.forceRemoveRecursive(PathRemover.java:96)
	at hudson.Util.deleteRecursive(Util.java:320)
	at hudson.FilePath$DeleteRecursive.invoke(FilePath.java:1436)
	at hudson.FilePath$DeleteRecursive.invoke(FilePath.java:1431)
	at hudson.FilePath$FileCallableWrapper.call(FilePath.java:3492)
	at hudson.remoting.UserRequest.perform(UserRequest.java:211)
	at hudson.remoting.UserRequest.perform(UserRequest.java:54)
	at hudson.remoting.Request$2.run(Request.java:377)
	at hudson.remoting.InterceptingExecutorService.lambda$wrap$0(InterceptingExecutorService.java:78)
	at java.base/java.util.concurrent.FutureTask.run(FutureTask.java:264)
	at java.base/java.util.concurrent.ThreadPoolExecutor.runWorker(ThreadPoolExecutor.java:1128)
	at java.base/java.util.concurrent.ThreadPoolExecutor$Worker.run(ThreadPoolExecutor.java:628)
	at java.base/java.lang.Thread.run(Thread.java:834)
Checking rubby-vislam-zhangs-3566
Checking rubby405-depth
Checking rubby405-embeded
Checking rubby405-ros
Deleting /home/indemind/.jenkins_slave/workspace/rubby405-ros on 191
ERROR: Failed to delete /home/indemind/.jenkins_slave/workspace/rubby405-ros on 191
Also:   java.nio.file.FileSystemException: /home/indemind/.jenkins_slave/workspace/rubby405-ros/rubbynav/.git/modules/module/planning/description: 不允许的操作
		at java.base/sun.nio.fs.UnixException.translateToIOException(UnixException.java:100)
		at java.base/sun.nio.fs.UnixException.rethrowAsIOException(UnixException.java:111)
		at java.base/sun.nio.fs.UnixException.rethrowAsIOException(UnixException.java:116)
		at java.base/sun.nio.fs.UnixFileAttributeViews$Posix.setMode(UnixFileAttributeViews.java:254)
		at java.base/sun.nio.fs.UnixFileAttributeViews$Posix.setPermissions(UnixFileAttributeViews.java:276)
		at java.base/java.nio.file.Files.setPosixFilePermissions(Files.java:2080)
		at jenkins.util.io.PathRemover.makeWritable(PathRemover.java:283)
		at jenkins.util.io.PathRemover.makeRemovable(PathRemover.java:256)
		at jenkins.util.io.PathRemover.removeOrMakeRemovableThenRemove(PathRemover.java:236)
		at jenkins.util.io.PathRemover.tryRemoveFile(PathRemover.java:202)
		at jenkins.util.io.PathRemover.tryRemoveRecursive(PathRemover.java:213)
		at jenkins.util.io.PathRemover.tryRemoveDirectoryContents(PathRemover.java:223)
		at jenkins.util.io.PathRemover.tryRemoveRecursive(PathRemover.java:212)
		at jenkins.util.io.PathRemover.tryRemoveDirectoryContents(PathRemover.java:223)
		at jenkins.util.io.PathRemover.tryRemoveRecursive(PathRemover.java:212)
		at jenkins.util.io.PathRemover.tryRemoveDirectoryContents(PathRemover.java:223)
		at jenkins.util.io.PathRemover.tryRemoveRecursive(PathRemover.java:212)
		at jenkins.util.io.PathRemover.tryRemoveDirectoryContents(PathRemover.java:223)
		at jenkins.util.io.PathRemover.tryRemoveRecursive(PathRemover.java:212)
		at jenkins.util.io.PathRemover.tryRemoveDirectoryContents(PathRemover.java:223)
		at jenkins.util.io.PathRemover.tryRemoveRecursive(PathRemover.java:212)
		at jenkins.util.io.PathRemover.tryRemoveDirectoryContents(PathRemover.java:223)
		at jenkins.util.io.PathRemover.tryRemoveRecursive(PathRemover.java:212)
		at jenkins.util.io.PathRemover.forceRemoveRecursive(PathRemover.java:93)
Also:   java.nio.file.FileSystemException: /home/indemind/.jenkins_slave/workspace/rubby405-ros/rubbynav/.git/modules/module/planning/config: 不允许的操作
		at java.base/sun.nio.fs.UnixException.translateToIOException(UnixException.java:100)
		at java.base/sun.nio.fs.UnixException.rethrowAsIOException(UnixException.java:111)
		at java.base/sun.nio.fs.UnixException.rethrowAsIOException(UnixException.java:116)
		at java.base/sun.nio.fs.UnixFileAttributeViews$Posix.setMode(UnixFileAttributeViews.java:254)
		at java.base/sun.nio.fs.UnixFileAttributeViews$Posix.setPermissions(UnixFileAttributeViews.java:276)
		at java.base/java.nio.file.Files.setPosixFilePermissions(Files.java:2080)
		at jenkins.util.io.PathRemover.makeWritable(PathRemover.java:283)
		at jenkins.util.io.PathRemover.makeRemovable(PathRemover.java:256)
		at jenkins.util.io.PathRemover.removeOrMakeRemovableThenRemove(PathRemover.java:236)
		at jenkins.util.io.PathRemover.tryRemoveFile(PathRemover.java:202)
		at jenkins.util.io.PathRemover.tryRemoveRecursive(PathRemover.java:213)
		at jenkins.util.io.PathRemover.tryRemoveDirectoryContents(PathRemover.java:223)
		at jenkins.util.io.PathRemover.tryRemoveRecursive(PathRemover.java:212)
		at jenkins.util.io.PathRemover.tryRemoveDirectoryContents(PathRemover.java:223)
		at jenkins.util.io.PathRemover.tryRemoveRecursive(PathRemover.java:212)
		at jenkins.util.io.PathRemover.tryRemoveDirectoryContents(PathRemover.java:223)
		at jenkins.util.io.PathRemover.tryRemoveRecursive(PathRemover.java:212)
		at jenkins.util.io.PathRemover.tryRemoveDirectoryContents(PathRemover.java:223)
		at jenkins.util.io.PathRemover.tryRemoveRecursive(PathRemover.java:212)
		at jenkins.util.io.PathRemover.tryRemoveDirectoryContents(PathRemover.java:223)
		at jenkins.util.io.PathRemover.tryRemoveRecursive(PathRemover.java:212)
		at jenkins.util.io.PathRemover.tryRemoveDirectoryContents(PathRemover.java:223)
		at jenkins.util.io.PathRemover.tryRemoveRecursive(PathRemover.java:212)
		at jenkins.util.io.PathRemover.forceRemoveRecursive(PathRemover.java:93)
Also:   java.nio.file.FileSystemException: /home/indemind/.jenkins_slave/workspace/rubby405-ros/rubbynav/.git/modules/module/planning/logs/HEAD: 不允许的操作
		at java.base/sun.nio.fs.UnixException.translateToIOException(UnixException.java:100)
		at java.base/sun.nio.fs.UnixException.rethrowAsIOException(UnixException.java:111)
		at java.base/sun.nio.fs.UnixException.rethrowAsIOException(UnixException.java:116)
		at java.base/sun.nio.fs.UnixFileAttributeViews$Posix.setMode(UnixFileAttributeViews.java:254)
		at java.base/sun.nio.fs.UnixFileAttributeViews$Posix.setPermissions(UnixFileAttributeViews.java:276)
		at java.base/java.nio.file.Files.setPosixFilePermissions(Files.java:2080)
		at jenkins.util.io.PathRemover.makeWritable(PathRemover.java:283)
		at jenkins.util.io.PathRemover.makeRemovable(PathRemover.java:256)
		at jenkins.util.io.PathRemover.removeOrMakeRemovableThenRemove(PathRemover.java:236)
		at jenkins.util.io.PathRemover.tryRemoveFile(PathRemover.java:202)
		at jenkins.util.io.PathRemover.tryRemoveRecursive(PathRemover.java:213)
		at jenkins.util.io.PathRemover.tryRemoveDirectoryContents(PathRemover.java:223)
		at jenkins.util.io.PathRemover.tryRemoveRecursive(PathRemover.java:212)
		at jenkins.util.io.PathRemover.tryRemoveDirectoryContents(PathRemover.java:223)
		at jenkins.util.io.PathRemover.tryRemoveRecursive(PathRemover.java:212)
		at jenkins.util.io.PathRemover.tryRemoveDirectoryContents(PathRemover.java:223)
		at jenkins.util.io.PathRemover.tryRemoveRecursive(PathRemover.java:212)
		at jenkins.util.io.PathRemover.tryRemoveDirectoryContents(PathRemover.java:223)
		at jenkins.util.io.PathRemover.tryRemoveRecursive(PathRemover.java:212)
		at jenkins.util.io.PathRemover.tryRemoveDirectoryContents(PathRemover.java:223)
		at jenkins.util.io.PathRemover.tryRemoveRecursive(PathRemover.java:212)
		at jenkins.util.io.PathRemover.tryRemoveDirectoryContents(PathRemover.java:223)
		at jenkins.util.io.PathRemover.tryRemoveRecursive(PathRemover.java:212)
		at jenkins.util.io.PathRemover.tryRemoveDirectoryContents(PathRemover.java:223)
		at jenkins.util.io.PathRemover.tryRemoveRecursive(PathRemover.java:212)
		at jenkins.util.io.PathRemover.forceRemoveRecursive(PathRemover.java:93)
Also:   java.nio.file.FileSystemException: /home/indemind/.jenkins_slave/workspace/rubby405-ros/rubbynav/.git/modules/module/planning/logs/refs/heads/master: 不允许的操作
		at java.base/sun.nio.fs.UnixException.translateToIOException(UnixException.java:100)
		at java.base/sun.nio.fs.UnixException.rethrowAsIOException(UnixException.java:111)
		at java.base/sun.nio.fs.UnixException.rethrowAsIOException(UnixException.java:116)
		at java.base/sun.nio.fs.UnixFileAttributeViews$Posix.setMode(UnixFileAttributeViews.java:254)
		at java.base/sun.nio.fs.UnixFileAttributeViews$Posix.setPermissions(UnixFileAttributeViews.java:276)
		at java.base/java.nio.file.Files.setPosixFilePermissions(Files.java:2080)
		at jenkins.util.io.PathRemover.makeWritable(PathRemover.java:283)
		at jenkins.util.io.PathRemover.makeRemovable(PathRemover.java:256)
		at jenkins.util.io.PathRemover.removeOrMakeRemovableThenRemove(PathRemover.java:236)
		at jenkins.util.io.PathRemover.tryRemoveFile(PathRemover.java:202)
		at jenkins.util.io.PathRemover.tryRemoveRecursive(PathRemover.java:213)
		at jenkins.util.io.PathRemover.tryRemoveDirectoryContents(PathRemover.java:223)
		at jenkins.util.io.PathRemover.tryRemoveRecursive(PathRemover.java:212)
		at jenkins.util.io.PathRemover.tryRemoveDirectoryContents(PathRemover.java:223)
		at jenkins.util.io.PathRemover.tryRemoveRecursive(PathRemover.java:212)
		at jenkins.util.io.PathRemover.tryRemoveDirectoryContents(PathRemover.java:223)
		at jenkins.util.io.PathRemover.tryRemoveRecursive(PathRemover.java:212)
		at jenkins.util.io.PathRemover.tryRemoveDirectoryContents(PathRemover.java:223)
		at jenkins.util.io.PathRemover.tryRemoveRecursive(PathRemover.java:212)
		at jenkins.util.io.PathRemover.tryRemoveDirectoryContents(PathRemover.java:223)
		at jenkins.util.io.PathRemover.tryRemoveRecursive(PathRemover.java:212)
		at jenkins.util.io.PathRemover.tryRemoveDirectoryContents(PathRemover.java:223)
		at jenkins.util.io.PathRemover.tryRemoveRecursive(PathRemover.java:212)
		at jenkins.util.io.PathRemover.tryRemoveDirectoryContents(PathRemover.java:223)
		at jenkins.util.io.PathRemover.tryRemoveRecursive(PathRemover.java:212)
		at jenkins.util.io.PathRemover.tryRemoveDirectoryContents(PathRemover.java:223)
		at jenkins.util.io.PathRemover.tryRemoveRecursive(PathRemover.java:212)
		at jenkins.util.io.PathRemover.tryRemoveDirectoryContents(PathRemover.java:223)
		at jenkins.util.io.PathRemover.tryRemoveRecursive(PathRemover.java:212)
		at jenkins.util.io.PathRemover.forceRemoveRecursive(PathRemover.java:93)
Also:   java.nio.file.FileSystemException: /home/indemind/.jenkins_slave/workspace/rubby405-ros/rubbynav/.git/modules/module/planning/logs/refs/heads: 不允许的操作
		at java.base/sun.nio.fs.UnixException.translateToIOException(UnixException.java:100)
		at java.base/sun.nio.fs.UnixException.rethrowAsIOException(UnixException.java:111)
		at java.base/sun.nio.fs.UnixException.rethrowAsIOException(UnixException.java:116)
		at java.base/sun.nio.fs.UnixFileAttributeViews$Posix.setMode(UnixFileAttributeViews.java:254)
		at java.base/sun.nio.fs.UnixFileAttributeViews$Posix.setPermissions(UnixFileAttributeViews.java:276)
		at java.base/java.nio.file.Files.setPosixFilePermissions(Files.java:2080)
		at jenkins.util.io.PathRemover.makeWritable(PathRemover.java:283)
		at jenkins.util.io.PathRemover.makeRemovable(PathRemover.java:256)
		at jenkins.util.io.PathRemover.removeOrMakeRemovableThenRemove(PathRemover.java:236)
		at jenkins.util.io.PathRemover.tryRemoveFile(PathRemover.java:202)
		at jenkins.util.io.PathRemover.tryRemoveRecursive(PathRemover.java:213)
		at jenkins.util.io.PathRemover.tryRemoveDirectoryContents(PathRemover.java:223)
		at jenkins.util.io.PathRemover.tryRemoveRecursive(PathRemover.java:212)
		at jenkins.util.io.PathRemover.tryRemoveDirectoryContents(PathRemover.java:223)
		at jenkins.util.io.PathRemover.tryRemoveRecursive(PathRemover.java:212)
		at jenkins.util.io.PathRemover.tryRemoveDirectoryContents(PathRemover.java:223)
		at jenkins.util.io.PathRemover.tryRemoveRecursive(PathRemover.java:212)
		at jenkins.util.io.PathRemover.tryRemoveDirectoryContents(PathRemover.java:223)
		at jenkins.util.io.PathRemover.tryRemoveRecursive(PathRemover.java:212)
		at jenkins.util.io.PathRemover.tryRemoveDirectoryContents(PathRemover.java:223)
		at jenkins.util.io.PathRemover.tryRemoveRecursive(PathRemover.java:212)
		at jenkins.util.io.PathRemover.tryRemoveDirectoryContents(PathRemover.java:223)
		at jenkins.util.io.PathRemover.tryRemoveRecursive(PathRemover.java:212)
		at jenkins.util.io.PathRemover.tryRemoveDirectoryContents(PathRemover.java:223)
		at jenkins.util.io.PathRemover.tryRemoveRecursive(PathRemover.java:212)
		at jenkins.util.io.PathRemover.tryRemoveDirectoryContents(PathRemover.java:223)
		at jenkins.util.io.PathRemover.tryRemoveRecursive(PathRemover.java:212)
		at jenkins.util.io.PathRemover.forceRemoveRecursive(PathRemover.java:93)
Also:   java.nio.file.FileSystemException: /home/indemind/.jenkins_slave/workspace/rubby405-ros/rubbynav/.git/modules/module/planning/logs/refs/remotes/origin/HEAD: 不允许的操作
		at java.base/sun.nio.fs.UnixException.translateToIOException(UnixException.java:100)
		at java.base/sun.nio.fs.UnixException.rethrowAsIOException(UnixException.java:111)
		at java.base/sun.nio.fs.UnixException.rethrowAsIOException(UnixException.java:116)
		at java.base/sun.nio.fs.UnixFileAttributeViews$Posix.setMode(UnixFileAttributeViews.java:254)
		at java.base/sun.nio.fs.UnixFileAttributeViews$Posix.setPermissions(UnixFileAttributeViews.java:276)
		at java.base/java.nio.file.Files.setPosixFilePermissions(Files.java:2080)
		at jenkins.util.io.PathRemover.makeWritable(PathRemover.java:283)
		at jenkins.util.io.PathRemover.makeRemovable(PathRemover.java:256)
		at jenkins.util.io.PathRemover.removeOrMakeRemovableThenRemove(PathRemover.java:236)
		at jenkins.util.io.PathRemover.tryRemoveFile(PathRemover.java:202)
		at jenkins.util.io.PathRemover.tryRemoveRecursive(PathRemover.java:213)
		at jenkins.util.io.PathRemover.tryRemoveDirectoryContents(PathRemover.java:223)
		at jenkins.util.io.PathRemover.tryRemoveRecursive(PathRemover.java:212)
		at jenkins.util.io.PathRemover.tryRemoveDirectoryContents(PathRemover.java:223)
		at jenkins.util.io.PathRemover.tryRemoveRecursive(PathRemover.java:212)
		at jenkins.util.io.PathRemover.tryRemoveDirectoryContents(PathRemover.java:223)
		at jenkins.util.io.PathRemover.tryRemoveRecursive(PathRemover.java:212)
		at jenkins.util.io.PathRemover.tryRemoveDirectoryContents(PathRemover.java:223)
		at jenkins.util.io.PathRemover.tryRemoveRecursive(PathRemover.java:212)
		at jenkins.util.io.PathRemover.tryRemoveDirectoryContents(PathRemover.java:223)
		at jenkins.util.io.PathRemover.tryRemoveRecursive(PathRemover.java:212)
		at jenkins.util.io.PathRemover.tryRemoveDirectoryContents(PathRemover.java:223)
		at jenkins.util.io.PathRemover.tryRemoveRecursive(PathRemover.java:212)
		at jenkins.util.io.PathRemover.tryRemoveDirectoryContents(PathRemover.java:223)
		at jenkins.util.io.PathRemover.tryRemoveRecursive(PathRemover.java:212)
		at jenkins.util.io.PathRemover.tryRemoveDirectoryContents(PathRemover.java:223)
		at jenkins.util.io.PathRemover.tryRemoveRecursive(PathRemover.java:212)
		at jenkins.util.io.PathRemover.tryRemoveDirectoryContents(PathRemover.java:223)
		at jenkins.util.io.PathRemover.tryRemoveRecursive(PathRemover.java:212)
		at jenkins.util.io.PathRemover.tryRemoveDirectoryContents(PathRemover.java:223)
		at jenkins.util.io.PathRemover.tryRemoveRecursive(PathRemover.java:212)
		at jenkins.util.io.PathRemover.forceRemoveRecursive(PathRemover.java:93)
Also:   java.nio.file.FileSystemException: /home/indemind/.jenkins_slave/workspace/rubby405-ros/rubbynav/.git/modules/module/planning/logs/refs/remotes/origin: 不允许的操作
		at java.base/sun.nio.fs.UnixException.translateToIOException(UnixException.java:100)
		at java.base/sun.nio.fs.UnixException.rethrowAsIOException(UnixException.java:111)
		at java.base/sun.nio.fs.UnixException.rethrowAsIOException(UnixException.java:116)
		at java.base/sun.nio.fs.UnixFileAttributeViews$Posix.setMode(UnixFileAttributeViews.java:254)
		at java.base/sun.nio.fs.UnixFileAttributeViews$Posix.setPermissions(UnixFileAttributeViews.java:276)
		at java.base/java.nio.file.Files.setPosixFilePermissions(Files.java:2080)
		at jenkins.util.io.PathRemover.makeWritable(PathRemover.java:283)
		at jenkins.util.io.PathRemover.makeRemovable(PathRemover.java:256)
		at jenkins.util.io.PathRemover.removeOrMakeRemovableThenRemove(PathRemover.java:236)
		at jenkins.util.io.PathRemover.tryRemoveFile(PathRemover.java:202)
		at jenkins.util.io.PathRemover.tryRemoveRecursive(PathRemover.java:213)
		at jenkins.util.io.PathRemover.tryRemoveDirectoryContents(PathRemover.java:223)
		at jenkins.util.io.PathRemover.tryRemoveRecursive(PathRemover.java:212)
		at jenkins.util.io.PathRemover.tryRemoveDirectoryContents(PathRemover.java:223)
		at jenkins.util.io.PathRemover.tryRemoveRecursive(PathRemover.java:212)
		at jenkins.util.io.PathRemover.tryRemoveDirectoryContents(PathRemover.java:223)
		at jenkins.util.io.PathRemover.tryRemoveRecursive(PathRemover.java:212)
		at jenkins.util.io.PathRemover.tryRemoveDirectoryContents(PathRemover.java:223)
		at jenkins.util.io.PathRemover.tryRemoveRecursive(PathRemover.java:212)
		at jenkins.util.io.PathRemover.tryRemoveDirectoryContents(PathRemover.java:223)
		at jenkins.util.io.PathRemover.tryRemoveRecursive(PathRemover.java:212)
		at jenkins.util.io.PathRemover.tryRemoveDirectoryContents(PathRemover.java:223)
		at jenkins.util.io.PathRemover.tryRemoveRecursive(PathRemover.java:212)
		at jenkins.util.io.PathRemover.tryRemoveDirectoryContents(PathRemover.java:223)
		at jenkins.util.io.PathRemover.tryRemoveRecursive(PathRemover.java:212)
		at jenkins.util.io.PathRemover.tryRemoveDirectoryContents(PathRemover.java:223)
		at jenkins.util.io.PathRemover.tryRemoveRecursive(PathRemover.java:212)
		at jenkins.util.io.PathRemover.tryRemoveDirectoryContents(PathRemover.java:223)
		at jenkins.util.io.PathRemover.tryRemoveRecursive(PathRemover.java:212)
		at jenkins.util.io.PathRemover.forceRemoveRecursive(PathRemover.java:93)
Also:   java.nio.file.FileSystemException: /home/indemind/.jenkins_slave/workspace/rubby405-ros/rubbynav/.git/modules/module/planning/logs/refs/remotes: 不允许的操作
		at java.base/sun.nio.fs.UnixException.translateToIOException(UnixException.java:100)
		at java.base/sun.nio.fs.UnixException.rethrowAsIOException(UnixException.java:111)
		at java.base/sun.nio.fs.UnixException.rethrowAsIOException(UnixException.java:116)
		at java.base/sun.nio.fs.UnixFileAttributeViews$Posix.setMode(UnixFileAttributeViews.java:254)
		at java.base/sun.nio.fs.UnixFileAttributeViews$Posix.setPermissions(UnixFileAttributeViews.java:276)
		at java.base/java.nio.file.Files.setPosixFilePermissions(Files.java:2080)
		at jenkins.util.io.PathRemover.makeWritable(PathRemover.java:283)
		at jenkins.util.io.PathRemover.makeRemovable(PathRemover.java:256)
		at jenkins.util.io.PathRemover.removeOrMakeRemovableThenRemove(PathRemover.java:236)
		at jenkins.util.io.PathRemover.tryRemoveFile(PathRemover.java:202)
		at jenkins.util.io.PathRemover.tryRemoveRecursive(PathRemover.java:213)
		at jenkins.util.io.PathRemover.tryRemoveDirectoryContents(PathRemover.java:223)
		at jenkins.util.io.PathRemover.tryRemoveRecursive(PathRemover.java:212)
		at jenkins.util.io.PathRemover.tryRemoveDirectoryContents(PathRemover.java:223)
		at jenkins.util.io.PathRemover.tryRemoveRecursive(PathRemover.java:212)
		at jenkins.util.io.PathRemover.tryRemoveDirectoryContents(PathRemover.java:223)
		at jenkins.util.io.PathRemover.tryRemoveRecursive(PathRemover.java:212)
		at jenkins.util.io.PathRemover.tryRemoveDirectoryContents(PathRemover.java:223)
		at jenkins.util.io.PathRemover.tryRemoveRecursive(PathRemover.java:212)
		at jenkins.util.io.PathRemover.tryRemoveDirectoryContents(PathRemover.java:223)
		at jenkins.util.io.PathRemover.tryRemoveRecursive(PathRemover.java:212)
		at jenkins.util.io.PathRemover.tryRemoveDirectoryContents(PathRemover.java:223)
		at jenkins.util.io.PathRemover.tryRemoveRecursive(PathRemover.java:212)
		at jenkins.util.io.PathRemover.tryRemoveDirectoryContents(PathRemover.java:223)
		at jenkins.util.io.PathRemover.tryRemoveRecursive(PathRemover.java:212)
		at jenkins.util.io.PathRemover.tryRemoveDirectoryContents(PathRemover.java:223)
		at jenkins.util.io.PathRemover.tryRemoveRecursive(PathRemover.java:212)
		at jenkins.util.io.PathRemover.forceRemoveRecursive(PathRemover.java:93)
Also:   java.nio.file.FileSystemException: /home/indemind/.jenkins_slave/workspace/rubby405-ros/rubbynav/.git/modules/module/planning/logs/refs: 不允许的操作
		at java.base/sun.nio.fs.UnixException.translateToIOException(UnixException.java:100)
		at java.base/sun.nio.fs.UnixException.rethrowAsIOException(UnixException.java:111)
		at java.base/sun.nio.fs.UnixException.rethrowAsIOException(UnixException.java:116)
		at java.base/sun.nio.fs.UnixFileAttributeViews$Posix.setMode(UnixFileAttributeViews.java:254)
		at java.base/sun.nio.fs.UnixFileAttributeViews$Posix.setPermissions(UnixFileAttributeViews.java:276)
		at java.base/java.nio.file.Files.setPosixFilePermissions(Files.java:2080)
		at jenkins.util.io.PathRemover.makeWritable(PathRemover.java:283)
		at jenkins.util.io.PathRemover.makeRemovable(PathRemover.java:256)
		at jenkins.util.io.PathRemover.removeOrMakeRemovableThenRemove(PathRemover.java:236)
		at jenkins.util.io.PathRemover.tryRemoveFile(PathRemover.java:202)
		at jenkins.util.io.PathRemover.tryRemoveRecursive(PathRemover.java:213)
		at jenkins.util.io.PathRemover.tryRemoveDirectoryContents(PathRemover.java:223)
		at jenkins.util.io.PathRemover.tryRemoveRecursive(PathRemover.java:212)
		at jenkins.util.io.PathRemover.tryRemoveDirectoryContents(PathRemover.java:223)
		at jenkins.util.io.PathRemover.tryRemoveRecursive(PathRemover.java:212)
		at jenkins.util.io.PathRemover.tryRemoveDirectoryContents(PathRemover.java:223)
		at jenkins.util.io.PathRemover.tryRemoveRecursive(PathRemover.java:212)
		at jenkins.util.io.PathRemover.tryRemoveDirectoryContents(PathRemover.java:223)
		at jenkins.util.io.PathRemover.tryRemoveRecursive(PathRemover.java:212)
		at jenkins.util.io.PathRemover.tryRemoveDirectoryContents(PathRemover.java:223)
		at jenkins.util.io.PathRemover.tryRemoveRecursive(PathRemover.java:212)
		at jenkins.util.io.PathRemover.tryRemoveDirectoryContents(PathRemover.java:223)
		at jenkins.util.io.PathRemover.tryRemoveRecursive(PathRemover.java:212)
		at jenkins.util.io.PathRemover.tryRemoveDirectoryContents(PathRemover.java:223)
		at jenkins.util.io.PathRemover.tryRemoveRecursive(PathRemover.java:212)
		at jenkins.util.io.PathRemover.forceRemoveRecursive(PathRemover.java:93)
Also:   java.nio.file.FileSystemException: /home/indemind/.jenkins_slave/workspace/rubby405-ros/rubbynav/.git/modules/module/planning/logs: 不允许的操作
		at java.base/sun.nio.fs.UnixException.translateToIOException(UnixException.java:100)
		at java.base/sun.nio.fs.UnixException.rethrowAsIOException(UnixException.java:111)
		at java.base/sun.nio.fs.UnixException.rethrowAsIOException(UnixException.java:116)
		at java.base/sun.nio.fs.UnixFileAttributeViews$Posix.setMode(UnixFileAttributeViews.java:254)
		at java.base/sun.nio.fs.UnixFileAttributeViews$Posix.setPermissions(UnixFileAttributeViews.java:276)
		at java.base/java.nio.file.Files.setPosixFilePermissions(Files.java:2080)
		at jenkins.util.io.PathRemover.makeWritable(PathRemover.java:283)
		at jenkins.util.io.PathRemover.makeRemovable(PathRemover.java:256)
		at jenkins.util.io.PathRemover.removeOrMakeRemovableThenRemove(PathRemover.java:236)
		at jenkins.util.io.PathRemover.tryRemoveFile(PathRemover.java:202)
		at jenkins.util.io.PathRemover.tryRemoveRecursive(PathRemover.java:213)
		at jenkins.util.io.PathRemover.tryRemoveDirectoryContents(PathRemover.java:223)
		at jenkins.util.io.PathRemover.tryRemoveRecursive(PathRemover.java:212)
		at jenkins.util.io.PathRemover.tryRemoveDirectoryContents(PathRemover.java:223)
		at jenkins.util.io.PathRemover.tryRemoveRecursive(PathRemover.java:212)
		at jenkins.util.io.PathRemover.tryRemoveDirectoryContents(PathRemover.java:223)
		at jenkins.util.io.PathRemover.tryRemoveRecursive(PathRemover.java:212)
		at jenkins.util.io.PathRemover.tryRemoveDirectoryContents(PathRemover.java:223)
		at jenkins.util.io.PathRemover.tryRemoveRecursive(PathRemover.java:212)
		at jenkins.util.io.PathRemover.tryRemoveDirectoryContents(PathRemover.java:223)
		at jenkins.util.io.PathRemover.tryRemoveRecursive(PathRemover.java:212)
		at jenkins.util.io.PathRemover.tryRemoveDirectoryContents(PathRemover.java:223)
		at jenkins.util.io.PathRemover.tryRemoveRecursive(PathRemover.java:212)
		at jenkins.util.io.PathRemover.forceRemoveRecursive(PathRemover.java:93)
Also:   hudson.remoting.Channel$CallSiteStackTrace: Remote call to 191
		at hudson.remoting.Channel.attachCallSiteStackTrace(Channel.java:1784)
		at hudson.remoting.UserRequest$ExceptionResponse.retrieve(UserRequest.java:356)
		at hudson.remoting.Channel.call(Channel.java:1000)
		at hudson.FilePath.act(FilePath.java:1186)
		at hudson.FilePath.act(FilePath.java:1175)
		at hudson.FilePath.deleteRecursive(FilePath.java:1428)
		at hudson.model.WorkspaceCleanupThread.execute(WorkspaceCleanupThread.java:94)
		at hudson.model.AsyncPeriodicWork.lambda$doRun$0(AsyncPeriodicWork.java:102)
		at java.base/java.lang.Thread.run(Thread.java:829)
jenkins.util.io.CompositeIOException: Unable to delete '/home/indemind/.jenkins_slave/workspace/rubby405-ros'. Tried 3 times (of a maximum of 3) waiting 0.1 sec between attempts. (Discarded 766 additional exceptions)
	at jenkins.util.io.PathRemover.forceRemoveRecursive(PathRemover.java:96)
	at hudson.Util.deleteRecursive(Util.java:320)
	at hudson.FilePath$DeleteRecursive.invoke(FilePath.java:1436)
	at hudson.FilePath$DeleteRecursive.invoke(FilePath.java:1431)
	at hudson.FilePath$FileCallableWrapper.call(FilePath.java:3492)
	at hudson.remoting.UserRequest.perform(UserRequest.java:211)
	at hudson.remoting.UserRequest.perform(UserRequest.java:54)
	at hudson.remoting.Request$2.run(Request.java:377)
	at hudson.remoting.InterceptingExecutorService.lambda$wrap$0(InterceptingExecutorService.java:78)
	at java.base/java.util.concurrent.FutureTask.run(FutureTask.java:264)
	at java.base/java.util.concurrent.ThreadPoolExecutor.runWorker(ThreadPoolExecutor.java:1128)
	at java.base/java.util.concurrent.ThreadPoolExecutor$Worker.run(ThreadPoolExecutor.java:628)
	at java.base/java.lang.Thread.run(Thread.java:834)
Checking rubby405-sdk
Checking rubby405_app
Checking rubby_app
Checking rubby_dritdetect-slam-3566
Deleting /home/indemind/.jenkins_slave/workspace/rubby_dritdetect-slam-3566 on 191
ERROR: Failed to delete /home/indemind/.jenkins_slave/workspace/rubby_dritdetect-slam-3566 on 191
Also:   java.nio.file.FileSystemException: /home/indemind/.jenkins_slave/workspace/rubby_dritdetect-slam-3566/rubby_dirtdetect_source/lib/libdirt_detect.so.2.0.6: 不允许的操作
		at java.base/sun.nio.fs.UnixException.translateToIOException(UnixException.java:100)
		at java.base/sun.nio.fs.UnixException.rethrowAsIOException(UnixException.java:111)
		at java.base/sun.nio.fs.UnixException.rethrowAsIOException(UnixException.java:116)
		at java.base/sun.nio.fs.UnixFileAttributeViews$Posix.setMode(UnixFileAttributeViews.java:254)
		at java.base/sun.nio.fs.UnixFileAttributeViews$Posix.setPermissions(UnixFileAttributeViews.java:276)
		at java.base/java.nio.file.Files.setPosixFilePermissions(Files.java:2080)
		at jenkins.util.io.PathRemover.makeWritable(PathRemover.java:283)
		at jenkins.util.io.PathRemover.makeRemovable(PathRemover.java:256)
		at jenkins.util.io.PathRemover.removeOrMakeRemovableThenRemove(PathRemover.java:236)
		at jenkins.util.io.PathRemover.tryRemoveFile(PathRemover.java:202)
		at jenkins.util.io.PathRemover.tryRemoveRecursive(PathRemover.java:213)
		at jenkins.util.io.PathRemover.tryRemoveDirectoryContents(PathRemover.java:223)
		at jenkins.util.io.PathRemover.tryRemoveRecursive(PathRemover.java:212)
		at jenkins.util.io.PathRemover.tryRemoveDirectoryContents(PathRemover.java:223)
		at jenkins.util.io.PathRemover.tryRemoveRecursive(PathRemover.java:212)
		at jenkins.util.io.PathRemover.tryRemoveDirectoryContents(PathRemover.java:223)
		at jenkins.util.io.PathRemover.tryRemoveRecursive(PathRemover.java:212)
		at jenkins.util.io.PathRemover.forceRemoveRecursive(PathRemover.java:93)
Also:   java.nio.file.FileSystemException: /home/indemind/.jenkins_slave/workspace/rubby_dritdetect-slam-3566/rubby_dirtdetect_source/lib/libdirt_detect_plugin.so: 不允许的操作
		at java.base/sun.nio.fs.UnixException.translateToIOException(UnixException.java:100)
		at java.base/sun.nio.fs.UnixException.rethrowAsIOException(UnixException.java:111)
		at java.base/sun.nio.fs.UnixException.rethrowAsIOException(UnixException.java:116)
		at java.base/sun.nio.fs.UnixFileAttributeViews$Posix.setMode(UnixFileAttributeViews.java:254)
		at java.base/sun.nio.fs.UnixFileAttributeViews$Posix.setPermissions(UnixFileAttributeViews.java:276)
		at java.base/java.nio.file.Files.setPosixFilePermissions(Files.java:2080)
		at jenkins.util.io.PathRemover.makeWritable(PathRemover.java:283)
		at jenkins.util.io.PathRemover.makeRemovable(PathRemover.java:256)
		at jenkins.util.io.PathRemover.removeOrMakeRemovableThenRemove(PathRemover.java:236)
		at jenkins.util.io.PathRemover.tryRemoveFile(PathRemover.java:202)
		at jenkins.util.io.PathRemover.tryRemoveRecursive(PathRemover.java:213)
		at jenkins.util.io.PathRemover.tryRemoveDirectoryContents(PathRemover.java:223)
		at jenkins.util.io.PathRemover.tryRemoveRecursive(PathRemover.java:212)
		at jenkins.util.io.PathRemover.tryRemoveDirectoryContents(PathRemover.java:223)
		at jenkins.util.io.PathRemover.tryRemoveRecursive(PathRemover.java:212)
		at jenkins.util.io.PathRemover.tryRemoveDirectoryContents(PathRemover.java:223)
		at jenkins.util.io.PathRemover.tryRemoveRecursive(PathRemover.java:212)
		at jenkins.util.io.PathRemover.forceRemoveRecursive(PathRemover.java:93)
Also:   java.nio.file.FileSystemException: /home/indemind/.jenkins_slave/workspace/rubby_dritdetect-slam-3566/rubby_dirtdetect_source/lib/libdirt_detect.so: 不允许的操作
		at java.base/sun.nio.fs.UnixException.translateToIOException(UnixException.java:100)
		at java.base/sun.nio.fs.UnixException.rethrowAsIOException(UnixException.java:111)
		at java.base/sun.nio.fs.UnixException.rethrowAsIOException(UnixException.java:116)
		at java.base/sun.nio.fs.UnixFileAttributeViews$Posix.setMode(UnixFileAttributeViews.java:254)
		at java.base/sun.nio.fs.UnixFileAttributeViews$Posix.setPermissions(UnixFileAttributeViews.java:276)
		at java.base/java.nio.file.Files.setPosixFilePermissions(Files.java:2080)
		at jenkins.util.io.PathRemover.makeWritable(PathRemover.java:283)
		at jenkins.util.io.PathRemover.makeRemovable(PathRemover.java:256)
		at jenkins.util.io.PathRemover.removeOrMakeRemovableThenRemove(PathRemover.java:236)
		at jenkins.util.io.PathRemover.tryRemoveFile(PathRemover.java:202)
		at jenkins.util.io.PathRemover.tryRemoveRecursive(PathRemover.java:213)
		at jenkins.util.io.PathRemover.tryRemoveDirectoryContents(PathRemover.java:223)
		at jenkins.util.io.PathRemover.tryRemoveRecursive(PathRemover.java:212)
		at jenkins.util.io.PathRemover.tryRemoveDirectoryContents(PathRemover.java:223)
		at jenkins.util.io.PathRemover.tryRemoveRecursive(PathRemover.java:212)
		at jenkins.util.io.PathRemover.tryRemoveDirectoryContents(PathRemover.java:223)
		at jenkins.util.io.PathRemover.tryRemoveRecursive(PathRemover.java:212)
		at jenkins.util.io.PathRemover.forceRemoveRecursive(PathRemover.java:93)
Also:   java.nio.file.FileSystemException: /home/indemind/.jenkins_slave/workspace/rubby_dritdetect-slam-3566/rubby_dirtdetect_source/lib: 不允许的操作
		at java.base/sun.nio.fs.UnixException.translateToIOException(UnixException.java:100)
		at java.base/sun.nio.fs.UnixException.rethrowAsIOException(UnixException.java:111)
		at java.base/sun.nio.fs.UnixException.rethrowAsIOException(UnixException.java:116)
		at java.base/sun.nio.fs.UnixFileAttributeViews$Posix.setMode(UnixFileAttributeViews.java:254)
		at java.base/sun.nio.fs.UnixFileAttributeViews$Posix.setPermissions(UnixFileAttributeViews.java:276)
		at java.base/java.nio.file.Files.setPosixFilePermissions(Files.java:2080)
		at jenkins.util.io.PathRemover.makeWritable(PathRemover.java:283)
		at jenkins.util.io.PathRemover.makeRemovable(PathRemover.java:256)
		at jenkins.util.io.PathRemover.removeOrMakeRemovableThenRemove(PathRemover.java:236)
		at jenkins.util.io.PathRemover.tryRemoveFile(PathRemover.java:202)
		at jenkins.util.io.PathRemover.tryRemoveRecursive(PathRemover.java:213)
		at jenkins.util.io.PathRemover.tryRemoveDirectoryContents(PathRemover.java:223)
		at jenkins.util.io.PathRemover.tryRemoveRecursive(PathRemover.java:212)
		at jenkins.util.io.PathRemover.tryRemoveDirectoryContents(PathRemover.java:223)
		at jenkins.util.io.PathRemover.tryRemoveRecursive(PathRemover.java:212)
		at jenkins.util.io.PathRemover.forceRemoveRecursive(PathRemover.java:93)
Also:   java.nio.file.FileSystemException: /home/indemind/.jenkins_slave/workspace/rubby_dritdetect-slam-3566/rubby_dirtdetect_source/install/dirt_detect/config/dirty_region.yml: 不允许的操作
		at java.base/sun.nio.fs.UnixException.translateToIOException(UnixException.java:100)
		at java.base/sun.nio.fs.UnixException.rethrowAsIOException(UnixException.java:111)
		at java.base/sun.nio.fs.UnixException.rethrowAsIOException(UnixException.java:116)
		at java.base/sun.nio.fs.UnixFileAttributeViews$Posix.setMode(UnixFileAttributeViews.java:254)
		at java.base/sun.nio.fs.UnixFileAttributeViews$Posix.setPermissions(UnixFileAttributeViews.java:276)
		at java.base/java.nio.file.Files.setPosixFilePermissions(Files.java:2080)
		at jenkins.util.io.PathRemover.makeWritable(PathRemover.java:283)
		at jenkins.util.io.PathRemover.makeRemovable(PathRemover.java:256)
		at jenkins.util.io.PathRemover.removeOrMakeRemovableThenRemove(PathRemover.java:236)
		at jenkins.util.io.PathRemover.tryRemoveFile(PathRemover.java:202)
		at jenkins.util.io.PathRemover.tryRemoveRecursive(PathRemover.java:213)
		at jenkins.util.io.PathRemover.tryRemoveDirectoryContents(PathRemover.java:223)
		at jenkins.util.io.PathRemover.tryRemoveRecursive(PathRemover.java:212)
		at jenkins.util.io.PathRemover.tryRemoveDirectoryContents(PathRemover.java:223)
		at jenkins.util.io.PathRemover.tryRemoveRecursive(PathRemover.java:212)
		at jenkins.util.io.PathRemover.tryRemoveDirectoryContents(PathRemover.java:223)
		at jenkins.util.io.PathRemover.tryRemoveRecursive(PathRemover.java:212)
		at jenkins.util.io.PathRemover.tryRemoveDirectoryContents(PathRemover.java:223)
		at jenkins.util.io.PathRemover.tryRemoveRecursive(PathRemover.java:212)
		at jenkins.util.io.PathRemover.tryRemoveDirectoryContents(PathRemover.java:223)
		at jenkins.util.io.PathRemover.tryRemoveRecursive(PathRemover.java:212)
		at jenkins.util.io.PathRemover.forceRemoveRecursive(PathRemover.java:93)
Also:   java.nio.file.FileSystemException: /home/indemind/.jenkins_slave/workspace/rubby_dritdetect-slam-3566/rubby_dirtdetect_source/install/dirt_detect/config/cfg.yml: 不允许的操作
		at java.base/sun.nio.fs.UnixException.translateToIOException(UnixException.java:100)
		at java.base/sun.nio.fs.UnixException.rethrowAsIOException(UnixException.java:111)
		at java.base/sun.nio.fs.UnixException.rethrowAsIOException(UnixException.java:116)
		at java.base/sun.nio.fs.UnixFileAttributeViews$Posix.setMode(UnixFileAttributeViews.java:254)
		at java.base/sun.nio.fs.UnixFileAttributeViews$Posix.setPermissions(UnixFileAttributeViews.java:276)
		at java.base/java.nio.file.Files.setPosixFilePermissions(Files.java:2080)
		at jenkins.util.io.PathRemover.makeWritable(PathRemover.java:283)
		at jenkins.util.io.PathRemover.makeRemovable(PathRemover.java:256)
		at jenkins.util.io.PathRemover.removeOrMakeRemovableThenRemove(PathRemover.java:236)
		at jenkins.util.io.PathRemover.tryRemoveFile(PathRemover.java:202)
		at jenkins.util.io.PathRemover.tryRemoveRecursive(PathRemover.java:213)
		at jenkins.util.io.PathRemover.tryRemoveDirectoryContents(PathRemover.java:223)
		at jenkins.util.io.PathRemover.tryRemoveRecursive(PathRemover.java:212)
		at jenkins.util.io.PathRemover.tryRemoveDirectoryContents(PathRemover.java:223)
		at jenkins.util.io.PathRemover.tryRemoveRecursive(PathRemover.java:212)
		at jenkins.util.io.PathRemover.tryRemoveDirectoryContents(PathRemover.java:223)
		at jenkins.util.io.PathRemover.tryRemoveRecursive(PathRemover.java:212)
		at jenkins.util.io.PathRemover.tryRemoveDirectoryContents(PathRemover.java:223)
		at jenkins.util.io.PathRemover.tryRemoveRecursive(PathRemover.java:212)
		at jenkins.util.io.PathRemover.tryRemoveDirectoryContents(PathRemover.java:223)
		at jenkins.util.io.PathRemover.tryRemoveRecursive(PathRemover.java:212)
		at jenkins.util.io.PathRemover.forceRemoveRecursive(PathRemover.java:93)
Also:   java.nio.file.FileSystemException: /home/indemind/.jenkins_slave/workspace/rubby_dritdetect-slam-3566/rubby_dirtdetect_source/install/dirt_detect/config: 不允许的操作
		at java.base/sun.nio.fs.UnixException.translateToIOException(UnixException.java:100)
		at java.base/sun.nio.fs.UnixException.rethrowAsIOException(UnixException.java:111)
		at java.base/sun.nio.fs.UnixException.rethrowAsIOException(UnixException.java:116)
		at java.base/sun.nio.fs.UnixFileAttributeViews$Posix.setMode(UnixFileAttributeViews.java:254)
		at java.base/sun.nio.fs.UnixFileAttributeViews$Posix.setPermissions(UnixFileAttributeViews.java:276)
		at java.base/java.nio.file.Files.setPosixFilePermissions(Files.java:2080)
		at jenkins.util.io.PathRemover.makeWritable(PathRemover.java:283)
		at jenkins.util.io.PathRemover.makeRemovable(PathRemover.java:256)
		at jenkins.util.io.PathRemover.removeOrMakeRemovableThenRemove(PathRemover.java:236)
		at jenkins.util.io.PathRemover.tryRemoveFile(PathRemover.java:202)
		at jenkins.util.io.PathRemover.tryRemoveRecursive(PathRemover.java:213)
		at jenkins.util.io.PathRemover.tryRemoveDirectoryContents(PathRemover.java:223)
		at jenkins.util.io.PathRemover.tryRemoveRecursive(PathRemover.java:212)
		at jenkins.util.io.PathRemover.tryRemoveDirectoryContents(PathRemover.java:223)
		at jenkins.util.io.PathRemover.tryRemoveRecursive(PathRemover.java:212)
		at jenkins.util.io.PathRemover.tryRemoveDirectoryContents(PathRemover.java:223)
		at jenkins.util.io.PathRemover.tryRemoveRecursive(PathRemover.java:212)
		at jenkins.util.io.PathRemover.tryRemoveDirectoryContents(PathRemover.java:223)
		at jenkins.util.io.PathRemover.tryRemoveRecursive(PathRemover.java:212)
		at jenkins.util.io.PathRemover.forceRemoveRecursive(PathRemover.java:93)
Also:   java.nio.file.FileSystemException: /home/indemind/.jenkins_slave/workspace/rubby_dritdetect-slam-3566/rubby_dirtdetect_source/install/dirt_detect/lib/libdirt_detect.so.2.0.6: 不允许的操作
		at java.base/sun.nio.fs.UnixException.translateToIOException(UnixException.java:100)
		at java.base/sun.nio.fs.UnixException.rethrowAsIOException(UnixException.java:111)
		at java.base/sun.nio.fs.UnixException.rethrowAsIOException(UnixException.java:116)
		at java.base/sun.nio.fs.UnixFileAttributeViews$Posix.setMode(UnixFileAttributeViews.java:254)
		at java.base/sun.nio.fs.UnixFileAttributeViews$Posix.setPermissions(UnixFileAttributeViews.java:276)
		at java.base/java.nio.file.Files.setPosixFilePermissions(Files.java:2080)
		at jenkins.util.io.PathRemover.makeWritable(PathRemover.java:283)
		at jenkins.util.io.PathRemover.makeRemovable(PathRemover.java:256)
		at jenkins.util.io.PathRemover.removeOrMakeRemovableThenRemove(PathRemover.java:236)
		at jenkins.util.io.PathRemover.tryRemoveFile(PathRemover.java:202)
		at jenkins.util.io.PathRemover.tryRemoveRecursive(PathRemover.java:213)
		at jenkins.util.io.PathRemover.tryRemoveDirectoryContents(PathRemover.java:223)
		at jenkins.util.io.PathRemover.tryRemoveRecursive(PathRemover.java:212)
		at jenkins.util.io.PathRemover.tryRemoveDirectoryContents(PathRemover.java:223)
		at jenkins.util.io.PathRemover.tryRemoveRecursive(PathRemover.java:212)
		at jenkins.util.io.PathRemover.tryRemoveDirectoryContents(PathRemover.java:223)
		at jenkins.util.io.PathRemover.tryRemoveRecursive(PathRemover.java:212)
		at jenkins.util.io.PathRemover.tryRemoveDirectoryContents(PathRemover.java:223)
		at jenkins.util.io.PathRemover.tryRemoveRecursive(PathRemover.java:212)
		at jenkins.util.io.PathRemover.tryRemoveDirectoryContents(PathRemover.java:223)
		at jenkins.util.io.PathRemover.tryRemoveRecursive(PathRemover.java:212)
		at jenkins.util.io.PathRemover.forceRemoveRecursive(PathRemover.java:93)
Also:   java.nio.file.FileSystemException: /home/indemind/.jenkins_slave/workspace/rubby_dritdetect-slam-3566/rubby_dirtdetect_source/install/dirt_detect/lib/libdirt_detect_plugin.so: 不允许的操作
		at java.base/sun.nio.fs.UnixException.translateToIOException(UnixException.java:100)
		at java.base/sun.nio.fs.UnixException.rethrowAsIOException(UnixException.java:111)
		at java.base/sun.nio.fs.UnixException.rethrowAsIOException(UnixException.java:116)
		at java.base/sun.nio.fs.UnixFileAttributeViews$Posix.setMode(UnixFileAttributeViews.java:254)
		at java.base/sun.nio.fs.UnixFileAttributeViews$Posix.setPermissions(UnixFileAttributeViews.java:276)
		at java.base/java.nio.file.Files.setPosixFilePermissions(Files.java:2080)
		at jenkins.util.io.PathRemover.makeWritable(PathRemover.java:283)
		at jenkins.util.io.PathRemover.makeRemovable(PathRemover.java:256)
		at jenkins.util.io.PathRemover.removeOrMakeRemovableThenRemove(PathRemover.java:236)
		at jenkins.util.io.PathRemover.tryRemoveFile(PathRemover.java:202)
		at jenkins.util.io.PathRemover.tryRemoveRecursive(PathRemover.java:213)
		at jenkins.util.io.PathRemover.tryRemoveDirectoryContents(PathRemover.java:223)
		at jenkins.util.io.PathRemover.tryRemoveRecursive(PathRemover.java:212)
		at jenkins.util.io.PathRemover.tryRemoveDirectoryContents(PathRemover.java:223)
		at jenkins.util.io.PathRemover.tryRemoveRecursive(PathRemover.java:212)
		at jenkins.util.io.PathRemover.tryRemoveDirectoryContents(PathRemover.java:223)
		at jenkins.util.io.PathRemover.tryRemoveRecursive(PathRemover.java:212)
		at jenkins.util.io.PathRemover.tryRemoveDirectoryContents(PathRemover.java:223)
		at jenkins.util.io.PathRemover.tryRemoveRecursive(PathRemover.java:212)
		at jenkins.util.io.PathRemover.tryRemoveDirectoryContents(PathRemover.java:223)
		at jenkins.util.io.PathRemover.tryRemoveRecursive(PathRemover.java:212)
		at jenkins.util.io.PathRemover.forceRemoveRecursive(PathRemover.java:93)
Also:   java.nio.file.FileSystemException: /home/indemind/.jenkins_slave/workspace/rubby_dritdetect-slam-3566/rubby_dirtdetect_source/install/dirt_detect/lib/libdirt_detect.so: 不允许的操作
		at java.base/sun.nio.fs.UnixException.translateToIOException(UnixException.java:100)
		at java.base/sun.nio.fs.UnixException.rethrowAsIOException(UnixException.java:111)
		at java.base/sun.nio.fs.UnixException.rethrowAsIOException(UnixException.java:116)
		at java.base/sun.nio.fs.UnixFileAttributeViews$Posix.setMode(UnixFileAttributeViews.java:254)
		at java.base/sun.nio.fs.UnixFileAttributeViews$Posix.setPermissions(UnixFileAttributeViews.java:276)
		at java.base/java.nio.file.Files.setPosixFilePermissions(Files.java:2080)
		at jenkins.util.io.PathRemover.makeWritable(PathRemover.java:283)
		at jenkins.util.io.PathRemover.makeRemovable(PathRemover.java:256)
		at jenkins.util.io.PathRemover.removeOrMakeRemovableThenRemove(PathRemover.java:236)
		at jenkins.util.io.PathRemover.tryRemoveFile(PathRemover.java:202)
		at jenkins.util.io.PathRemover.tryRemoveRecursive(PathRemover.java:213)
		at jenkins.util.io.PathRemover.tryRemoveDirectoryContents(PathRemover.java:223)
		at jenkins.util.io.PathRemover.tryRemoveRecursive(PathRemover.java:212)
		at jenkins.util.io.PathRemover.tryRemoveDirectoryContents(PathRemover.java:223)
		at jenkins.util.io.PathRemover.tryRemoveRecursive(PathRemover.java:212)
		at jenkins.util.io.PathRemover.tryRemoveDirectoryContents(PathRemover.java:223)
		at jenkins.util.io.PathRemover.tryRemoveRecursive(PathRemover.java:212)
		at jenkins.util.io.PathRemover.tryRemoveDirectoryContents(PathRemover.java:223)
		at jenkins.util.io.PathRemover.tryRemoveRecursive(PathRemover.java:212)
		at jenkins.util.io.PathRemover.tryRemoveDirectoryContents(PathRemover.java:223)
		at jenkins.util.io.PathRemover.tryRemoveRecursive(PathRemover.java:212)
		at jenkins.util.io.PathRemover.forceRemoveRecursive(PathRemover.java:93)
Also:   hudson.remoting.Channel$CallSiteStackTrace: Remote call to 191
		at hudson.remoting.Channel.attachCallSiteStackTrace(Channel.java:1784)
		at hudson.remoting.UserRequest$ExceptionResponse.retrieve(UserRequest.java:356)
		at hudson.remoting.Channel.call(Channel.java:1000)
		at hudson.FilePath.act(FilePath.java:1186)
		at hudson.FilePath.act(FilePath.java:1175)
		at hudson.FilePath.deleteRecursive(FilePath.java:1428)
		at hudson.model.WorkspaceCleanupThread.execute(WorkspaceCleanupThread.java:94)
		at hudson.model.AsyncPeriodicWork.lambda$doRun$0(AsyncPeriodicWork.java:102)
		at java.base/java.lang.Thread.run(Thread.java:829)
jenkins.util.io.CompositeIOException: Unable to delete '/home/indemind/.jenkins_slave/workspace/rubby_dritdetect-slam-3566'. Tried 3 times (of a maximum of 3) waiting 0.1 sec between attempts. (Discarded 99 additional exceptions)
	at jenkins.util.io.PathRemover.forceRemoveRecursive(PathRemover.java:96)
	at hudson.Util.deleteRecursive(Util.java:320)
	at hudson.FilePath$DeleteRecursive.invoke(FilePath.java:1436)
	at hudson.FilePath$DeleteRecursive.invoke(FilePath.java:1431)
	at hudson.FilePath$FileCallableWrapper.call(FilePath.java:3492)
	at hudson.remoting.UserRequest.perform(UserRequest.java:211)
	at hudson.remoting.UserRequest.perform(UserRequest.java:54)
	at hudson.remoting.Request$2.run(Request.java:377)
	at hudson.remoting.InterceptingExecutorService.lambda$wrap$0(InterceptingExecutorService.java:78)
	at java.base/java.util.concurrent.FutureTask.run(FutureTask.java:264)
	at java.base/java.util.concurrent.ThreadPoolExecutor.runWorker(ThreadPoolExecutor.java:1128)
	at java.base/java.util.concurrent.ThreadPoolExecutor$Worker.run(ThreadPoolExecutor.java:628)
	at java.base/java.lang.Thread.run(Thread.java:834)
Checking rubby_ui_pc
Checking sdk_glog
Checking tally-embeded
Checking tally-ros
Checking tally-slam
Checking tally_app
Checking test
Checking test-3566
Checking test-gerry-ros-melodic
Checking test-parker-embeded
Checking test-rubby-sdk-3566
Deleting /home/indemind/.jenkins_slave/workspace/test-rubby-sdk-3566 on 191
ERROR: Failed to delete /home/indemind/.jenkins_slave/workspace/test-rubby-sdk-3566 on 191
Also:   java.nio.file.FileSystemException: /home/indemind/.jenkins_slave/workspace/test-rubby-sdk-3566/sdk_plubins/submodules/protocol/fbs/c2s.fbs: 不允许的操作
		at java.base/sun.nio.fs.UnixException.translateToIOException(UnixException.java:100)
		at java.base/sun.nio.fs.UnixException.rethrowAsIOException(UnixException.java:111)
		at java.base/sun.nio.fs.UnixException.rethrowAsIOException(UnixException.java:116)
		at java.base/sun.nio.fs.UnixFileAttributeViews$Posix.setMode(UnixFileAttributeViews.java:254)
		at java.base/sun.nio.fs.UnixFileAttributeViews$Posix.setPermissions(UnixFileAttributeViews.java:276)
		at java.base/java.nio.file.Files.setPosixFilePermissions(Files.java:2080)
		at jenkins.util.io.PathRemover.makeWritable(PathRemover.java:283)
		at jenkins.util.io.PathRemover.makeRemovable(PathRemover.java:256)
		at jenkins.util.io.PathRemover.removeOrMakeRemovableThenRemove(PathRemover.java:236)
		at jenkins.util.io.PathRemover.tryRemoveFile(PathRemover.java:202)
		at jenkins.util.io.PathRemover.tryRemoveRecursive(PathRemover.java:213)
		at jenkins.util.io.PathRemover.tryRemoveDirectoryContents(PathRemover.java:223)
		at jenkins.util.io.PathRemover.tryRemoveRecursive(PathRemover.java:212)
		at jenkins.util.io.PathRemover.tryRemoveDirectoryContents(PathRemover.java:223)
		at jenkins.util.io.PathRemover.tryRemoveRecursive(PathRemover.java:212)
		at jenkins.util.io.PathRemover.tryRemoveDirectoryContents(PathRemover.java:223)
		at jenkins.util.io.PathRemover.tryRemoveRecursive(PathRemover.java:212)
		at jenkins.util.io.PathRemover.tryRemoveDirectoryContents(PathRemover.java:223)
		at jenkins.util.io.PathRemover.tryRemoveRecursive(PathRemover.java:212)
		at jenkins.util.io.PathRemover.tryRemoveDirectoryContents(PathRemover.java:223)
		at jenkins.util.io.PathRemover.tryRemoveRecursive(PathRemover.java:212)
		at jenkins.util.io.PathRemover.forceRemoveRecursive(PathRemover.java:93)
Also:   java.nio.file.FileSystemException: /home/indemind/.jenkins_slave/workspace/test-rubby-sdk-3566/sdk_plubins/submodules/protocol/fbs/gen.sh: 不允许的操作
		at java.base/sun.nio.fs.UnixException.translateToIOException(UnixException.java:100)
		at java.base/sun.nio.fs.UnixException.rethrowAsIOException(UnixException.java:111)
		at java.base/sun.nio.fs.UnixException.rethrowAsIOException(UnixException.java:116)
		at java.base/sun.nio.fs.UnixFileAttributeViews$Posix.setMode(UnixFileAttributeViews.java:254)
		at java.base/sun.nio.fs.UnixFileAttributeViews$Posix.setPermissions(UnixFileAttributeViews.java:276)
		at java.base/java.nio.file.Files.setPosixFilePermissions(Files.java:2080)
		at jenkins.util.io.PathRemover.makeWritable(PathRemover.java:283)
		at jenkins.util.io.PathRemover.makeRemovable(PathRemover.java:256)
		at jenkins.util.io.PathRemover.removeOrMakeRemovableThenRemove(PathRemover.java:236)
		at jenkins.util.io.PathRemover.tryRemoveFile(PathRemover.java:202)
		at jenkins.util.io.PathRemover.tryRemoveRecursive(PathRemover.java:213)
		at jenkins.util.io.PathRemover.tryRemoveDirectoryContents(PathRemover.java:223)
		at jenkins.util.io.PathRemover.tryRemoveRecursive(PathRemover.java:212)
		at jenkins.util.io.PathRemover.tryRemoveDirectoryContents(PathRemover.java:223)
		at jenkins.util.io.PathRemover.tryRemoveRecursive(PathRemover.java:212)
		at jenkins.util.io.PathRemover.tryRemoveDirectoryContents(PathRemover.java:223)
		at jenkins.util.io.PathRemover.tryRemoveRecursive(PathRemover.java:212)
		at jenkins.util.io.PathRemover.tryRemoveDirectoryContents(PathRemover.java:223)
		at jenkins.util.io.PathRemover.tryRemoveRecursive(PathRemover.java:212)
		at jenkins.util.io.PathRemover.tryRemoveDirectoryContents(PathRemover.java:223)
		at jenkins.util.io.PathRemover.tryRemoveRecursive(PathRemover.java:212)
		at jenkins.util.io.PathRemover.forceRemoveRecursive(PathRemover.java:93)
Also:   java.nio.file.FileSystemException: /home/indemind/.jenkins_slave/workspace/test-rubby-sdk-3566/sdk_plubins/submodules/protocol/fbs/s2c.fbs: 不允许的操作
		at java.base/sun.nio.fs.UnixException.translateToIOException(UnixException.java:100)
		at java.base/sun.nio.fs.UnixException.rethrowAsIOException(UnixException.java:111)
		at java.base/sun.nio.fs.UnixException.rethrowAsIOException(UnixException.java:116)
		at java.base/sun.nio.fs.UnixFileAttributeViews$Posix.setMode(UnixFileAttributeViews.java:254)
		at java.base/sun.nio.fs.UnixFileAttributeViews$Posix.setPermissions(UnixFileAttributeViews.java:276)
		at java.base/java.nio.file.Files.setPosixFilePermissions(Files.java:2080)
		at jenkins.util.io.PathRemover.makeWritable(PathRemover.java:283)
		at jenkins.util.io.PathRemover.makeRemovable(PathRemover.java:256)
		at jenkins.util.io.PathRemover.removeOrMakeRemovableThenRemove(PathRemover.java:236)
		at jenkins.util.io.PathRemover.tryRemoveFile(PathRemover.java:202)
		at jenkins.util.io.PathRemover.tryRemoveRecursive(PathRemover.java:213)
		at jenkins.util.io.PathRemover.tryRemoveDirectoryContents(PathRemover.java:223)
		at jenkins.util.io.PathRemover.tryRemoveRecursive(PathRemover.java:212)
		at jenkins.util.io.PathRemover.tryRemoveDirectoryContents(PathRemover.java:223)
		at jenkins.util.io.PathRemover.tryRemoveRecursive(PathRemover.java:212)
		at jenkins.util.io.PathRemover.tryRemoveDirectoryContents(PathRemover.java:223)
		at jenkins.util.io.PathRemover.tryRemoveRecursive(PathRemover.java:212)
		at jenkins.util.io.PathRemover.tryRemoveDirectoryContents(PathRemover.java:223)
		at jenkins.util.io.PathRemover.tryRemoveRecursive(PathRemover.java:212)
		at jenkins.util.io.PathRemover.tryRemoveDirectoryContents(PathRemover.java:223)
		at jenkins.util.io.PathRemover.tryRemoveRecursive(PathRemover.java:212)
		at jenkins.util.io.PathRemover.forceRemoveRecursive(PathRemover.java:93)
Also:   java.nio.file.FileSystemException: /home/indemind/.jenkins_slave/workspace/test-rubby-sdk-3566/sdk_plubins/submodules/protocol/fbs/public.fbs: 不允许的操作
		at java.base/sun.nio.fs.UnixException.translateToIOException(UnixException.java:100)
		at java.base/sun.nio.fs.UnixException.rethrowAsIOException(UnixException.java:111)
		at java.base/sun.nio.fs.UnixException.rethrowAsIOException(UnixException.java:116)
		at java.base/sun.nio.fs.UnixFileAttributeViews$Posix.setMode(UnixFileAttributeViews.java:254)
		at java.base/sun.nio.fs.UnixFileAttributeViews$Posix.setPermissions(UnixFileAttributeViews.java:276)
		at java.base/java.nio.file.Files.setPosixFilePermissions(Files.java:2080)
		at jenkins.util.io.PathRemover.makeWritable(PathRemover.java:283)
		at jenkins.util.io.PathRemover.makeRemovable(PathRemover.java:256)
		at jenkins.util.io.PathRemover.removeOrMakeRemovableThenRemove(PathRemover.java:236)
		at jenkins.util.io.PathRemover.tryRemoveFile(PathRemover.java:202)
		at jenkins.util.io.PathRemover.tryRemoveRecursive(PathRemover.java:213)
		at jenkins.util.io.PathRemover.tryRemoveDirectoryContents(PathRemover.java:223)
		at jenkins.util.io.PathRemover.tryRemoveRecursive(PathRemover.java:212)
		at jenkins.util.io.PathRemover.tryRemoveDirectoryContents(PathRemover.java:223)
		at jenkins.util.io.PathRemover.tryRemoveRecursive(PathRemover.java:212)
		at jenkins.util.io.PathRemover.tryRemoveDirectoryContents(PathRemover.java:223)
		at jenkins.util.io.PathRemover.tryRemoveRecursive(PathRemover.java:212)
		at jenkins.util.io.PathRemover.tryRemoveDirectoryContents(PathRemover.java:223)
		at jenkins.util.io.PathRemover.tryRemoveRecursive(PathRemover.java:212)
		at jenkins.util.io.PathRemover.tryRemoveDirectoryContents(PathRemover.java:223)
		at jenkins.util.io.PathRemover.tryRemoveRecursive(PathRemover.java:212)
		at jenkins.util.io.PathRemover.forceRemoveRecursive(PathRemover.java:93)
Also:   java.nio.file.FileSystemException: /home/indemind/.jenkins_slave/workspace/test-rubby-sdk-3566/sdk_plubins/submodules/protocol/fbs: 不允许的操作
		at java.base/sun.nio.fs.UnixException.translateToIOException(UnixException.java:100)
		at java.base/sun.nio.fs.UnixException.rethrowAsIOException(UnixException.java:111)
		at java.base/sun.nio.fs.UnixException.rethrowAsIOException(UnixException.java:116)
		at java.base/sun.nio.fs.UnixFileAttributeViews$Posix.setMode(UnixFileAttributeViews.java:254)
		at java.base/sun.nio.fs.UnixFileAttributeViews$Posix.setPermissions(UnixFileAttributeViews.java:276)
		at java.base/java.nio.file.Files.setPosixFilePermissions(Files.java:2080)
		at jenkins.util.io.PathRemover.makeWritable(PathRemover.java:283)
		at jenkins.util.io.PathRemover.makeRemovable(PathRemover.java:256)
		at jenkins.util.io.PathRemover.removeOrMakeRemovableThenRemove(PathRemover.java:236)
		at jenkins.util.io.PathRemover.tryRemoveFile(PathRemover.java:202)
		at jenkins.util.io.PathRemover.tryRemoveRecursive(PathRemover.java:213)
		at jenkins.util.io.PathRemover.tryRemoveDirectoryContents(PathRemover.java:223)
		at jenkins.util.io.PathRemover.tryRemoveRecursive(PathRemover.java:212)
		at jenkins.util.io.PathRemover.tryRemoveDirectoryContents(PathRemover.java:223)
		at jenkins.util.io.PathRemover.tryRemoveRecursive(PathRemover.java:212)
		at jenkins.util.io.PathRemover.tryRemoveDirectoryContents(PathRemover.java:223)
		at jenkins.util.io.PathRemover.tryRemoveRecursive(PathRemover.java:212)
		at jenkins.util.io.PathRemover.tryRemoveDirectoryContents(PathRemover.java:223)
		at jenkins.util.io.PathRemover.tryRemoveRecursive(PathRemover.java:212)
		at jenkins.util.io.PathRemover.forceRemoveRecursive(PathRemover.java:93)
Also:   java.nio.file.FileSystemException: /home/indemind/.jenkins_slave/workspace/test-rubby-sdk-3566/sdk_plubins/submodules/protocol/generated/c2s_generated.h: 不允许的操作
		at java.base/sun.nio.fs.UnixException.translateToIOException(UnixException.java:100)
		at java.base/sun.nio.fs.UnixException.rethrowAsIOException(UnixException.java:111)
		at java.base/sun.nio.fs.UnixException.rethrowAsIOException(UnixException.java:116)
		at java.base/sun.nio.fs.UnixFileAttributeViews$Posix.setMode(UnixFileAttributeViews.java:254)
		at java.base/sun.nio.fs.UnixFileAttributeViews$Posix.setPermissions(UnixFileAttributeViews.java:276)
		at java.base/java.nio.file.Files.setPosixFilePermissions(Files.java:2080)
		at jenkins.util.io.PathRemover.makeWritable(PathRemover.java:283)
		at jenkins.util.io.PathRemover.makeRemovable(PathRemover.java:256)
		at jenkins.util.io.PathRemover.removeOrMakeRemovableThenRemove(PathRemover.java:236)
		at jenkins.util.io.PathRemover.tryRemoveFile(PathRemover.java:202)
		at jenkins.util.io.PathRemover.tryRemoveRecursive(PathRemover.java:213)
		at jenkins.util.io.PathRemover.tryRemoveDirectoryContents(PathRemover.java:223)
		at jenkins.util.io.PathRemover.tryRemoveRecursive(PathRemover.java:212)
		at jenkins.util.io.PathRemover.tryRemoveDirectoryContents(PathRemover.java:223)
		at jenkins.util.io.PathRemover.tryRemoveRecursive(PathRemover.java:212)
		at jenkins.util.io.PathRemover.tryRemoveDirectoryContents(PathRemover.java:223)
		at jenkins.util.io.PathRemover.tryRemoveRecursive(PathRemover.java:212)
		at jenkins.util.io.PathRemover.tryRemoveDirectoryContents(PathRemover.java:223)
		at jenkins.util.io.PathRemover.tryRemoveRecursive(PathRemover.java:212)
		at jenkins.util.io.PathRemover.tryRemoveDirectoryContents(PathRemover.java:223)
		at jenkins.util.io.PathRemover.tryRemoveRecursive(PathRemover.java:212)
		at jenkins.util.io.PathRemover.forceRemoveRecursive(PathRemover.java:93)
Also:   java.nio.file.FileSystemException: /home/indemind/.jenkins_slave/workspace/test-rubby-sdk-3566/sdk_plubins/submodules/protocol/generated/public_generated.h: 不允许的操作
		at java.base/sun.nio.fs.UnixException.translateToIOException(UnixException.java:100)
		at java.base/sun.nio.fs.UnixException.rethrowAsIOException(UnixException.java:111)
		at java.base/sun.nio.fs.UnixException.rethrowAsIOException(UnixException.java:116)
		at java.base/sun.nio.fs.UnixFileAttributeViews$Posix.setMode(UnixFileAttributeViews.java:254)
		at java.base/sun.nio.fs.UnixFileAttributeViews$Posix.setPermissions(UnixFileAttributeViews.java:276)
		at java.base/java.nio.file.Files.setPosixFilePermissions(Files.java:2080)
		at jenkins.util.io.PathRemover.makeWritable(PathRemover.java:283)
		at jenkins.util.io.PathRemover.makeRemovable(PathRemover.java:256)
		at jenkins.util.io.PathRemover.removeOrMakeRemovableThenRemove(PathRemover.java:236)
		at jenkins.util.io.PathRemover.tryRemoveFile(PathRemover.java:202)
		at jenkins.util.io.PathRemover.tryRemoveRecursive(PathRemover.java:213)
		at jenkins.util.io.PathRemover.tryRemoveDirectoryContents(PathRemover.java:223)
		at jenkins.util.io.PathRemover.tryRemoveRecursive(PathRemover.java:212)
		at jenkins.util.io.PathRemover.tryRemoveDirectoryContents(PathRemover.java:223)
		at jenkins.util.io.PathRemover.tryRemoveRecursive(PathRemover.java:212)
		at jenkins.util.io.PathRemover.tryRemoveDirectoryContents(PathRemover.java:223)
		at jenkins.util.io.PathRemover.tryRemoveRecursive(PathRemover.java:212)
		at jenkins.util.io.PathRemover.tryRemoveDirectoryContents(PathRemover.java:223)
		at jenkins.util.io.PathRemover.tryRemoveRecursive(PathRemover.java:212)
		at jenkins.util.io.PathRemover.tryRemoveDirectoryContents(PathRemover.java:223)
		at jenkins.util.io.PathRemover.tryRemoveRecursive(PathRemover.java:212)
		at jenkins.util.io.PathRemover.forceRemoveRecursive(PathRemover.java:93)
Also:   java.nio.file.FileSystemException: /home/indemind/.jenkins_slave/workspace/test-rubby-sdk-3566/sdk_plubins/submodules/protocol/generated/s2c_generated.h: 不允许的操作
		at java.base/sun.nio.fs.UnixException.translateToIOException(UnixException.java:100)
		at java.base/sun.nio.fs.UnixException.rethrowAsIOException(UnixException.java:111)
		at java.base/sun.nio.fs.UnixException.rethrowAsIOException(UnixException.java:116)
		at java.base/sun.nio.fs.UnixFileAttributeViews$Posix.setMode(UnixFileAttributeViews.java:254)
		at java.base/sun.nio.fs.UnixFileAttributeViews$Posix.setPermissions(UnixFileAttributeViews.java:276)
		at java.base/java.nio.file.Files.setPosixFilePermissions(Files.java:2080)
		at jenkins.util.io.PathRemover.makeWritable(PathRemover.java:283)
		at jenkins.util.io.PathRemover.makeRemovable(PathRemover.java:256)
		at jenkins.util.io.PathRemover.removeOrMakeRemovableThenRemove(PathRemover.java:236)
		at jenkins.util.io.PathRemover.tryRemoveFile(PathRemover.java:202)
		at jenkins.util.io.PathRemover.tryRemoveRecursive(PathRemover.java:213)
		at jenkins.util.io.PathRemover.tryRemoveDirectoryContents(PathRemover.java:223)
		at jenkins.util.io.PathRemover.tryRemoveRecursive(PathRemover.java:212)
		at jenkins.util.io.PathRemover.tryRemoveDirectoryContents(PathRemover.java:223)
		at jenkins.util.io.PathRemover.tryRemoveRecursive(PathRemover.java:212)
		at jenkins.util.io.PathRemover.tryRemoveDirectoryContents(PathRemover.java:223)
		at jenkins.util.io.PathRemover.tryRemoveRecursive(PathRemover.java:212)
		at jenkins.util.io.PathRemover.tryRemoveDirectoryContents(PathRemover.java:223)
		at jenkins.util.io.PathRemover.tryRemoveRecursive(PathRemover.java:212)
		at jenkins.util.io.PathRemover.tryRemoveDirectoryContents(PathRemover.java:223)
		at jenkins.util.io.PathRemover.tryRemoveRecursive(PathRemover.java:212)
		at jenkins.util.io.PathRemover.forceRemoveRecursive(PathRemover.java:93)
Also:   java.nio.file.FileSystemException: /home/indemind/.jenkins_slave/workspace/test-rubby-sdk-3566/sdk_plubins/submodules/protocol/generated: 不允许的操作
		at java.base/sun.nio.fs.UnixException.translateToIOException(UnixException.java:100)
		at java.base/sun.nio.fs.UnixException.rethrowAsIOException(UnixException.java:111)
		at java.base/sun.nio.fs.UnixException.rethrowAsIOException(UnixException.java:116)
		at java.base/sun.nio.fs.UnixFileAttributeViews$Posix.setMode(UnixFileAttributeViews.java:254)
		at java.base/sun.nio.fs.UnixFileAttributeViews$Posix.setPermissions(UnixFileAttributeViews.java:276)
		at java.base/java.nio.file.Files.setPosixFilePermissions(Files.java:2080)
		at jenkins.util.io.PathRemover.makeWritable(PathRemover.java:283)
		at jenkins.util.io.PathRemover.makeRemovable(PathRemover.java:256)
		at jenkins.util.io.PathRemover.removeOrMakeRemovableThenRemove(PathRemover.java:236)
		at jenkins.util.io.PathRemover.tryRemoveFile(PathRemover.java:202)
		at jenkins.util.io.PathRemover.tryRemoveRecursive(PathRemover.java:213)
		at jenkins.util.io.PathRemover.tryRemoveDirectoryContents(PathRemover.java:223)
		at jenkins.util.io.PathRemover.tryRemoveRecursive(PathRemover.java:212)
		at jenkins.util.io.PathRemover.tryRemoveDirectoryContents(PathRemover.java:223)
		at jenkins.util.io.PathRemover.tryRemoveRecursive(PathRemover.java:212)
		at jenkins.util.io.PathRemover.tryRemoveDirectoryContents(PathRemover.java:223)
		at jenkins.util.io.PathRemover.tryRemoveRecursive(PathRemover.java:212)
		at jenkins.util.io.PathRemover.tryRemoveDirectoryContents(PathRemover.java:223)
		at jenkins.util.io.PathRemover.tryRemoveRecursive(PathRemover.java:212)
		at jenkins.util.io.PathRemover.forceRemoveRecursive(PathRemover.java:93)
Also:   	Also:   java.nio.file.DirectoryNotEmptyException: /home/indemind/.jenkins_slave/workspace/test-rubby-sdk-3566/sdk_plubins/submodules/protocol
			at java.base/sun.nio.fs.UnixFileSystemProvider.implDelete(UnixFileSystemProvider.java:247)
			at java.base/sun.nio.fs.AbstractFileSystemProvider.deleteIfExists(AbstractFileSystemProvider.java:110)
			at java.base/java.nio.file.Files.deleteIfExists(Files.java:1181)
			at jenkins.util.io.PathRemover.removeOrMakeRemovableThenRemove(PathRemover.java:234)
	Also:   java.nio.file.DirectoryNotEmptyException: /home/indemind/.jenkins_slave/workspace/test-rubby-sdk-3566/sdk_plubins/submodules/protocol
			at java.base/sun.nio.fs.UnixFileSystemProvider.implDelete(UnixFileSystemProvider.java:247)
			at java.base/sun.nio.fs.AbstractFileSystemProvider.deleteIfExists(AbstractFileSystemProvider.java:110)
			at java.base/java.nio.file.Files.deleteIfExists(Files.java:1181)
			at jenkins.util.io.PathRemover.removeOrMakeRemovableThenRemove(PathRemover.java:238)
jenkins.util.io.CompositeIOException: Unable to remove directory /home/indemind/.jenkins_slave/workspace/test-rubby-sdk-3566/sdk_plubins/submodules/protocol with directory contents: [/home/indemind/.jenkins_slave/workspace/test-rubby-sdk-3566/sdk_plubins/submodules/protocol/fbs, /home/indemind/.jenkins_slave/workspace/test-rubby-sdk-3566/sdk_plubins/submodules/protocol/generated]
		at jenkins.util.io.PathRemover.removeOrMakeRemovableThenRemove(PathRemover.java:247)
		at jenkins.util.io.PathRemover.tryRemoveFile(PathRemover.java:202)
		at jenkins.util.io.PathRemover.tryRemoveRecursive(PathRemover.java:213)
		at jenkins.util.io.PathRemover.tryRemoveDirectoryContents(PathRemover.java:223)
		at jenkins.util.io.PathRemover.tryRemoveRecursive(PathRemover.java:212)
		at jenkins.util.io.PathRemover.tryRemoveDirectoryContents(PathRemover.java:223)
		at jenkins.util.io.PathRemover.tryRemoveRecursive(PathRemover.java:212)
		at jenkins.util.io.PathRemover.tryRemoveDirectoryContents(PathRemover.java:223)
		at jenkins.util.io.PathRemover.tryRemoveRecursive(PathRemover.java:212)
		at jenkins.util.io.PathRemover.forceRemoveRecursive(PathRemover.java:93)
Also:   hudson.remoting.Channel$CallSiteStackTrace: Remote call to 191
		at hudson.remoting.Channel.attachCallSiteStackTrace(Channel.java:1784)
		at hudson.remoting.UserRequest$ExceptionResponse.retrieve(UserRequest.java:356)
		at hudson.remoting.Channel.call(Channel.java:1000)
		at hudson.FilePath.act(FilePath.java:1186)
		at hudson.FilePath.act(FilePath.java:1175)
		at hudson.FilePath.deleteRecursive(FilePath.java:1428)
		at hudson.model.WorkspaceCleanupThread.execute(WorkspaceCleanupThread.java:94)
		at hudson.model.AsyncPeriodicWork.lambda$doRun$0(AsyncPeriodicWork.java:102)
		at java.base/java.lang.Thread.run(Thread.java:829)
jenkins.util.io.CompositeIOException: Unable to delete '/home/indemind/.jenkins_slave/workspace/test-rubby-sdk-3566'. Tried 3 times (of a maximum of 3) waiting 0.1 sec between attempts. (Discarded 1323 additional exceptions)
	at jenkins.util.io.PathRemover.forceRemoveRecursive(PathRemover.java:96)
	at hudson.Util.deleteRecursive(Util.java:320)
	at hudson.FilePath$DeleteRecursive.invoke(FilePath.java:1436)
	at hudson.FilePath$DeleteRecursive.invoke(FilePath.java:1431)
	at hudson.FilePath$FileCallableWrapper.call(FilePath.java:3492)
	at hudson.remoting.UserRequest.perform(UserRequest.java:211)
	at hudson.remoting.UserRequest.perform(UserRequest.java:54)
	at hudson.remoting.Request$2.run(Request.java:377)
	at hudson.remoting.InterceptingExecutorService.lambda$wrap$0(InterceptingExecutorService.java:78)
	at java.base/java.util.concurrent.FutureTask.run(FutureTask.java:264)
	at java.base/java.util.concurrent.ThreadPoolExecutor.runWorker(ThreadPoolExecutor.java:1128)
	at java.base/java.util.concurrent.ThreadPoolExecutor$Worker.run(ThreadPoolExecutor.java:628)
	at java.base/java.lang.Thread.run(Thread.java:834)
Checking test1
Checking test2
Checking test_18r_g2-ros
Checking test_app
Checking test_control-planing-i18r-so-upload
Checking test_ui
Checking universal_platform_nav
Checking universal_platform_repid_deploy
Checking wiki-backup
Checking yunli_app
Finished at Sun Mar 02 22:40:09 GMT+08:00 2025. 62293ms
